# TF-Luna Live 3D Architectural Surface Mesh / AR Model

v 0.0000 0.0000 0.0000 0.000 0.784 0.941
v 0.0000 0.0000 0.1500 0.000 0.784 0.941
v 0.0000 0.0000 0.3000 0.000 0.784 0.941
v 0.0000 0.0000 0.4500 0.000 0.784 0.941
v 0.0000 0.0000 0.6000 0.000 0.784 0.941
v 0.0000 0.0000 0.7500 0.000 0.784 0.941
v 0.0000 0.0000 0.9000 0.000 0.784 0.941
v 0.0000 0.0000 1.0500 0.000 0.784 0.941
v 0.0000 0.0000 1.2000 0.000 0.784 0.941
v 0.0000 0.0000 1.3500 0.000 0.784 0.941
v 0.0000 0.0000 1.5000 0.000 0.784 0.941
v 0.0000 0.0000 1.6500 0.000 0.784 0.941
v 0.0000 0.0000 1.8000 0.000 0.784 0.941
v 0.0000 0.0000 1.9500 0.000 0.784 0.941
v 0.0000 0.0000 2.1000 0.000 0.784 0.941
v 0.0000 0.0000 2.2500 0.000 0.784 0.941
v 0.0000 0.0000 2.4000 0.000 0.784 0.941
v 0.0000 0.0000 2.5500 0.000 0.784 0.941
v 0.0000 0.0000 2.7000 0.000 0.784 0.941
v 0.0000 0.0000 2.8500 0.000 0.784 0.941
v 0.0000 0.0000 3.0000 0.000 0.784 0.941
v 0.1500 0.0000 0.0000 0.000 0.784 0.941
v 0.1500 0.0000 0.1500 0.000 0.784 0.941
v 0.1500 0.0000 0.3000 0.000 0.784 0.941
v 0.1500 0.0000 0.4500 0.000 0.784 0.941
v 0.1500 0.0000 0.6000 0.000 0.784 0.941
v 0.1500 0.0000 0.7500 0.000 0.784 0.941
v 0.1500 0.0000 0.9000 0.000 0.784 0.941
v 0.1500 0.0000 1.0500 0.000 0.784 0.941
v 0.1500 0.0000 1.2000 0.000 0.784 0.941
v 0.1500 0.0000 1.3500 0.000 0.784 0.941
v 0.1500 0.0000 1.5000 0.000 0.784 0.941
v 0.1500 0.0000 1.6500 0.000 0.784 0.941
v 0.1500 0.0000 1.8000 0.000 0.784 0.941
v 0.1500 0.0000 1.9500 0.000 0.784 0.941
v 0.1500 0.0000 2.1000 0.000 0.784 0.941
v 0.1500 0.0000 2.2500 0.000 0.784 0.941
v 0.1500 0.0000 2.4000 0.000 0.784 0.941
v 0.1500 0.0000 2.5500 0.000 0.784 0.941
v 0.1500 0.0000 2.7000 0.000 0.784 0.941
v 0.1500 0.0000 2.8500 0.000 0.784 0.941
v 0.1500 0.0000 3.0000 0.000 0.784 0.941
v 0.3000 0.0000 0.0000 0.000 0.784 0.941
v 0.3000 0.0000 0.1500 0.000 0.784 0.941
v 0.3000 0.0000 0.3000 0.000 0.784 0.941
v 0.3000 0.0000 0.4500 0.000 0.784 0.941
v 0.3000 0.0000 0.6000 0.000 0.784 0.941
v 0.3000 0.0000 0.7500 0.000 0.784 0.941
v 0.3000 0.0000 0.9000 0.000 0.784 0.941
v 0.3000 0.0000 1.0500 0.000 0.784 0.941
v 0.3000 0.0000 1.2000 0.000 0.784 0.941
v 0.3000 0.0000 1.3500 0.000 0.784 0.941
v 0.3000 0.0000 1.5000 0.000 0.784 0.941
v 0.3000 0.0000 1.6500 0.000 0.784 0.941
v 0.3000 0.0000 1.8000 0.000 0.784 0.941
v 0.3000 0.0000 1.9500 0.000 0.784 0.941
v 0.3000 0.0000 2.1000 0.000 0.784 0.941
v 0.3000 0.0000 2.2500 0.000 0.784 0.941
v 0.3000 0.0000 2.4000 0.000 0.784 0.941
v 0.3000 0.0000 2.5500 0.000 0.784 0.941
v 0.3000 0.0000 2.7000 0.000 0.784 0.941
v 0.3000 0.0000 2.8500 0.000 0.784 0.941
v 0.3000 0.0000 3.0000 0.000 0.784 0.941
v 0.4500 0.0000 0.0000 0.000 0.784 0.941
v 0.4500 0.0000 0.1500 0.000 0.784 0.941
v 0.4500 0.0000 0.3000 0.000 0.784 0.941
v 0.4500 0.0000 0.4500 0.000 0.784 0.941
v 0.4500 0.0000 0.6000 0.000 0.784 0.941
v 0.4500 0.0000 0.7500 0.000 0.784 0.941
v 0.4500 0.0000 0.9000 0.000 0.784 0.941
v 0.4500 0.0000 1.0500 0.000 0.784 0.941
v 0.4500 0.0000 1.2000 0.000 0.784 0.941
v 0.4500 0.0000 1.3500 0.000 0.784 0.941
v 0.4500 0.0000 1.5000 0.000 0.784 0.941
v 0.4500 0.0000 1.6500 0.000 0.784 0.941
v 0.4500 0.0000 1.8000 0.000 0.784 0.941
v 0.4500 0.0000 1.9500 0.000 0.784 0.941
v 0.4500 0.0000 2.1000 0.000 0.784 0.941
v 0.4500 0.0000 2.2500 0.000 0.784 0.941
v 0.4500 0.0000 2.4000 0.000 0.784 0.941
v 0.4500 0.0000 2.5500 0.000 0.784 0.941
v 0.4500 0.0000 2.7000 0.000 0.784 0.941
v 0.4500 0.0000 2.8500 0.000 0.784 0.941
v 0.4500 0.0000 3.0000 0.000 0.784 0.941
v 0.6000 0.0000 0.0000 0.000 0.784 0.941
v 0.6000 0.0000 0.1500 0.000 0.784 0.941
v 0.6000 0.0000 0.3000 0.000 0.784 0.941
v 0.6000 0.0000 0.4500 0.000 0.784 0.941
v 0.6000 0.0000 0.6000 0.000 0.784 0.941
v 0.6000 0.0000 0.7500 0.000 0.784 0.941
v 0.6000 0.0000 0.9000 0.000 0.784 0.941
v 0.6000 0.0000 1.0500 0.000 0.784 0.941
v 0.6000 0.0000 1.2000 0.000 0.784 0.941
v 0.6000 0.0000 1.3500 0.000 0.784 0.941
v 0.6000 0.0000 1.5000 0.000 0.784 0.941
v 0.6000 0.0000 1.6500 0.000 0.784 0.941
v 0.6000 0.0000 1.8000 0.000 0.784 0.941
v 0.6000 0.0000 1.9500 0.000 0.784 0.941
v 0.6000 0.0000 2.1000 0.000 0.784 0.941
v 0.6000 0.0000 2.2500 0.000 0.784 0.941
v 0.6000 0.0000 2.4000 0.000 0.784 0.941
v 0.6000 0.0000 2.5500 0.000 0.784 0.941
v 0.6000 0.0000 2.7000 0.000 0.784 0.941
v 0.6000 0.0000 2.8500 0.000 0.784 0.941
v 0.6000 0.0000 3.0000 0.000 0.784 0.941
v 0.7500 0.0000 0.0000 0.000 0.784 0.941
v 0.7500 0.0000 0.1500 0.000 0.784 0.941
v 0.7500 0.0000 0.3000 0.000 0.784 0.941
v 0.7500 0.0000 0.4500 0.000 0.784 0.941
v 0.7500 0.0000 0.6000 0.000 0.784 0.941
v 0.7500 0.0000 0.7500 0.000 0.784 0.941
v 0.7500 0.0000 0.9000 0.000 0.784 0.941
v 0.7500 0.0000 1.0500 0.000 0.784 0.941
v 0.7500 0.0000 1.2000 0.000 0.784 0.941
v 0.7500 0.0000 1.3500 0.000 0.784 0.941
v 0.7500 0.0000 1.5000 0.000 0.784 0.941
v 0.7500 0.0000 1.6500 0.000 0.784 0.941
v 0.7500 0.0000 1.8000 0.000 0.784 0.941
v 0.7500 0.0000 1.9500 0.000 0.784 0.941
v 0.7500 0.0000 2.1000 0.000 0.784 0.941
v 0.7500 0.0000 2.2500 0.000 0.784 0.941
v 0.7500 0.0000 2.4000 0.000 0.784 0.941
v 0.7500 0.0000 2.5500 0.000 0.784 0.941
v 0.7500 0.0000 2.7000 0.000 0.784 0.941
v 0.7500 0.0000 2.8500 0.000 0.784 0.941
v 0.7500 0.0000 3.0000 0.000 0.784 0.941
v 0.9000 0.0000 0.0000 0.000 0.784 0.941
v 0.9000 0.0000 0.1500 0.000 0.784 0.941
v 0.9000 0.0000 0.3000 0.000 0.784 0.941
v 0.9000 0.0000 0.4500 0.000 0.784 0.941
v 0.9000 0.0000 0.6000 0.000 0.784 0.941
v 0.9000 0.0000 0.7500 0.000 0.784 0.941
v 0.9000 0.0000 0.9000 0.000 0.784 0.941
v 0.9000 0.0000 1.0500 0.000 0.784 0.941
v 0.9000 0.0000 1.2000 0.000 0.784 0.941
v 0.9000 0.0000 1.3500 0.000 0.784 0.941
v 0.9000 0.0000 1.5000 0.000 0.784 0.941
v 0.9000 0.0000 1.6500 0.000 0.784 0.941
v 0.9000 0.0000 1.8000 0.000 0.784 0.941
v 0.9000 0.0000 1.9500 0.000 0.784 0.941
v 0.9000 0.0000 2.1000 0.000 0.784 0.941
v 0.9000 0.0000 2.2500 0.000 0.784 0.941
v 0.9000 0.0000 2.4000 0.000 0.784 0.941
v 0.9000 0.0000 2.5500 0.000 0.784 0.941
v 0.9000 0.0000 2.7000 0.000 0.784 0.941
v 0.9000 0.0000 2.8500 0.000 0.784 0.941
v 0.9000 0.0000 3.0000 0.000 0.784 0.941
v 1.0500 0.0000 0.0000 0.000 0.784 0.941
v 1.0500 0.0000 0.1500 0.000 0.784 0.941
v 1.0500 0.0000 0.3000 0.000 0.784 0.941
v 1.0500 0.0000 0.4500 0.000 0.784 0.941
v 1.0500 0.0000 0.6000 0.000 0.784 0.941
v 1.0500 0.0000 0.7500 0.000 0.784 0.941
v 1.0500 0.0000 0.9000 0.000 0.784 0.941
v 1.0500 0.0000 1.0500 0.000 0.784 0.941
v 1.0500 0.0000 1.2000 0.000 0.784 0.941
v 1.0500 0.0000 1.3500 0.000 0.784 0.941
v 1.0500 0.0000 1.5000 0.000 0.784 0.941
v 1.0500 0.0000 1.6500 0.000 0.784 0.941
v 1.0500 0.0000 1.8000 0.000 0.784 0.941
v 1.0500 0.0000 1.9500 0.000 0.784 0.941
v 1.0500 0.0000 2.1000 0.000 0.784 0.941
v 1.0500 0.0000 2.2500 0.000 0.784 0.941
v 1.0500 0.0000 2.4000 0.000 0.784 0.941
v 1.0500 0.0000 2.5500 0.000 0.784 0.941
v 1.0500 0.0000 2.7000 0.000 0.784 0.941
v 1.0500 0.0000 2.8500 0.000 0.784 0.941
v 1.0500 0.0000 3.0000 0.000 0.784 0.941
v 1.2000 0.0000 0.0000 0.000 0.784 0.941
v 1.2000 0.0000 0.1500 0.000 0.784 0.941
v 1.2000 0.0000 0.3000 0.000 0.784 0.941
v 1.2000 0.0000 0.4500 0.000 0.784 0.941
v 1.2000 0.0000 0.6000 0.000 0.784 0.941
v 1.2000 0.0000 0.7500 0.000 0.784 0.941
v 1.2000 0.0000 0.9000 0.000 0.784 0.941
v 1.2000 0.0000 1.0500 0.000 0.784 0.941
v 1.2000 0.0000 1.2000 0.000 0.784 0.941
v 1.2000 0.0000 1.3500 0.000 0.784 0.941
v 1.2000 0.0000 1.5000 0.000 0.784 0.941
v 1.2000 0.0000 1.6500 0.000 0.784 0.941
v 1.2000 0.0000 1.8000 0.000 0.784 0.941
v 1.2000 0.0000 1.9500 0.000 0.784 0.941
v 1.2000 0.0000 2.1000 0.000 0.784 0.941
v 1.2000 0.0000 2.2500 0.000 0.784 0.941
v 1.2000 0.0000 2.4000 0.000 0.784 0.941
v 1.2000 0.0000 2.5500 0.000 0.784 0.941
v 1.2000 0.0000 2.7000 0.000 0.784 0.941
v 1.2000 0.0000 2.8500 0.000 0.784 0.941
v 1.2000 0.0000 3.0000 0.000 0.784 0.941
v 1.3500 0.0000 0.0000 0.000 0.784 0.941
v 1.3500 0.0000 0.1500 0.000 0.784 0.941
v 1.3500 0.0000 0.3000 0.000 0.784 0.941
v 1.3500 0.0000 0.4500 0.000 0.784 0.941
v 1.3500 0.0000 0.6000 0.000 0.784 0.941
v 1.3500 0.0000 0.7500 0.000 0.784 0.941
v 1.3500 0.0000 0.9000 0.000 0.784 0.941
v 1.3500 0.0000 1.0500 0.000 0.784 0.941
v 1.3500 0.0000 1.2000 0.000 0.784 0.941
v 1.3500 0.0000 1.3500 0.000 0.784 0.941
v 1.3500 0.0000 1.5000 0.000 0.784 0.941
v 1.3500 0.0000 1.6500 0.000 0.784 0.941
v 1.3500 0.0000 1.8000 0.000 0.784 0.941
v 1.3500 0.0000 1.9500 0.000 0.784 0.941
v 1.3500 0.0000 2.1000 0.000 0.784 0.941
v 1.3500 0.0000 2.2500 0.000 0.784 0.941
v 1.3500 0.0000 2.4000 0.000 0.784 0.941
v 1.3500 0.0000 2.5500 0.000 0.784 0.941
v 1.3500 0.0000 2.7000 0.000 0.784 0.941
v 1.3500 0.0000 2.8500 0.000 0.784 0.941
v 1.3500 0.0000 3.0000 0.000 0.784 0.941
v 1.5000 0.0000 0.0000 0.000 0.784 0.941
v 1.5000 0.0000 0.1500 0.000 0.784 0.941
v 1.5000 0.0000 0.3000 0.000 0.784 0.941
v 1.5000 0.0000 0.4500 0.000 0.784 0.941
v 1.5000 0.0000 0.6000 0.000 0.784 0.941
v 1.5000 0.0000 0.7500 0.000 0.784 0.941
v 1.5000 0.0000 0.9000 0.000 0.784 0.941
v 1.5000 0.0000 1.0500 0.000 0.784 0.941
v 1.5000 0.0000 1.2000 0.000 0.784 0.941
v 1.5000 0.0000 1.3500 0.000 0.784 0.941
v 1.5000 0.0000 1.5000 0.000 0.784 0.941
v 1.5000 0.0000 1.6500 0.000 0.784 0.941
v 1.5000 0.0000 1.8000 0.000 0.784 0.941
v 1.5000 0.0000 1.9500 0.000 0.784 0.941
v 1.5000 0.0000 2.1000 0.000 0.784 0.941
v 1.5000 0.0000 2.2500 0.000 0.784 0.941
v 1.5000 0.0000 2.4000 0.000 0.784 0.941
v 1.5000 0.0000 2.5500 0.000 0.784 0.941
v 1.5000 0.0000 2.7000 0.000 0.784 0.941
v 1.5000 0.0000 2.8500 0.000 0.784 0.941
v 1.5000 0.0000 3.0000 0.000 0.784 0.941
v 1.6500 0.0000 0.0000 0.000 0.784 0.941
v 1.6500 0.0000 0.1500 0.000 0.784 0.941
v 1.6500 0.0000 0.3000 0.000 0.784 0.941
v 1.6500 0.0000 0.4500 0.000 0.784 0.941
v 1.6500 0.0000 0.6000 0.000 0.784 0.941
v 1.6500 0.0000 0.7500 0.000 0.784 0.941
v 1.6500 0.0000 0.9000 0.000 0.784 0.941
v 1.6500 0.0000 1.0500 0.000 0.784 0.941
v 1.6500 0.0000 1.2000 0.000 0.784 0.941
v 1.6500 0.0000 1.3500 0.000 0.784 0.941
v 1.6500 0.0000 1.5000 0.000 0.784 0.941
v 1.6500 0.0000 1.6500 0.000 0.784 0.941
v 1.6500 0.0000 1.8000 0.000 0.784 0.941
v 1.6500 0.0000 1.9500 0.000 0.784 0.941
v 1.6500 0.0000 2.1000 0.000 0.784 0.941
v 1.6500 0.0000 2.2500 0.000 0.784 0.941
v 1.6500 0.0000 2.4000 0.000 0.784 0.941
v 1.6500 0.0000 2.5500 0.000 0.784 0.941
v 1.6500 0.0000 2.7000 0.000 0.784 0.941
v 1.6500 0.0000 2.8500 0.000 0.784 0.941
v 1.6500 0.0000 3.0000 0.000 0.784 0.941
v 1.8000 0.0000 0.0000 0.000 0.784 0.941
v 1.8000 0.0000 0.1500 0.000 0.784 0.941
v 1.8000 0.0000 0.3000 0.000 0.784 0.941
v 1.8000 0.0000 0.4500 0.000 0.784 0.941
v 1.8000 0.0000 0.6000 0.000 0.784 0.941
v 1.8000 0.0000 0.7500 0.000 0.784 0.941
v 1.8000 0.0000 0.9000 0.000 0.784 0.941
v 1.8000 0.0000 1.0500 0.000 0.784 0.941
v 1.8000 0.0000 1.2000 0.000 0.784 0.941
v 1.8000 0.0000 1.3500 0.000 0.784 0.941
v 1.8000 0.0000 1.5000 0.000 0.784 0.941
v 1.8000 0.0000 1.6500 0.000 0.784 0.941
v 1.8000 0.0000 1.8000 0.000 0.784 0.941
v 1.8000 0.0000 1.9500 0.000 0.784 0.941
v 1.8000 0.0000 2.1000 0.000 0.784 0.941
v 1.8000 0.0000 2.2500 0.000 0.784 0.941
v 1.8000 0.0000 2.4000 0.000 0.784 0.941
v 1.8000 0.0000 2.5500 0.000 0.784 0.941
v 1.8000 0.0000 2.7000 0.000 0.784 0.941
v 1.8000 0.0000 2.8500 0.000 0.784 0.941
v 1.8000 0.0000 3.0000 0.000 0.784 0.941
v 1.9500 0.0000 0.0000 0.000 0.784 0.941
v 1.9500 0.0000 0.1500 0.000 0.784 0.941
v 1.9500 0.0000 0.3000 0.000 0.784 0.941
v 1.9500 0.0000 0.4500 0.000 0.784 0.941
v 1.9500 0.0000 0.6000 0.000 0.784 0.941
v 1.9500 0.0000 0.7500 0.000 0.784 0.941
v 1.9500 0.0000 0.9000 0.000 0.784 0.941
v 1.9500 0.0000 1.0500 0.000 0.784 0.941
v 1.9500 0.0000 1.2000 0.000 0.784 0.941
v 1.9500 0.0000 1.3500 0.000 0.784 0.941
v 1.9500 0.0000 1.5000 0.000 0.784 0.941
v 1.9500 0.0000 1.6500 0.000 0.784 0.941
v 1.9500 0.0000 1.8000 0.000 0.784 0.941
v 1.9500 0.0000 1.9500 0.000 0.784 0.941
v 1.9500 0.0000 2.1000 0.000 0.784 0.941
v 1.9500 0.0000 2.2500 0.000 0.784 0.941
v 1.9500 0.0000 2.4000 0.000 0.784 0.941
v 1.9500 0.0000 2.5500 0.000 0.784 0.941
v 1.9500 0.0000 2.7000 0.000 0.784 0.941
v 1.9500 0.0000 2.8500 0.000 0.784 0.941
v 1.9500 0.0000 3.0000 0.000 0.784 0.941
v 2.1000 0.0000 0.0000 0.000 0.784 0.941
v 2.1000 0.0000 0.1500 0.000 0.784 0.941
v 2.1000 0.0000 0.3000 0.000 0.784 0.941
v 2.1000 0.0000 0.4500 0.000 0.784 0.941
v 2.1000 0.0000 0.6000 0.000 0.784 0.941
v 2.1000 0.0000 0.7500 0.000 0.784 0.941
v 2.1000 0.0000 0.9000 0.000 0.784 0.941
v 2.1000 0.0000 1.0500 0.000 0.784 0.941
v 2.1000 0.0000 1.2000 0.000 0.784 0.941
v 2.1000 0.0000 1.3500 0.000 0.784 0.941
v 2.1000 0.0000 1.5000 0.000 0.784 0.941
v 2.1000 0.0000 1.6500 0.000 0.784 0.941
v 2.1000 0.0000 1.8000 0.000 0.784 0.941
v 2.1000 0.0000 1.9500 0.000 0.784 0.941
v 2.1000 0.0000 2.1000 0.000 0.784 0.941
v 2.1000 0.0000 2.2500 0.000 0.784 0.941
v 2.1000 0.0000 2.4000 0.000 0.784 0.941
v 2.1000 0.0000 2.5500 0.000 0.784 0.941
v 2.1000 0.0000 2.7000 0.000 0.784 0.941
v 2.1000 0.0000 2.8500 0.000 0.784 0.941
v 2.1000 0.0000 3.0000 0.000 0.784 0.941
v 2.2500 0.0000 0.0000 0.000 0.784 0.941
v 2.2500 0.0000 0.1500 0.000 0.784 0.941
v 2.2500 0.0000 0.3000 0.000 0.784 0.941
v 2.2500 0.0000 0.4500 0.000 0.784 0.941
v 2.2500 0.0000 0.6000 0.000 0.784 0.941
v 2.2500 0.0000 0.7500 0.000 0.784 0.941
v 2.2500 0.0000 0.9000 0.000 0.784 0.941
v 2.2500 0.0000 1.0500 0.000 0.784 0.941
v 2.2500 0.0000 1.2000 0.000 0.784 0.941
v 2.2500 0.0000 1.3500 0.000 0.784 0.941
v 2.2500 0.0000 1.5000 0.000 0.784 0.941
v 2.2500 0.0000 1.6500 0.000 0.784 0.941
v 2.2500 0.0000 1.8000 0.000 0.784 0.941
v 2.2500 0.0000 1.9500 0.000 0.784 0.941
v 2.2500 0.0000 2.1000 0.000 0.784 0.941
v 2.2500 0.0000 2.2500 0.000 0.784 0.941
v 2.2500 0.0000 2.4000 0.000 0.784 0.941
v 2.2500 0.0000 2.5500 0.000 0.784 0.941
v 2.2500 0.0000 2.7000 0.000 0.784 0.941
v 2.2500 0.0000 2.8500 0.000 0.784 0.941
v 2.2500 0.0000 3.0000 0.000 0.784 0.941
v 2.4000 0.0000 0.0000 0.000 0.784 0.941
v 2.4000 0.0000 0.1500 0.000 0.784 0.941
v 2.4000 0.0000 0.3000 0.000 0.784 0.941
v 2.4000 0.0000 0.4500 0.000 0.784 0.941
v 2.4000 0.0000 0.6000 0.000 0.784 0.941
v 2.4000 0.0000 0.7500 0.000 0.784 0.941
v 2.4000 0.0000 0.9000 0.000 0.784 0.941
v 2.4000 0.0000 1.0500 0.000 0.784 0.941
v 2.4000 0.0000 1.2000 0.000 0.784 0.941
v 2.4000 0.0000 1.3500 0.000 0.784 0.941
v 2.4000 0.0000 1.5000 0.000 0.784 0.941
v 2.4000 0.0000 1.6500 0.000 0.784 0.941
v 2.4000 0.0000 1.8000 0.000 0.784 0.941
v 2.4000 0.0000 1.9500 0.000 0.784 0.941
v 2.4000 0.0000 2.1000 0.000 0.784 0.941
v 2.4000 0.0000 2.2500 0.000 0.784 0.941
v 2.4000 0.0000 2.4000 0.000 0.784 0.941
v 2.4000 0.0000 2.5500 0.000 0.784 0.941
v 2.4000 0.0000 2.7000 0.000 0.784 0.941
v 2.4000 0.0000 2.8500 0.000 0.784 0.941
v 2.4000 0.0000 3.0000 0.000 0.784 0.941
v 2.5500 0.0000 0.0000 0.000 0.784 0.941
v 2.5500 0.0000 0.1500 0.000 0.784 0.941
v 2.5500 0.0000 0.3000 0.000 0.784 0.941
v 2.5500 0.0000 0.4500 0.000 0.784 0.941
v 2.5500 0.0000 0.6000 0.000 0.784 0.941
v 2.5500 0.0000 0.7500 0.000 0.784 0.941
v 2.5500 0.0000 0.9000 0.000 0.784 0.941
v 2.5500 0.0000 1.0500 0.000 0.784 0.941
v 2.5500 0.0000 1.2000 0.000 0.784 0.941
v 2.5500 0.0000 1.3500 0.000 0.784 0.941
v 2.5500 0.0000 1.5000 0.000 0.784 0.941
v 2.5500 0.0000 1.6500 0.000 0.784 0.941
v 2.5500 0.0000 1.8000 0.000 0.784 0.941
v 2.5500 0.0000 1.9500 0.000 0.784 0.941
v 2.5500 0.0000 2.1000 0.000 0.784 0.941
v 2.5500 0.0000 2.2500 0.000 0.784 0.941
v 2.5500 0.0000 2.4000 0.000 0.784 0.941
v 2.5500 0.0000 2.5500 0.000 0.784 0.941
v 2.5500 0.0000 2.7000 0.000 0.784 0.941
v 2.5500 0.0000 2.8500 0.000 0.784 0.941
v 2.5500 0.0000 3.0000 0.000 0.784 0.941
v 0.0000 0.0800 3.0300 0.969 0.075 0.035
v 0.0000 0.0800 0.0000 0.969 0.075 0.035
v 0.1000 0.0800 3.0300 0.969 0.075 0.035
v 0.1000 0.0800 0.0000 0.969 0.075 0.035
v 0.2000 0.0800 3.0300 0.969 0.075 0.035
v 0.2000 0.0800 0.0000 0.969 0.075 0.035
v 0.3000 0.0800 3.0300 0.969 0.075 0.035
v 0.3000 0.0800 0.0000 0.969 0.075 0.035
v 0.4000 0.0800 3.0300 0.969 0.075 0.035
v 0.4000 0.0800 0.0000 0.969 0.075 0.035
v 0.5000 0.0800 3.0300 0.969 0.075 0.035
v 0.5000 0.0800 0.0000 0.969 0.075 0.035
v 0.6000 0.0800 3.0300 0.969 0.075 0.035
v 0.6000 0.0800 0.0000 0.969 0.075 0.035
v 0.7000 0.0800 3.0300 0.969 0.075 0.035
v 0.7000 0.0800 0.0000 0.969 0.075 0.035
v 0.8000 0.0800 3.0300 0.969 0.075 0.035
v 0.8000 0.0800 0.0000 0.969 0.075 0.035
v 0.9000 0.0800 3.0300 0.969 0.075 0.035
v 0.9000 0.0800 0.0000 0.969 0.075 0.035
v 1.0000 0.0800 3.0300 0.969 0.075 0.035
v 1.0000 0.0800 0.0000 0.969 0.075 0.035
v 1.1000 0.0800 3.0300 0.969 0.075 0.035
v 1.1000 0.0800 0.0000 0.969 0.075 0.035
v 1.2000 0.0800 3.0300 0.969 0.075 0.035
v 1.2000 0.0800 0.0000 0.969 0.075 0.035
v 1.3000 0.0800 3.0300 0.969 0.075 0.035
v 1.3000 0.0800 0.0000 0.969 0.075 0.035
v 1.4000 0.0800 3.0300 0.969 0.075 0.035
v 1.4000 0.0800 0.0000 0.969 0.075 0.035
v 1.5000 0.0800 3.0300 0.969 0.075 0.035
v 1.5000 0.0800 0.0000 0.969 0.075 0.035
v 1.6000 0.0800 3.0300 0.969 0.075 0.035
v 1.6000 0.0800 0.0000 0.969 0.075 0.035
v 1.7000 0.0800 3.0300 0.969 0.075 0.035
v 1.7000 0.0800 0.0000 0.969 0.075 0.035
v 1.8000 0.0800 3.0300 0.969 0.075 0.035
v 1.8000 0.0800 0.0000 0.969 0.075 0.035
v 1.9000 0.0800 3.0300 0.969 0.075 0.035
v 1.9000 0.0800 0.0000 0.969 0.075 0.035
v 2.0000 0.0800 3.0300 0.969 0.075 0.035
v 2.0000 0.0800 0.0000 0.969 0.075 0.035
v 2.1000 0.0800 3.0300 0.969 0.075 0.035
v 2.1000 0.0800 0.0000 0.969 0.075 0.035
v 2.2000 0.0800 3.0300 0.969 0.075 0.035
v 2.2000 0.0800 0.0000 0.969 0.075 0.035
v 2.3000 0.0800 3.0300 0.969 0.075 0.035
v 2.3000 0.0800 0.0000 0.969 0.075 0.035
v 2.4000 0.0800 3.0300 0.969 0.075 0.035
v 2.4000 0.0800 0.0000 0.969 0.075 0.035
v 2.5000 0.0800 3.0300 0.969 0.075 0.035
v 2.5000 0.0800 0.0000 0.969 0.075 0.035
v 2.6000 0.0800 3.0300 0.969 0.075 0.035
v 2.6000 0.0800 0.0000 0.969 0.075 0.035
v 2.6300 0.0800 0.0000 0.969 0.075 0.035
v 0.0000 0.0800 0.0000 0.969 0.075 0.035
v 2.6300 0.0800 0.1000 0.969 0.075 0.035
v 0.0000 0.0800 0.1000 0.969 0.075 0.035
v 2.6300 0.0800 0.2000 0.969 0.075 0.035
v 0.0000 0.0800 0.2000 0.969 0.075 0.035
v 2.6300 0.0800 0.3000 0.969 0.075 0.035
v 0.0000 0.0800 0.3000 0.969 0.075 0.035
v 2.6300 0.0800 0.4000 0.969 0.075 0.035
v 0.0000 0.0800 0.4000 0.969 0.075 0.035
v 2.6300 0.0800 0.5000 0.969 0.075 0.035
v 0.0000 0.0800 0.5000 0.969 0.075 0.035
v 2.6300 0.0800 0.6000 0.969 0.075 0.035
v 0.0000 0.0800 0.6000 0.969 0.075 0.035
v 2.6300 0.0800 0.7000 0.969 0.075 0.035
v 0.0000 0.0800 0.7000 0.969 0.075 0.035
v 2.6300 0.0800 0.8000 0.969 0.075 0.035
v 0.0000 0.0800 0.8000 0.969 0.075 0.035
v 2.6300 0.0800 0.9000 0.969 0.075 0.035
v 0.0000 0.0800 0.9000 0.969 0.075 0.035
v 2.6300 0.0800 1.0000 0.969 0.075 0.035
v 0.0000 0.0800 1.0000 0.969 0.075 0.035
v 2.6300 0.0800 1.1000 0.969 0.075 0.035
v 0.0000 0.0800 1.1000 0.969 0.075 0.035
v 2.6300 0.0800 1.2000 0.969 0.075 0.035
v 0.0000 0.0800 1.2000 0.969 0.075 0.035
v 2.6300 0.0800 1.3000 0.969 0.075 0.035
v 0.0000 0.0800 1.3000 0.969 0.075 0.035
v 2.6300 0.0800 1.4000 0.969 0.075 0.035
v 0.0000 0.0800 1.4000 0.969 0.075 0.035
v 2.6300 0.0800 1.5000 0.969 0.075 0.035
v 0.0000 0.0800 1.5000 0.969 0.075 0.035
v 2.6300 0.0800 1.6000 0.969 0.075 0.035
v 0.0000 0.0800 1.6000 0.969 0.075 0.035
v 2.6300 0.0800 1.7000 0.969 0.075 0.035
v 0.0000 0.0800 1.7000 0.969 0.075 0.035
v 2.6300 0.0800 1.8000 0.969 0.075 0.035
v 0.0000 0.0800 1.8000 0.969 0.075 0.035
v 2.6300 0.0800 1.9000 0.969 0.075 0.035
v 0.0000 0.0800 1.9000 0.969 0.075 0.035
v 2.6300 0.0800 2.0000 0.969 0.075 0.035
v 0.0000 0.0800 2.0000 0.969 0.075 0.035
v 2.6300 0.0800 2.1000 0.969 0.075 0.035
v 0.0000 0.0800 2.1000 0.969 0.075 0.035
v 2.6300 0.0800 2.2000 0.969 0.075 0.035
v 0.0000 0.0800 2.2000 0.969 0.075 0.035
v 2.6300 0.0800 2.3000 0.969 0.075 0.035
v 0.0000 0.0800 2.3000 0.969 0.075 0.035
v 2.6300 0.0800 2.4000 0.969 0.075 0.035
v 0.0000 0.0800 2.4000 0.969 0.075 0.035
v 2.6300 0.0800 2.5000 0.969 0.075 0.035
v 0.0000 0.0800 2.5000 0.969 0.075 0.035
v 2.6300 0.0800 2.6000 0.969 0.075 0.035
v 0.0000 0.0800 2.6000 0.969 0.075 0.035
v 2.6300 0.0800 2.7000 0.969 0.075 0.035
v 0.0000 0.0800 2.7000 0.969 0.075 0.035
v 2.6300 0.0800 2.8000 0.969 0.075 0.035
v 0.0000 0.0800 2.8000 0.969 0.075 0.035
v 2.6300 0.0800 2.9000 0.969 0.075 0.035
v 0.0000 0.0800 2.9000 0.969 0.075 0.035
v 2.6300 0.0800 3.0000 0.969 0.075 0.035
v 0.0000 0.0800 3.0000 0.969 0.075 0.035
v 0.0000 0.1748 3.0300 0.929 0.169 0.082
v 0.0000 0.1748 0.0000 0.929 0.169 0.082
v 0.1000 0.1748 3.0300 0.929 0.169 0.082
v 0.1000 0.1748 0.0000 0.929 0.169 0.082
v 0.2000 0.1748 3.0300 0.929 0.169 0.082
v 0.2000 0.1748 0.0000 0.929 0.169 0.082
v 0.3000 0.1748 3.0300 0.929 0.169 0.082
v 0.3000 0.1748 0.0000 0.929 0.169 0.082
v 0.4000 0.1748 3.0300 0.929 0.169 0.082
v 0.4000 0.1748 0.0000 0.929 0.169 0.082
v 0.5000 0.1748 3.0300 0.929 0.169 0.082
v 0.5000 0.1748 0.0000 0.929 0.169 0.082
v 0.6000 0.1748 3.0300 0.929 0.169 0.082
v 0.6000 0.1748 0.0000 0.929 0.169 0.082
v 0.7000 0.1748 3.0300 0.929 0.169 0.082
v 0.7000 0.1748 0.0000 0.929 0.169 0.082
v 0.8000 0.1748 3.0300 0.929 0.169 0.082
v 0.8000 0.1748 0.0000 0.929 0.169 0.082
v 0.9000 0.1748 3.0300 0.929 0.169 0.082
v 0.9000 0.1748 0.0000 0.929 0.169 0.082
v 1.0000 0.1748 3.0300 0.929 0.169 0.082
v 1.0000 0.1748 0.0000 0.929 0.169 0.082
v 1.1000 0.1748 3.0300 0.929 0.169 0.082
v 1.1000 0.1748 0.0000 0.929 0.169 0.082
v 1.2000 0.1748 3.0300 0.929 0.169 0.082
v 1.2000 0.1748 0.0000 0.929 0.169 0.082
v 1.3000 0.1748 3.0300 0.929 0.169 0.082
v 1.3000 0.1748 0.0000 0.929 0.169 0.082
v 1.4000 0.1748 3.0300 0.929 0.169 0.082
v 1.4000 0.1748 0.0000 0.929 0.169 0.082
v 1.5000 0.1748 3.0300 0.929 0.169 0.082
v 1.5000 0.1748 0.0000 0.929 0.169 0.082
v 1.6000 0.1748 3.0300 0.929 0.169 0.082
v 1.6000 0.1748 0.0000 0.929 0.169 0.082
v 1.7000 0.1748 3.0300 0.929 0.169 0.082
v 1.7000 0.1748 0.0000 0.929 0.169 0.082
v 1.8000 0.1748 3.0300 0.929 0.169 0.082
v 1.8000 0.1748 0.0000 0.929 0.169 0.082
v 1.9000 0.1748 3.0300 0.929 0.169 0.082
v 1.9000 0.1748 0.0000 0.929 0.169 0.082
v 2.0000 0.1748 3.0300 0.929 0.169 0.082
v 2.0000 0.1748 0.0000 0.929 0.169 0.082
v 2.1000 0.1748 3.0300 0.929 0.169 0.082
v 2.1000 0.1748 0.0000 0.929 0.169 0.082
v 2.2000 0.1748 3.0300 0.929 0.169 0.082
v 2.2000 0.1748 0.0000 0.929 0.169 0.082
v 2.3000 0.1748 3.0300 0.929 0.169 0.082
v 2.3000 0.1748 0.0000 0.929 0.169 0.082
v 2.4000 0.1748 3.0300 0.929 0.169 0.082
v 2.4000 0.1748 0.0000 0.929 0.169 0.082
v 2.5000 0.1748 3.0300 0.929 0.169 0.082
v 2.5000 0.1748 0.0000 0.929 0.169 0.082
v 2.6000 0.1748 3.0300 0.929 0.169 0.082
v 2.6000 0.1748 0.0000 0.929 0.169 0.082
v 2.6300 0.1748 0.0000 0.929 0.169 0.082
v 0.0000 0.1748 0.0000 0.929 0.169 0.082
v 2.6300 0.1748 0.1000 0.929 0.169 0.082
v 0.0000 0.1748 0.1000 0.929 0.169 0.082
v 2.6300 0.1748 0.2000 0.929 0.169 0.082
v 0.0000 0.1748 0.2000 0.929 0.169 0.082
v 2.6300 0.1748 0.3000 0.929 0.169 0.082
v 0.0000 0.1748 0.3000 0.929 0.169 0.082
v 2.6300 0.1748 0.4000 0.929 0.169 0.082
v 0.0000 0.1748 0.4000 0.929 0.169 0.082
v 2.6300 0.1748 0.5000 0.929 0.169 0.082
v 0.0000 0.1748 0.5000 0.929 0.169 0.082
v 2.6300 0.1748 0.6000 0.929 0.169 0.082
v 0.0000 0.1748 0.6000 0.929 0.169 0.082
v 2.6300 0.1748 0.7000 0.929 0.169 0.082
v 0.0000 0.1748 0.7000 0.929 0.169 0.082
v 2.6300 0.1748 0.8000 0.929 0.169 0.082
v 0.0000 0.1748 0.8000 0.929 0.169 0.082
v 2.6300 0.1748 0.9000 0.929 0.169 0.082
v 0.0000 0.1748 0.9000 0.929 0.169 0.082
v 2.6300 0.1748 1.0000 0.929 0.169 0.082
v 0.0000 0.1748 1.0000 0.929 0.169 0.082
v 2.6300 0.1748 1.1000 0.929 0.169 0.082
v 0.0000 0.1748 1.1000 0.929 0.169 0.082
v 2.6300 0.1748 1.2000 0.929 0.169 0.082
v 0.0000 0.1748 1.2000 0.929 0.169 0.082
v 2.6300 0.1748 1.3000 0.929 0.169 0.082
v 0.0000 0.1748 1.3000 0.929 0.169 0.082
v 2.6300 0.1748 1.4000 0.929 0.169 0.082
v 0.0000 0.1748 1.4000 0.929 0.169 0.082
v 2.6300 0.1748 1.5000 0.929 0.169 0.082
v 0.0000 0.1748 1.5000 0.929 0.169 0.082
v 2.6300 0.1748 1.6000 0.929 0.169 0.082
v 0.0000 0.1748 1.6000 0.929 0.169 0.082
v 2.6300 0.1748 1.7000 0.929 0.169 0.082
v 0.0000 0.1748 1.7000 0.929 0.169 0.082
v 2.6300 0.1748 1.8000 0.929 0.169 0.082
v 0.0000 0.1748 1.8000 0.929 0.169 0.082
v 2.6300 0.1748 1.9000 0.929 0.169 0.082
v 0.0000 0.1748 1.9000 0.929 0.169 0.082
v 2.6300 0.1748 2.0000 0.929 0.169 0.082
v 0.0000 0.1748 2.0000 0.929 0.169 0.082
v 2.6300 0.1748 2.1000 0.929 0.169 0.082
v 0.0000 0.1748 2.1000 0.929 0.169 0.082
v 2.6300 0.1748 2.2000 0.929 0.169 0.082
v 0.0000 0.1748 2.2000 0.929 0.169 0.082
v 2.6300 0.1748 2.3000 0.929 0.169 0.082
v 0.0000 0.1748 2.3000 0.929 0.169 0.082
v 2.6300 0.1748 2.4000 0.929 0.169 0.082
v 0.0000 0.1748 2.4000 0.929 0.169 0.082
v 2.6300 0.1748 2.5000 0.929 0.169 0.082
v 0.0000 0.1748 2.5000 0.929 0.169 0.082
v 2.6300 0.1748 2.6000 0.929 0.169 0.082
v 0.0000 0.1748 2.6000 0.929 0.169 0.082
v 2.6300 0.1748 2.7000 0.929 0.169 0.082
v 0.0000 0.1748 2.7000 0.929 0.169 0.082
v 2.6300 0.1748 2.8000 0.929 0.169 0.082
v 0.0000 0.1748 2.8000 0.929 0.169 0.082
v 2.6300 0.1748 2.9000 0.929 0.169 0.082
v 0.0000 0.1748 2.9000 0.929 0.169 0.082
v 2.6300 0.1748 3.0000 0.929 0.169 0.082
v 0.0000 0.1748 3.0000 0.929 0.169 0.082
v 0.0000 0.2695 3.0300 0.894 0.259 0.129
v 0.0000 0.2695 0.0000 0.894 0.259 0.129
v 0.1000 0.2695 3.0300 0.894 0.259 0.129
v 0.1000 0.2695 0.0000 0.894 0.259 0.129
v 0.2000 0.2695 3.0300 0.894 0.259 0.129
v 0.2000 0.2695 0.0000 0.894 0.259 0.129
v 0.3000 0.2695 3.0300 0.894 0.259 0.129
v 0.3000 0.2695 0.0000 0.894 0.259 0.129
v 0.4000 0.2695 3.0300 0.894 0.259 0.129
v 0.4000 0.2695 0.0000 0.894 0.259 0.129
v 0.5000 0.2695 3.0300 0.894 0.259 0.129
v 0.5000 0.2695 0.0000 0.894 0.259 0.129
v 0.6000 0.2695 3.0300 0.894 0.259 0.129
v 0.6000 0.2695 0.0000 0.894 0.259 0.129
v 0.7000 0.2695 3.0300 0.894 0.259 0.129
v 0.7000 0.2695 0.0000 0.894 0.259 0.129
v 0.8000 0.2695 3.0300 0.894 0.259 0.129
v 0.8000 0.2695 0.0000 0.894 0.259 0.129
v 0.9000 0.2695 3.0300 0.894 0.259 0.129
v 0.9000 0.2695 0.0000 0.894 0.259 0.129
v 1.0000 0.2695 3.0300 0.894 0.259 0.129
v 1.0000 0.2695 0.0000 0.894 0.259 0.129
v 1.1000 0.2695 3.0300 0.894 0.259 0.129
v 1.1000 0.2695 0.0000 0.894 0.259 0.129
v 1.2000 0.2695 3.0300 0.894 0.259 0.129
v 1.2000 0.2695 0.0000 0.894 0.259 0.129
v 1.3000 0.2695 3.0300 0.894 0.259 0.129
v 1.3000 0.2695 0.0000 0.894 0.259 0.129
v 1.4000 0.2695 3.0300 0.894 0.259 0.129
v 1.4000 0.2695 0.0000 0.894 0.259 0.129
v 1.5000 0.2695 3.0300 0.894 0.259 0.129
v 1.5000 0.2695 0.0000 0.894 0.259 0.129
v 1.6000 0.2695 3.0300 0.894 0.259 0.129
v 1.6000 0.2695 0.0000 0.894 0.259 0.129
v 1.7000 0.2695 3.0300 0.894 0.259 0.129
v 1.7000 0.2695 0.0000 0.894 0.259 0.129
v 1.8000 0.2695 3.0300 0.894 0.259 0.129
v 1.8000 0.2695 0.0000 0.894 0.259 0.129
v 1.9000 0.2695 3.0300 0.894 0.259 0.129
v 1.9000 0.2695 0.0000 0.894 0.259 0.129
v 2.0000 0.2695 3.0300 0.894 0.259 0.129
v 2.0000 0.2695 0.0000 0.894 0.259 0.129
v 2.1000 0.2695 3.0300 0.894 0.259 0.129
v 2.1000 0.2695 0.0000 0.894 0.259 0.129
v 2.2000 0.2695 3.0300 0.894 0.259 0.129
v 2.2000 0.2695 0.0000 0.894 0.259 0.129
v 2.3000 0.2695 3.0300 0.894 0.259 0.129
v 2.3000 0.2695 0.0000 0.894 0.259 0.129
v 2.4000 0.2695 3.0300 0.894 0.259 0.129
v 2.4000 0.2695 0.0000 0.894 0.259 0.129
v 2.5000 0.2695 3.0300 0.894 0.259 0.129
v 2.5000 0.2695 0.0000 0.894 0.259 0.129
v 2.6000 0.2695 3.0300 0.894 0.259 0.129
v 2.6000 0.2695 0.0000 0.894 0.259 0.129
v 2.6300 0.2695 0.0000 0.894 0.259 0.129
v 0.0000 0.2695 0.0000 0.894 0.259 0.129
v 2.6300 0.2695 0.1000 0.894 0.259 0.129
v 0.0000 0.2695 0.1000 0.894 0.259 0.129
v 2.6300 0.2695 0.2000 0.894 0.259 0.129
v 0.0000 0.2695 0.2000 0.894 0.259 0.129
v 2.6300 0.2695 0.3000 0.894 0.259 0.129
v 0.0000 0.2695 0.3000 0.894 0.259 0.129
v 2.6300 0.2695 0.4000 0.894 0.259 0.129
v 0.0000 0.2695 0.4000 0.894 0.259 0.129
v 2.6300 0.2695 0.5000 0.894 0.259 0.129
v 0.0000 0.2695 0.5000 0.894 0.259 0.129
v 2.6300 0.2695 0.6000 0.894 0.259 0.129
v 0.0000 0.2695 0.6000 0.894 0.259 0.129
v 2.6300 0.2695 0.7000 0.894 0.259 0.129
v 0.0000 0.2695 0.7000 0.894 0.259 0.129
v 2.6300 0.2695 0.8000 0.894 0.259 0.129
v 0.0000 0.2695 0.8000 0.894 0.259 0.129
v 2.6300 0.2695 0.9000 0.894 0.259 0.129
v 0.0000 0.2695 0.9000 0.894 0.259 0.129
v 2.6300 0.2695 1.0000 0.894 0.259 0.129
v 0.0000 0.2695 1.0000 0.894 0.259 0.129
v 2.6300 0.2695 1.1000 0.894 0.259 0.129
v 0.0000 0.2695 1.1000 0.894 0.259 0.129
v 2.6300 0.2695 1.2000 0.894 0.259 0.129
v 0.0000 0.2695 1.2000 0.894 0.259 0.129
v 2.6300 0.2695 1.3000 0.894 0.259 0.129
v 0.0000 0.2695 1.3000 0.894 0.259 0.129
v 2.6300 0.2695 1.4000 0.894 0.259 0.129
v 0.0000 0.2695 1.4000 0.894 0.259 0.129
v 2.6300 0.2695 1.5000 0.894 0.259 0.129
v 0.0000 0.2695 1.5000 0.894 0.259 0.129
v 2.6300 0.2695 1.6000 0.894 0.259 0.129
v 0.0000 0.2695 1.6000 0.894 0.259 0.129
v 2.6300 0.2695 1.7000 0.894 0.259 0.129
v 0.0000 0.2695 1.7000 0.894 0.259 0.129
v 2.6300 0.2695 1.8000 0.894 0.259 0.129
v 0.0000 0.2695 1.8000 0.894 0.259 0.129
v 2.6300 0.2695 1.9000 0.894 0.259 0.129
v 0.0000 0.2695 1.9000 0.894 0.259 0.129
v 2.6300 0.2695 2.0000 0.894 0.259 0.129
v 0.0000 0.2695 2.0000 0.894 0.259 0.129
v 2.6300 0.2695 2.1000 0.894 0.259 0.129
v 0.0000 0.2695 2.1000 0.894 0.259 0.129
v 2.6300 0.2695 2.2000 0.894 0.259 0.129
v 0.0000 0.2695 2.2000 0.894 0.259 0.129
v 2.6300 0.2695 2.3000 0.894 0.259 0.129
v 0.0000 0.2695 2.3000 0.894 0.259 0.129
v 2.6300 0.2695 2.4000 0.894 0.259 0.129
v 0.0000 0.2695 2.4000 0.894 0.259 0.129
v 2.6300 0.2695 2.5000 0.894 0.259 0.129
v 0.0000 0.2695 2.5000 0.894 0.259 0.129
v 2.6300 0.2695 2.6000 0.894 0.259 0.129
v 0.0000 0.2695 2.6000 0.894 0.259 0.129
v 2.6300 0.2695 2.7000 0.894 0.259 0.129
v 0.0000 0.2695 2.7000 0.894 0.259 0.129
v 2.6300 0.2695 2.8000 0.894 0.259 0.129
v 0.0000 0.2695 2.8000 0.894 0.259 0.129
v 2.6300 0.2695 2.9000 0.894 0.259 0.129
v 0.0000 0.2695 2.9000 0.894 0.259 0.129
v 2.6300 0.2695 3.0000 0.894 0.259 0.129
v 0.0000 0.2695 3.0000 0.894 0.259 0.129
v 0.0000 0.3643 3.0300 0.859 0.349 0.173
v 0.0000 0.3643 0.0000 0.859 0.349 0.173
v 0.1000 0.3643 3.0300 0.859 0.349 0.173
v 0.1000 0.3643 0.0000 0.859 0.349 0.173
v 0.2000 0.3643 3.0300 0.859 0.349 0.173
v 0.2000 0.3643 0.0000 0.859 0.349 0.173
v 0.3000 0.3643 3.0300 0.859 0.349 0.173
v 0.3000 0.3643 0.0000 0.859 0.349 0.173
v 0.4000 0.3643 3.0300 0.859 0.349 0.173
v 0.4000 0.3643 0.0000 0.859 0.349 0.173
v 0.5000 0.3643 3.0300 0.859 0.349 0.173
v 0.5000 0.3643 0.0000 0.859 0.349 0.173
v 0.6000 0.3643 3.0300 0.859 0.349 0.173
v 0.6000 0.3643 0.0000 0.859 0.349 0.173
v 0.7000 0.3643 3.0300 0.859 0.349 0.173
v 0.7000 0.3643 0.0000 0.859 0.349 0.173
v 0.8000 0.3643 3.0300 0.859 0.349 0.173
v 0.8000 0.3643 0.0000 0.859 0.349 0.173
v 0.9000 0.3643 3.0300 0.859 0.349 0.173
v 0.9000 0.3643 0.0000 0.859 0.349 0.173
v 1.0000 0.3643 3.0300 0.859 0.349 0.173
v 1.0000 0.3643 0.0000 0.859 0.349 0.173
v 1.1000 0.3643 3.0300 0.859 0.349 0.173
v 1.1000 0.3643 0.0000 0.859 0.349 0.173
v 1.2000 0.3643 3.0300 0.859 0.349 0.173
v 1.2000 0.3643 0.0000 0.859 0.349 0.173
v 1.3000 0.3643 3.0300 0.859 0.349 0.173
v 1.3000 0.3643 0.0000 0.859 0.349 0.173
v 1.4000 0.3643 3.0300 0.859 0.349 0.173
v 1.4000 0.3643 0.0000 0.859 0.349 0.173
v 1.5000 0.3643 3.0300 0.859 0.349 0.173
v 1.5000 0.3643 0.0000 0.859 0.349 0.173
v 1.6000 0.3643 3.0300 0.859 0.349 0.173
v 1.6000 0.3643 0.0000 0.859 0.349 0.173
v 1.7000 0.3643 3.0300 0.859 0.349 0.173
v 1.7000 0.3643 0.0000 0.859 0.349 0.173
v 1.8000 0.3643 3.0300 0.859 0.349 0.173
v 1.8000 0.3643 0.0000 0.859 0.349 0.173
v 1.9000 0.3643 3.0300 0.859 0.349 0.173
v 1.9000 0.3643 0.0000 0.859 0.349 0.173
v 2.0000 0.3643 3.0300 0.859 0.349 0.173
v 2.0000 0.3643 0.0000 0.859 0.349 0.173
v 2.1000 0.3643 3.0300 0.859 0.349 0.173
v 2.1000 0.3643 0.0000 0.859 0.349 0.173
v 2.2000 0.3643 3.0300 0.859 0.349 0.173
v 2.2000 0.3643 0.0000 0.859 0.349 0.173
v 2.3000 0.3643 3.0300 0.859 0.349 0.173
v 2.3000 0.3643 0.0000 0.859 0.349 0.173
v 2.4000 0.3643 3.0300 0.859 0.349 0.173
v 2.4000 0.3643 0.0000 0.859 0.349 0.173
v 2.5000 0.3643 3.0300 0.859 0.349 0.173
v 2.5000 0.3643 0.0000 0.859 0.349 0.173
v 2.6000 0.3643 3.0300 0.859 0.349 0.173
v 2.6000 0.3643 0.0000 0.859 0.349 0.173
v 2.6300 0.3643 0.0000 0.859 0.349 0.173
v 0.0000 0.3643 0.0000 0.859 0.349 0.173
v 2.6300 0.3643 0.1000 0.859 0.349 0.173
v 0.0000 0.3643 0.1000 0.859 0.349 0.173
v 2.6300 0.3643 0.2000 0.859 0.349 0.173
v 0.0000 0.3643 0.2000 0.859 0.349 0.173
v 2.6300 0.3643 0.3000 0.859 0.349 0.173
v 0.0000 0.3643 0.3000 0.859 0.349 0.173
v 2.6300 0.3643 0.4000 0.859 0.349 0.173
v 0.0000 0.3643 0.4000 0.859 0.349 0.173
v 2.6300 0.3643 0.5000 0.859 0.349 0.173
v 0.0000 0.3643 0.5000 0.859 0.349 0.173
v 2.6300 0.3643 0.6000 0.859 0.349 0.173
v 0.0000 0.3643 0.6000 0.859 0.349 0.173
v 2.6300 0.3643 0.7000 0.859 0.349 0.173
v 0.0000 0.3643 0.7000 0.859 0.349 0.173
v 2.6300 0.3643 0.8000 0.859 0.349 0.173
v 0.0000 0.3643 0.8000 0.859 0.349 0.173
v 2.6300 0.3643 0.9000 0.859 0.349 0.173
v 0.0000 0.3643 0.9000 0.859 0.349 0.173
v 2.6300 0.3643 1.0000 0.859 0.349 0.173
v 0.0000 0.3643 1.0000 0.859 0.349 0.173
v 2.6300 0.3643 1.1000 0.859 0.349 0.173
v 0.0000 0.3643 1.1000 0.859 0.349 0.173
v 2.6300 0.3643 1.2000 0.859 0.349 0.173
v 0.0000 0.3643 1.2000 0.859 0.349 0.173
v 2.6300 0.3643 1.3000 0.859 0.349 0.173
v 0.0000 0.3643 1.3000 0.859 0.349 0.173
v 2.6300 0.3643 1.4000 0.859 0.349 0.173
v 0.0000 0.3643 1.4000 0.859 0.349 0.173
v 2.6300 0.3643 1.5000 0.859 0.349 0.173
v 0.0000 0.3643 1.5000 0.859 0.349 0.173
v 2.6300 0.3643 1.6000 0.859 0.349 0.173
v 0.0000 0.3643 1.6000 0.859 0.349 0.173
v 2.6300 0.3643 1.7000 0.859 0.349 0.173
v 0.0000 0.3643 1.7000 0.859 0.349 0.173
v 2.6300 0.3643 1.8000 0.859 0.349 0.173
v 0.0000 0.3643 1.8000 0.859 0.349 0.173
v 2.6300 0.3643 1.9000 0.859 0.349 0.173
v 0.0000 0.3643 1.9000 0.859 0.349 0.173
v 2.6300 0.3643 2.0000 0.859 0.349 0.173
v 0.0000 0.3643 2.0000 0.859 0.349 0.173
v 2.6300 0.3643 2.1000 0.859 0.349 0.173
v 0.0000 0.3643 2.1000 0.859 0.349 0.173
v 2.6300 0.3643 2.2000 0.859 0.349 0.173
v 0.0000 0.3643 2.2000 0.859 0.349 0.173
v 2.6300 0.3643 2.3000 0.859 0.349 0.173
v 0.0000 0.3643 2.3000 0.859 0.349 0.173
v 2.6300 0.3643 2.4000 0.859 0.349 0.173
v 0.0000 0.3643 2.4000 0.859 0.349 0.173
v 2.6300 0.3643 2.5000 0.859 0.349 0.173
v 0.0000 0.3643 2.5000 0.859 0.349 0.173
v 2.6300 0.3643 2.6000 0.859 0.349 0.173
v 0.0000 0.3643 2.6000 0.859 0.349 0.173
v 2.6300 0.3643 2.7000 0.859 0.349 0.173
v 0.0000 0.3643 2.7000 0.859 0.349 0.173
v 2.6300 0.3643 2.8000 0.859 0.349 0.173
v 0.0000 0.3643 2.8000 0.859 0.349 0.173
v 2.6300 0.3643 2.9000 0.859 0.349 0.173
v 0.0000 0.3643 2.9000 0.859 0.349 0.173
v 2.6300 0.3643 3.0000 0.859 0.349 0.173
v 0.0000 0.3643 3.0000 0.859 0.349 0.173
v 0.0000 0.4590 3.0300 0.820 0.443 0.220
v 0.0000 0.4590 0.0000 0.820 0.443 0.220
v 0.1000 0.4590 3.0300 0.820 0.443 0.220
v 0.1000 0.4590 0.0000 0.820 0.443 0.220
v 0.2000 0.4590 3.0300 0.820 0.443 0.220
v 0.2000 0.4590 0.0000 0.820 0.443 0.220
v 0.3000 0.4590 3.0300 0.820 0.443 0.220
v 0.3000 0.4590 0.0000 0.820 0.443 0.220
v 0.4000 0.4590 3.0300 0.820 0.443 0.220
v 0.4000 0.4590 0.0000 0.820 0.443 0.220
v 0.5000 0.4590 3.0300 0.820 0.443 0.220
v 0.5000 0.4590 0.0000 0.820 0.443 0.220
v 0.6000 0.4590 3.0300 0.820 0.443 0.220
v 0.6000 0.4590 0.0000 0.820 0.443 0.220
v 0.7000 0.4590 3.0300 0.820 0.443 0.220
v 0.7000 0.4590 0.0000 0.820 0.443 0.220
v 0.8000 0.4590 3.0300 0.820 0.443 0.220
v 0.8000 0.4590 0.0000 0.820 0.443 0.220
v 0.9000 0.4590 3.0300 0.820 0.443 0.220
v 0.9000 0.4590 0.0000 0.820 0.443 0.220
v 1.0000 0.4590 3.0300 0.820 0.443 0.220
v 1.0000 0.4590 0.0000 0.820 0.443 0.220
v 1.1000 0.4590 3.0300 0.820 0.443 0.220
v 1.1000 0.4590 0.0000 0.820 0.443 0.220
v 1.2000 0.4590 3.0300 0.820 0.443 0.220
v 1.2000 0.4590 0.0000 0.820 0.443 0.220
v 1.3000 0.4590 3.0300 0.820 0.443 0.220
v 1.3000 0.4590 0.0000 0.820 0.443 0.220
v 1.4000 0.4590 3.0300 0.820 0.443 0.220
v 1.4000 0.4590 0.0000 0.820 0.443 0.220
v 1.5000 0.4590 3.0300 0.820 0.443 0.220
v 1.5000 0.4590 0.0000 0.820 0.443 0.220
v 1.6000 0.4590 3.0300 0.820 0.443 0.220
v 1.6000 0.4590 0.0000 0.820 0.443 0.220
v 1.7000 0.4590 3.0300 0.820 0.443 0.220
v 1.7000 0.4590 0.0000 0.820 0.443 0.220
v 1.8000 0.4590 3.0300 0.820 0.443 0.220
v 1.8000 0.4590 0.0000 0.820 0.443 0.220
v 1.9000 0.4590 3.0300 0.820 0.443 0.220
v 1.9000 0.4590 0.0000 0.820 0.443 0.220
v 2.0000 0.4590 3.0300 0.820 0.443 0.220
v 2.0000 0.4590 0.0000 0.820 0.443 0.220
v 2.1000 0.4590 3.0300 0.820 0.443 0.220
v 2.1000 0.4590 0.0000 0.820 0.443 0.220
v 2.2000 0.4590 3.0300 0.820 0.443 0.220
v 2.2000 0.4590 0.0000 0.820 0.443 0.220
v 2.3000 0.4590 3.0300 0.820 0.443 0.220
v 2.3000 0.4590 0.0000 0.820 0.443 0.220
v 2.4000 0.4590 3.0300 0.820 0.443 0.220
v 2.4000 0.4590 0.0000 0.820 0.443 0.220
v 2.5000 0.4590 3.0300 0.820 0.443 0.220
v 2.5000 0.4590 0.0000 0.820 0.443 0.220
v 2.6000 0.4590 3.0300 0.820 0.443 0.220
v 2.6000 0.4590 0.0000 0.820 0.443 0.220
v 2.6300 0.4590 0.0000 0.820 0.443 0.220
v 0.0000 0.4590 0.0000 0.820 0.443 0.220
v 2.6300 0.4590 0.1000 0.820 0.443 0.220
v 0.0000 0.4590 0.1000 0.820 0.443 0.220
v 2.6300 0.4590 0.2000 0.820 0.443 0.220
v 0.0000 0.4590 0.2000 0.820 0.443 0.220
v 2.6300 0.4590 0.3000 0.820 0.443 0.220
v 0.0000 0.4590 0.3000 0.820 0.443 0.220
v 2.6300 0.4590 0.4000 0.820 0.443 0.220
v 0.0000 0.4590 0.4000 0.820 0.443 0.220
v 2.6300 0.4590 0.5000 0.820 0.443 0.220
v 0.0000 0.4590 0.5000 0.820 0.443 0.220
v 2.6300 0.4590 0.6000 0.820 0.443 0.220
v 0.0000 0.4590 0.6000 0.820 0.443 0.220
v 2.6300 0.4590 0.7000 0.820 0.443 0.220
v 0.0000 0.4590 0.7000 0.820 0.443 0.220
v 2.6300 0.4590 0.8000 0.820 0.443 0.220
v 0.0000 0.4590 0.8000 0.820 0.443 0.220
v 2.6300 0.4590 0.9000 0.820 0.443 0.220
v 0.0000 0.4590 0.9000 0.820 0.443 0.220
v 2.6300 0.4590 1.0000 0.820 0.443 0.220
v 0.0000 0.4590 1.0000 0.820 0.443 0.220
v 2.6300 0.4590 1.1000 0.820 0.443 0.220
v 0.0000 0.4590 1.1000 0.820 0.443 0.220
v 2.6300 0.4590 1.2000 0.820 0.443 0.220
v 0.0000 0.4590 1.2000 0.820 0.443 0.220
v 2.6300 0.4590 1.3000 0.820 0.443 0.220
v 0.0000 0.4590 1.3000 0.820 0.443 0.220
v 2.6300 0.4590 1.4000 0.820 0.443 0.220
v 0.0000 0.4590 1.4000 0.820 0.443 0.220
v 2.6300 0.4590 1.5000 0.820 0.443 0.220
v 0.0000 0.4590 1.5000 0.820 0.443 0.220
v 2.6300 0.4590 1.6000 0.820 0.443 0.220
v 0.0000 0.4590 1.6000 0.820 0.443 0.220
v 2.6300 0.4590 1.7000 0.820 0.443 0.220
v 0.0000 0.4590 1.7000 0.820 0.443 0.220
v 2.6300 0.4590 1.8000 0.820 0.443 0.220
v 0.0000 0.4590 1.8000 0.820 0.443 0.220
v 2.6300 0.4590 1.9000 0.820 0.443 0.220
v 0.0000 0.4590 1.9000 0.820 0.443 0.220
v 2.6300 0.4590 2.0000 0.820 0.443 0.220
v 0.0000 0.4590 2.0000 0.820 0.443 0.220
v 2.6300 0.4590 2.1000 0.820 0.443 0.220
v 0.0000 0.4590 2.1000 0.820 0.443 0.220
v 2.6300 0.4590 2.2000 0.820 0.443 0.220
v 0.0000 0.4590 2.2000 0.820 0.443 0.220
v 2.6300 0.4590 2.3000 0.820 0.443 0.220
v 0.0000 0.4590 2.3000 0.820 0.443 0.220
v 2.6300 0.4590 2.4000 0.820 0.443 0.220
v 0.0000 0.4590 2.4000 0.820 0.443 0.220
v 2.6300 0.4590 2.5000 0.820 0.443 0.220
v 0.0000 0.4590 2.5000 0.820 0.443 0.220
v 2.6300 0.4590 2.6000 0.820 0.443 0.220
v 0.0000 0.4590 2.6000 0.820 0.443 0.220
v 2.6300 0.4590 2.7000 0.820 0.443 0.220
v 0.0000 0.4590 2.7000 0.820 0.443 0.220
v 2.6300 0.4590 2.8000 0.820 0.443 0.220
v 0.0000 0.4590 2.8000 0.820 0.443 0.220
v 2.6300 0.4590 2.9000 0.820 0.443 0.220
v 0.0000 0.4590 2.9000 0.820 0.443 0.220
v 2.6300 0.4590 3.0000 0.820 0.443 0.220
v 0.0000 0.4590 3.0000 0.820 0.443 0.220
v 0.0000 0.5538 3.0300 0.784 0.533 0.267
v 0.0000 0.5538 0.0000 0.784 0.533 0.267
v 0.1000 0.5538 3.0300 0.784 0.533 0.267
v 0.1000 0.5538 0.0000 0.784 0.533 0.267
v 0.2000 0.5538 3.0300 0.784 0.533 0.267
v 0.2000 0.5538 0.0000 0.784 0.533 0.267
v 0.3000 0.5538 3.0300 0.784 0.533 0.267
v 0.3000 0.5538 0.0000 0.784 0.533 0.267
v 0.4000 0.5538 3.0300 0.784 0.533 0.267
v 0.4000 0.5538 0.0000 0.784 0.533 0.267
v 0.5000 0.5538 3.0300 0.784 0.533 0.267
v 0.5000 0.5538 0.0000 0.784 0.533 0.267
v 0.6000 0.5538 3.0300 0.784 0.533 0.267
v 0.6000 0.5538 0.0000 0.784 0.533 0.267
v 0.7000 0.5538 3.0300 0.784 0.533 0.267
v 0.7000 0.5538 0.0000 0.784 0.533 0.267
v 0.8000 0.5538 3.0300 0.784 0.533 0.267
v 0.8000 0.5538 0.0000 0.784 0.533 0.267
v 0.9000 0.5538 3.0300 0.784 0.533 0.267
v 0.9000 0.5538 0.0000 0.784 0.533 0.267
v 1.0000 0.5538 3.0300 0.784 0.533 0.267
v 1.0000 0.5538 0.0000 0.784 0.533 0.267
v 1.1000 0.5538 3.0300 0.784 0.533 0.267
v 1.1000 0.5538 0.0000 0.784 0.533 0.267
v 1.2000 0.5538 3.0300 0.784 0.533 0.267
v 1.2000 0.5538 0.0000 0.784 0.533 0.267
v 1.3000 0.5538 3.0300 0.784 0.533 0.267
v 1.3000 0.5538 0.0000 0.784 0.533 0.267
v 1.4000 0.5538 3.0300 0.784 0.533 0.267
v 1.4000 0.5538 0.0000 0.784 0.533 0.267
v 1.5000 0.5538 3.0300 0.784 0.533 0.267
v 1.5000 0.5538 0.0000 0.784 0.533 0.267
v 1.6000 0.5538 3.0300 0.784 0.533 0.267
v 1.6000 0.5538 0.0000 0.784 0.533 0.267
v 1.7000 0.5538 3.0300 0.784 0.533 0.267
v 1.7000 0.5538 0.0000 0.784 0.533 0.267
v 1.8000 0.5538 3.0300 0.784 0.533 0.267
v 1.8000 0.5538 0.0000 0.784 0.533 0.267
v 1.9000 0.5538 3.0300 0.784 0.533 0.267
v 1.9000 0.5538 0.0000 0.784 0.533 0.267
v 2.0000 0.5538 3.0300 0.784 0.533 0.267
v 2.0000 0.5538 0.0000 0.784 0.533 0.267
v 2.1000 0.5538 3.0300 0.784 0.533 0.267
v 2.1000 0.5538 0.0000 0.784 0.533 0.267
v 2.2000 0.5538 3.0300 0.784 0.533 0.267
v 2.2000 0.5538 0.0000 0.784 0.533 0.267
v 2.3000 0.5538 3.0300 0.784 0.533 0.267
v 2.3000 0.5538 0.0000 0.784 0.533 0.267
v 2.4000 0.5538 3.0300 0.784 0.533 0.267
v 2.4000 0.5538 0.0000 0.784 0.533 0.267
v 2.5000 0.5538 3.0300 0.784 0.533 0.267
v 2.5000 0.5538 0.0000 0.784 0.533 0.267
v 2.6000 0.5538 3.0300 0.784 0.533 0.267
v 2.6000 0.5538 0.0000 0.784 0.533 0.267
v 2.6300 0.5538 0.0000 0.784 0.533 0.267
v 0.0000 0.5538 0.0000 0.784 0.533 0.267
v 2.6300 0.5538 0.1000 0.784 0.533 0.267
v 0.0000 0.5538 0.1000 0.784 0.533 0.267
v 2.6300 0.5538 0.2000 0.784 0.533 0.267
v 0.0000 0.5538 0.2000 0.784 0.533 0.267
v 2.6300 0.5538 0.3000 0.784 0.533 0.267
v 0.0000 0.5538 0.3000 0.784 0.533 0.267
v 2.6300 0.5538 0.4000 0.784 0.533 0.267
v 0.0000 0.5538 0.4000 0.784 0.533 0.267
v 2.6300 0.5538 0.5000 0.784 0.533 0.267
v 0.0000 0.5538 0.5000 0.784 0.533 0.267
v 2.6300 0.5538 0.6000 0.784 0.533 0.267
v 0.0000 0.5538 0.6000 0.784 0.533 0.267
v 2.6300 0.5538 0.7000 0.784 0.533 0.267
v 0.0000 0.5538 0.7000 0.784 0.533 0.267
v 2.6300 0.5538 0.8000 0.784 0.533 0.267
v 0.0000 0.5538 0.8000 0.784 0.533 0.267
v 2.6300 0.5538 0.9000 0.784 0.533 0.267
v 0.0000 0.5538 0.9000 0.784 0.533 0.267
v 2.6300 0.5538 1.0000 0.784 0.533 0.267
v 0.0000 0.5538 1.0000 0.784 0.533 0.267
v 2.6300 0.5538 1.1000 0.784 0.533 0.267
v 0.0000 0.5538 1.1000 0.784 0.533 0.267
v 2.6300 0.5538 1.2000 0.784 0.533 0.267
v 0.0000 0.5538 1.2000 0.784 0.533 0.267
v 2.6300 0.5538 1.3000 0.784 0.533 0.267
v 0.0000 0.5538 1.3000 0.784 0.533 0.267
v 2.6300 0.5538 1.4000 0.784 0.533 0.267
v 0.0000 0.5538 1.4000 0.784 0.533 0.267
v 2.6300 0.5538 1.5000 0.784 0.533 0.267
v 0.0000 0.5538 1.5000 0.784 0.533 0.267
v 2.6300 0.5538 1.6000 0.784 0.533 0.267
v 0.0000 0.5538 1.6000 0.784 0.533 0.267
v 2.6300 0.5538 1.7000 0.784 0.533 0.267
v 0.0000 0.5538 1.7000 0.784 0.533 0.267
v 2.6300 0.5538 1.8000 0.784 0.533 0.267
v 0.0000 0.5538 1.8000 0.784 0.533 0.267
v 2.6300 0.5538 1.9000 0.784 0.533 0.267
v 0.0000 0.5538 1.9000 0.784 0.533 0.267
v 2.6300 0.5538 2.0000 0.784 0.533 0.267
v 0.0000 0.5538 2.0000 0.784 0.533 0.267
v 2.6300 0.5538 2.1000 0.784 0.533 0.267
v 0.0000 0.5538 2.1000 0.784 0.533 0.267
v 2.6300 0.5538 2.2000 0.784 0.533 0.267
v 0.0000 0.5538 2.2000 0.784 0.533 0.267
v 2.6300 0.5538 2.3000 0.784 0.533 0.267
v 0.0000 0.5538 2.3000 0.784 0.533 0.267
v 2.6300 0.5538 2.4000 0.784 0.533 0.267
v 0.0000 0.5538 2.4000 0.784 0.533 0.267
v 2.6300 0.5538 2.5000 0.784 0.533 0.267
v 0.0000 0.5538 2.5000 0.784 0.533 0.267
v 2.6300 0.5538 2.6000 0.784 0.533 0.267
v 0.0000 0.5538 2.6000 0.784 0.533 0.267
v 2.6300 0.5538 2.7000 0.784 0.533 0.267
v 0.0000 0.5538 2.7000 0.784 0.533 0.267
v 2.6300 0.5538 2.8000 0.784 0.533 0.267
v 0.0000 0.5538 2.8000 0.784 0.533 0.267
v 2.6300 0.5538 2.9000 0.784 0.533 0.267
v 0.0000 0.5538 2.9000 0.784 0.533 0.267
v 2.6300 0.5538 3.0000 0.784 0.533 0.267
v 0.0000 0.5538 3.0000 0.784 0.533 0.267
v 0.0000 0.6486 3.0300 0.749 0.624 0.310
v 0.0000 0.6486 0.0000 0.749 0.624 0.310
v 0.1000 0.6486 3.0300 0.749 0.624 0.310
v 0.1000 0.6486 0.0000 0.749 0.624 0.310
v 0.2000 0.6486 3.0300 0.749 0.624 0.310
v 0.2000 0.6486 0.0000 0.749 0.624 0.310
v 0.3000 0.6486 3.0300 0.749 0.624 0.310
v 0.3000 0.6486 0.0000 0.749 0.624 0.310
v 0.4000 0.6486 3.0300 0.749 0.624 0.310
v 0.4000 0.6486 0.0000 0.749 0.624 0.310
v 0.5000 0.6486 3.0300 0.749 0.624 0.310
v 0.5000 0.6486 0.0000 0.749 0.624 0.310
v 0.6000 0.6486 3.0300 0.749 0.624 0.310
v 0.6000 0.6486 0.0000 0.749 0.624 0.310
v 0.7000 0.6486 3.0300 0.749 0.624 0.310
v 0.7000 0.6486 0.0000 0.749 0.624 0.310
v 0.8000 0.6486 3.0300 0.749 0.624 0.310
v 0.8000 0.6486 0.0000 0.749 0.624 0.310
v 0.9000 0.6486 3.0300 0.749 0.624 0.310
v 0.9000 0.6486 0.0000 0.749 0.624 0.310
v 1.0000 0.6486 3.0300 0.749 0.624 0.310
v 1.0000 0.6486 0.0000 0.749 0.624 0.310
v 1.1000 0.6486 3.0300 0.749 0.624 0.310
v 1.1000 0.6486 0.0000 0.749 0.624 0.310
v 1.2000 0.6486 3.0300 0.749 0.624 0.310
v 1.2000 0.6486 0.0000 0.749 0.624 0.310
v 1.3000 0.6486 3.0300 0.749 0.624 0.310
v 1.3000 0.6486 0.0000 0.749 0.624 0.310
v 1.4000 0.6486 3.0300 0.749 0.624 0.310
v 1.4000 0.6486 0.0000 0.749 0.624 0.310
v 1.5000 0.6486 3.0300 0.749 0.624 0.310
v 1.5000 0.6486 0.0000 0.749 0.624 0.310
v 1.6000 0.6486 3.0300 0.749 0.624 0.310
v 1.6000 0.6486 0.0000 0.749 0.624 0.310
v 1.7000 0.6486 3.0300 0.749 0.624 0.310
v 1.7000 0.6486 0.0000 0.749 0.624 0.310
v 1.8000 0.6486 3.0300 0.749 0.624 0.310
v 1.8000 0.6486 0.0000 0.749 0.624 0.310
v 1.9000 0.6486 3.0300 0.749 0.624 0.310
v 1.9000 0.6486 0.0000 0.749 0.624 0.310
v 2.0000 0.6486 3.0300 0.749 0.624 0.310
v 2.0000 0.6486 0.0000 0.749 0.624 0.310
v 2.1000 0.6486 3.0300 0.749 0.624 0.310
v 2.1000 0.6486 0.0000 0.749 0.624 0.310
v 2.2000 0.6486 3.0300 0.749 0.624 0.310
v 2.2000 0.6486 0.0000 0.749 0.624 0.310
v 2.3000 0.6486 3.0300 0.749 0.624 0.310
v 2.3000 0.6486 0.0000 0.749 0.624 0.310
v 2.4000 0.6486 3.0300 0.749 0.624 0.310
v 2.4000 0.6486 0.0000 0.749 0.624 0.310
v 2.5000 0.6486 3.0300 0.749 0.624 0.310
v 2.5000 0.6486 0.0000 0.749 0.624 0.310
v 2.6000 0.6486 3.0300 0.749 0.624 0.310
v 2.6000 0.6486 0.0000 0.749 0.624 0.310
v 2.6300 0.6486 0.0000 0.749 0.624 0.310
v 0.0000 0.6486 0.0000 0.749 0.624 0.310
v 2.6300 0.6486 0.1000 0.749 0.624 0.310
v 0.0000 0.6486 0.1000 0.749 0.624 0.310
v 2.6300 0.6486 0.2000 0.749 0.624 0.310
v 0.0000 0.6486 0.2000 0.749 0.624 0.310
v 2.6300 0.6486 0.3000 0.749 0.624 0.310
v 0.0000 0.6486 0.3000 0.749 0.624 0.310
v 2.6300 0.6486 0.4000 0.749 0.624 0.310
v 0.0000 0.6486 0.4000 0.749 0.624 0.310
v 2.6300 0.6486 0.5000 0.749 0.624 0.310
v 0.0000 0.6486 0.5000 0.749 0.624 0.310
v 2.6300 0.6486 0.6000 0.749 0.624 0.310
v 0.0000 0.6486 0.6000 0.749 0.624 0.310
v 2.6300 0.6486 0.7000 0.749 0.624 0.310
v 0.0000 0.6486 0.7000 0.749 0.624 0.310
v 2.6300 0.6486 0.8000 0.749 0.624 0.310
v 0.0000 0.6486 0.8000 0.749 0.624 0.310
v 2.6300 0.6486 0.9000 0.749 0.624 0.310
v 0.0000 0.6486 0.9000 0.749 0.624 0.310
v 2.6300 0.6486 1.0000 0.749 0.624 0.310
v 0.0000 0.6486 1.0000 0.749 0.624 0.310
v 2.6300 0.6486 1.1000 0.749 0.624 0.310
v 0.0000 0.6486 1.1000 0.749 0.624 0.310
v 2.6300 0.6486 1.2000 0.749 0.624 0.310
v 0.0000 0.6486 1.2000 0.749 0.624 0.310
v 2.6300 0.6486 1.3000 0.749 0.624 0.310
v 0.0000 0.6486 1.3000 0.749 0.624 0.310
v 2.6300 0.6486 1.4000 0.749 0.624 0.310
v 0.0000 0.6486 1.4000 0.749 0.624 0.310
v 2.6300 0.6486 1.5000 0.749 0.624 0.310
v 0.0000 0.6486 1.5000 0.749 0.624 0.310
v 2.6300 0.6486 1.6000 0.749 0.624 0.310
v 0.0000 0.6486 1.6000 0.749 0.624 0.310
v 2.6300 0.6486 1.7000 0.749 0.624 0.310
v 0.0000 0.6486 1.7000 0.749 0.624 0.310
v 2.6300 0.6486 1.8000 0.749 0.624 0.310
v 0.0000 0.6486 1.8000 0.749 0.624 0.310
v 2.6300 0.6486 1.9000 0.749 0.624 0.310
v 0.0000 0.6486 1.9000 0.749 0.624 0.310
v 2.6300 0.6486 2.0000 0.749 0.624 0.310
v 0.0000 0.6486 2.0000 0.749 0.624 0.310
v 2.6300 0.6486 2.1000 0.749 0.624 0.310
v 0.0000 0.6486 2.1000 0.749 0.624 0.310
v 2.6300 0.6486 2.2000 0.749 0.624 0.310
v 0.0000 0.6486 2.2000 0.749 0.624 0.310
v 2.6300 0.6486 2.3000 0.749 0.624 0.310
v 0.0000 0.6486 2.3000 0.749 0.624 0.310
v 2.6300 0.6486 2.4000 0.749 0.624 0.310
v 0.0000 0.6486 2.4000 0.749 0.624 0.310
v 2.6300 0.6486 2.5000 0.749 0.624 0.310
v 0.0000 0.6486 2.5000 0.749 0.624 0.310
v 2.6300 0.6486 2.6000 0.749 0.624 0.310
v 0.0000 0.6486 2.6000 0.749 0.624 0.310
v 2.6300 0.6486 2.7000 0.749 0.624 0.310
v 0.0000 0.6486 2.7000 0.749 0.624 0.310
v 2.6300 0.6486 2.8000 0.749 0.624 0.310
v 0.0000 0.6486 2.8000 0.749 0.624 0.310
v 2.6300 0.6486 2.9000 0.749 0.624 0.310
v 0.0000 0.6486 2.9000 0.749 0.624 0.310
v 2.6300 0.6486 3.0000 0.749 0.624 0.310
v 0.0000 0.6486 3.0000 0.749 0.624 0.310
v 0.0000 0.7433 3.0300 0.710 0.718 0.357
v 0.0000 0.7433 0.0000 0.710 0.718 0.357
v 0.1000 0.7433 3.0300 0.710 0.718 0.357
v 0.1000 0.7433 0.0000 0.710 0.718 0.357
v 0.2000 0.7433 3.0300 0.710 0.718 0.357
v 0.2000 0.7433 0.0000 0.710 0.718 0.357
v 0.3000 0.7433 3.0300 0.710 0.718 0.357
v 0.3000 0.7433 0.0000 0.710 0.718 0.357
v 0.4000 0.7433 3.0300 0.710 0.718 0.357
v 0.4000 0.7433 0.0000 0.710 0.718 0.357
v 0.5000 0.7433 3.0300 0.710 0.718 0.357
v 0.5000 0.7433 0.0000 0.710 0.718 0.357
v 0.6000 0.7433 3.0300 0.710 0.718 0.357
v 0.6000 0.7433 0.0000 0.710 0.718 0.357
v 0.7000 0.7433 3.0300 0.710 0.718 0.357
v 0.7000 0.7433 0.0000 0.710 0.718 0.357
v 0.8000 0.7433 3.0300 0.710 0.718 0.357
v 0.8000 0.7433 0.0000 0.710 0.718 0.357
v 0.9000 0.7433 3.0300 0.710 0.718 0.357
v 0.9000 0.7433 0.0000 0.710 0.718 0.357
v 1.0000 0.7433 3.0300 0.710 0.718 0.357
v 1.0000 0.7433 0.0000 0.710 0.718 0.357
v 1.1000 0.7433 3.0300 0.710 0.718 0.357
v 1.1000 0.7433 0.0000 0.710 0.718 0.357
v 1.2000 0.7433 3.0300 0.710 0.718 0.357
v 1.2000 0.7433 0.0000 0.710 0.718 0.357
v 1.3000 0.7433 3.0300 0.710 0.718 0.357
v 1.3000 0.7433 0.0000 0.710 0.718 0.357
v 1.4000 0.7433 3.0300 0.710 0.718 0.357
v 1.4000 0.7433 0.0000 0.710 0.718 0.357
v 1.5000 0.7433 3.0300 0.710 0.718 0.357
v 1.5000 0.7433 0.0000 0.710 0.718 0.357
v 1.6000 0.7433 3.0300 0.710 0.718 0.357
v 1.6000 0.7433 0.0000 0.710 0.718 0.357
v 1.7000 0.7433 3.0300 0.710 0.718 0.357
v 1.7000 0.7433 0.0000 0.710 0.718 0.357
v 1.8000 0.7433 3.0300 0.710 0.718 0.357
v 1.8000 0.7433 0.0000 0.710 0.718 0.357
v 1.9000 0.7433 3.0300 0.710 0.718 0.357
v 1.9000 0.7433 0.0000 0.710 0.718 0.357
v 2.0000 0.7433 3.0300 0.710 0.718 0.357
v 2.0000 0.7433 0.0000 0.710 0.718 0.357
v 2.1000 0.7433 3.0300 0.710 0.718 0.357
v 2.1000 0.7433 0.0000 0.710 0.718 0.357
v 2.2000 0.7433 3.0300 0.710 0.718 0.357
v 2.2000 0.7433 0.0000 0.710 0.718 0.357
v 2.3000 0.7433 3.0300 0.710 0.718 0.357
v 2.3000 0.7433 0.0000 0.710 0.718 0.357
v 2.4000 0.7433 3.0300 0.710 0.718 0.357
v 2.4000 0.7433 0.0000 0.710 0.718 0.357
v 2.5000 0.7433 3.0300 0.710 0.718 0.357
v 2.5000 0.7433 0.0000 0.710 0.718 0.357
v 2.6000 0.7433 3.0300 0.710 0.718 0.357
v 2.6000 0.7433 0.0000 0.710 0.718 0.357
v 2.6300 0.7433 0.0000 0.710 0.718 0.357
v 0.0000 0.7433 0.0000 0.710 0.718 0.357
v 2.6300 0.7433 0.1000 0.710 0.718 0.357
v 0.0000 0.7433 0.1000 0.710 0.718 0.357
v 2.6300 0.7433 0.2000 0.710 0.718 0.357
v 0.0000 0.7433 0.2000 0.710 0.718 0.357
v 2.6300 0.7433 0.3000 0.710 0.718 0.357
v 0.0000 0.7433 0.3000 0.710 0.718 0.357
v 2.6300 0.7433 0.4000 0.710 0.718 0.357
v 0.0000 0.7433 0.4000 0.710 0.718 0.357
v 2.6300 0.7433 0.5000 0.710 0.718 0.357
v 0.0000 0.7433 0.5000 0.710 0.718 0.357
v 2.6300 0.7433 0.6000 0.710 0.718 0.357
v 0.0000 0.7433 0.6000 0.710 0.718 0.357
v 2.6300 0.7433 0.7000 0.710 0.718 0.357
v 0.0000 0.7433 0.7000 0.710 0.718 0.357
v 2.6300 0.7433 0.8000 0.710 0.718 0.357
v 0.0000 0.7433 0.8000 0.710 0.718 0.357
v 2.6300 0.7433 0.9000 0.710 0.718 0.357
v 0.0000 0.7433 0.9000 0.710 0.718 0.357
v 2.6300 0.7433 1.0000 0.710 0.718 0.357
v 0.0000 0.7433 1.0000 0.710 0.718 0.357
v 2.6300 0.7433 1.1000 0.710 0.718 0.357
v 0.0000 0.7433 1.1000 0.710 0.718 0.357
v 2.6300 0.7433 1.2000 0.710 0.718 0.357
v 0.0000 0.7433 1.2000 0.710 0.718 0.357
v 2.6300 0.7433 1.3000 0.710 0.718 0.357
v 0.0000 0.7433 1.3000 0.710 0.718 0.357
v 2.6300 0.7433 1.4000 0.710 0.718 0.357
v 0.0000 0.7433 1.4000 0.710 0.718 0.357
v 2.6300 0.7433 1.5000 0.710 0.718 0.357
v 0.0000 0.7433 1.5000 0.710 0.718 0.357
v 2.6300 0.7433 1.6000 0.710 0.718 0.357
v 0.0000 0.7433 1.6000 0.710 0.718 0.357
v 2.6300 0.7433 1.7000 0.710 0.718 0.357
v 0.0000 0.7433 1.7000 0.710 0.718 0.357
v 2.6300 0.7433 1.8000 0.710 0.718 0.357
v 0.0000 0.7433 1.8000 0.710 0.718 0.357
v 2.6300 0.7433 1.9000 0.710 0.718 0.357
v 0.0000 0.7433 1.9000 0.710 0.718 0.357
v 2.6300 0.7433 2.0000 0.710 0.718 0.357
v 0.0000 0.7433 2.0000 0.710 0.718 0.357
v 2.6300 0.7433 2.1000 0.710 0.718 0.357
v 0.0000 0.7433 2.1000 0.710 0.718 0.357
v 2.6300 0.7433 2.2000 0.710 0.718 0.357
v 0.0000 0.7433 2.2000 0.710 0.718 0.357
v 2.6300 0.7433 2.3000 0.710 0.718 0.357
v 0.0000 0.7433 2.3000 0.710 0.718 0.357
v 2.6300 0.7433 2.4000 0.710 0.718 0.357
v 0.0000 0.7433 2.4000 0.710 0.718 0.357
v 2.6300 0.7433 2.5000 0.710 0.718 0.357
v 0.0000 0.7433 2.5000 0.710 0.718 0.357
v 2.6300 0.7433 2.6000 0.710 0.718 0.357
v 0.0000 0.7433 2.6000 0.710 0.718 0.357
v 2.6300 0.7433 2.7000 0.710 0.718 0.357
v 0.0000 0.7433 2.7000 0.710 0.718 0.357
v 2.6300 0.7433 2.8000 0.710 0.718 0.357
v 0.0000 0.7433 2.8000 0.710 0.718 0.357
v 2.6300 0.7433 2.9000 0.710 0.718 0.357
v 0.0000 0.7433 2.9000 0.710 0.718 0.357
v 2.6300 0.7433 3.0000 0.710 0.718 0.357
v 0.0000 0.7433 3.0000 0.710 0.718 0.357
v 0.0000 0.8381 3.0300 0.675 0.808 0.404
v 0.0000 0.8381 0.0000 0.675 0.808 0.404
v 0.1000 0.8381 3.0300 0.675 0.808 0.404
v 0.1000 0.8381 0.0000 0.675 0.808 0.404
v 0.2000 0.8381 3.0300 0.675 0.808 0.404
v 0.2000 0.8381 0.0000 0.675 0.808 0.404
v 0.3000 0.8381 3.0300 0.675 0.808 0.404
v 0.3000 0.8381 0.0000 0.675 0.808 0.404
v 0.4000 0.8381 3.0300 0.675 0.808 0.404
v 0.4000 0.8381 0.0000 0.675 0.808 0.404
v 0.5000 0.8381 3.0300 0.675 0.808 0.404
v 0.5000 0.8381 0.0000 0.675 0.808 0.404
v 0.6000 0.8381 3.0300 0.675 0.808 0.404
v 0.6000 0.8381 0.0000 0.675 0.808 0.404
v 0.7000 0.8381 3.0300 0.675 0.808 0.404
v 0.7000 0.8381 0.0000 0.675 0.808 0.404
v 0.8000 0.8381 3.0300 0.675 0.808 0.404
v 0.8000 0.8381 0.0000 0.675 0.808 0.404
v 0.9000 0.8381 3.0300 0.675 0.808 0.404
v 0.9000 0.8381 0.0000 0.675 0.808 0.404
v 1.0000 0.8381 3.0300 0.675 0.808 0.404
v 1.0000 0.8381 0.0000 0.675 0.808 0.404
v 1.1000 0.8381 3.0300 0.675 0.808 0.404
v 1.1000 0.8381 0.0000 0.675 0.808 0.404
v 1.2000 0.8381 3.0300 0.675 0.808 0.404
v 1.2000 0.8381 0.0000 0.675 0.808 0.404
v 1.3000 0.8381 3.0300 0.675 0.808 0.404
v 1.3000 0.8381 0.0000 0.675 0.808 0.404
v 1.4000 0.8381 3.0300 0.675 0.808 0.404
v 1.4000 0.8381 0.0000 0.675 0.808 0.404
v 1.5000 0.8381 3.0300 0.675 0.808 0.404
v 1.5000 0.8381 0.0000 0.675 0.808 0.404
v 1.6000 0.8381 3.0300 0.675 0.808 0.404
v 1.6000 0.8381 0.0000 0.675 0.808 0.404
v 1.7000 0.8381 3.0300 0.675 0.808 0.404
v 1.7000 0.8381 0.0000 0.675 0.808 0.404
v 1.8000 0.8381 3.0300 0.675 0.808 0.404
v 1.8000 0.8381 0.0000 0.675 0.808 0.404
v 1.9000 0.8381 3.0300 0.675 0.808 0.404
v 1.9000 0.8381 0.0000 0.675 0.808 0.404
v 2.0000 0.8381 3.0300 0.675 0.808 0.404
v 2.0000 0.8381 0.0000 0.675 0.808 0.404
v 2.1000 0.8381 3.0300 0.675 0.808 0.404
v 2.1000 0.8381 0.0000 0.675 0.808 0.404
v 2.2000 0.8381 3.0300 0.675 0.808 0.404
v 2.2000 0.8381 0.0000 0.675 0.808 0.404
v 2.3000 0.8381 3.0300 0.675 0.808 0.404
v 2.3000 0.8381 0.0000 0.675 0.808 0.404
v 2.4000 0.8381 3.0300 0.675 0.808 0.404
v 2.4000 0.8381 0.0000 0.675 0.808 0.404
v 2.5000 0.8381 3.0300 0.675 0.808 0.404
v 2.5000 0.8381 0.0000 0.675 0.808 0.404
v 2.6000 0.8381 3.0300 0.675 0.808 0.404
v 2.6000 0.8381 0.0000 0.675 0.808 0.404
v 2.6300 0.8381 0.0000 0.675 0.808 0.404
v 0.0000 0.8381 0.0000 0.675 0.808 0.404
v 2.6300 0.8381 0.1000 0.675 0.808 0.404
v 0.0000 0.8381 0.1000 0.675 0.808 0.404
v 2.6300 0.8381 0.2000 0.675 0.808 0.404
v 0.0000 0.8381 0.2000 0.675 0.808 0.404
v 2.6300 0.8381 0.3000 0.675 0.808 0.404
v 0.0000 0.8381 0.3000 0.675 0.808 0.404
v 2.6300 0.8381 0.4000 0.675 0.808 0.404
v 0.0000 0.8381 0.4000 0.675 0.808 0.404
v 2.6300 0.8381 0.5000 0.675 0.808 0.404
v 0.0000 0.8381 0.5000 0.675 0.808 0.404
v 2.6300 0.8381 0.6000 0.675 0.808 0.404
v 0.0000 0.8381 0.6000 0.675 0.808 0.404
v 2.6300 0.8381 0.7000 0.675 0.808 0.404
v 0.0000 0.8381 0.7000 0.675 0.808 0.404
v 2.6300 0.8381 0.8000 0.675 0.808 0.404
v 0.0000 0.8381 0.8000 0.675 0.808 0.404
v 2.6300 0.8381 0.9000 0.675 0.808 0.404
v 0.0000 0.8381 0.9000 0.675 0.808 0.404
v 2.6300 0.8381 1.0000 0.675 0.808 0.404
v 0.0000 0.8381 1.0000 0.675 0.808 0.404
v 2.6300 0.8381 1.1000 0.675 0.808 0.404
v 0.0000 0.8381 1.1000 0.675 0.808 0.404
v 2.6300 0.8381 1.2000 0.675 0.808 0.404
v 0.0000 0.8381 1.2000 0.675 0.808 0.404
v 2.6300 0.8381 1.3000 0.675 0.808 0.404
v 0.0000 0.8381 1.3000 0.675 0.808 0.404
v 2.6300 0.8381 1.4000 0.675 0.808 0.404
v 0.0000 0.8381 1.4000 0.675 0.808 0.404
v 2.6300 0.8381 1.5000 0.675 0.808 0.404
v 0.0000 0.8381 1.5000 0.675 0.808 0.404
v 2.6300 0.8381 1.6000 0.675 0.808 0.404
v 0.0000 0.8381 1.6000 0.675 0.808 0.404
v 2.6300 0.8381 1.7000 0.675 0.808 0.404
v 0.0000 0.8381 1.7000 0.675 0.808 0.404
v 2.6300 0.8381 1.8000 0.675 0.808 0.404
v 0.0000 0.8381 1.8000 0.675 0.808 0.404
v 2.6300 0.8381 1.9000 0.675 0.808 0.404
v 0.0000 0.8381 1.9000 0.675 0.808 0.404
v 2.6300 0.8381 2.0000 0.675 0.808 0.404
v 0.0000 0.8381 2.0000 0.675 0.808 0.404
v 2.6300 0.8381 2.1000 0.675 0.808 0.404
v 0.0000 0.8381 2.1000 0.675 0.808 0.404
v 2.6300 0.8381 2.2000 0.675 0.808 0.404
v 0.0000 0.8381 2.2000 0.675 0.808 0.404
v 2.6300 0.8381 2.3000 0.675 0.808 0.404
v 0.0000 0.8381 2.3000 0.675 0.808 0.404
v 2.6300 0.8381 2.4000 0.675 0.808 0.404
v 0.0000 0.8381 2.4000 0.675 0.808 0.404
v 2.6300 0.8381 2.5000 0.675 0.808 0.404
v 0.0000 0.8381 2.5000 0.675 0.808 0.404
v 2.6300 0.8381 2.6000 0.675 0.808 0.404
v 0.0000 0.8381 2.6000 0.675 0.808 0.404
v 2.6300 0.8381 2.7000 0.675 0.808 0.404
v 0.0000 0.8381 2.7000 0.675 0.808 0.404
v 2.6300 0.8381 2.8000 0.675 0.808 0.404
v 0.0000 0.8381 2.8000 0.675 0.808 0.404
v 2.6300 0.8381 2.9000 0.675 0.808 0.404
v 0.0000 0.8381 2.9000 0.675 0.808 0.404
v 2.6300 0.8381 3.0000 0.675 0.808 0.404
v 0.0000 0.8381 3.0000 0.675 0.808 0.404
v 0.0000 0.9329 3.0300 0.639 0.898 0.447
v 0.0000 0.9329 0.0000 0.639 0.898 0.447
v 0.1000 0.9329 3.0300 0.639 0.898 0.447
v 0.1000 0.9329 0.0000 0.639 0.898 0.447
v 0.2000 0.9329 3.0300 0.639 0.898 0.447
v 0.2000 0.9329 0.0000 0.639 0.898 0.447
v 0.3000 0.9329 3.0300 0.639 0.898 0.447
v 0.3000 0.9329 0.0000 0.639 0.898 0.447
v 0.4000 0.9329 3.0300 0.639 0.898 0.447
v 0.4000 0.9329 0.0000 0.639 0.898 0.447
v 0.5000 0.9329 3.0300 0.639 0.898 0.447
v 0.5000 0.9329 0.0000 0.639 0.898 0.447
v 0.6000 0.9329 3.0300 0.639 0.898 0.447
v 0.6000 0.9329 0.0000 0.639 0.898 0.447
v 0.7000 0.9329 3.0300 0.639 0.898 0.447
v 0.7000 0.9329 0.0000 0.639 0.898 0.447
v 0.8000 0.9329 3.0300 0.639 0.898 0.447
v 0.8000 0.9329 0.0000 0.639 0.898 0.447
v 0.9000 0.9329 3.0300 0.639 0.898 0.447
v 0.9000 0.9329 0.0000 0.639 0.898 0.447
v 1.0000 0.9329 3.0300 0.639 0.898 0.447
v 1.0000 0.9329 0.0000 0.639 0.898 0.447
v 1.1000 0.9329 3.0300 0.639 0.898 0.447
v 1.1000 0.9329 0.0000 0.639 0.898 0.447
v 1.2000 0.9329 3.0300 0.639 0.898 0.447
v 1.2000 0.9329 0.0000 0.639 0.898 0.447
v 1.3000 0.9329 3.0300 0.639 0.898 0.447
v 1.3000 0.9329 0.0000 0.639 0.898 0.447
v 1.4000 0.9329 3.0300 0.639 0.898 0.447
v 1.4000 0.9329 0.0000 0.639 0.898 0.447
v 1.5000 0.9329 3.0300 0.639 0.898 0.447
v 1.5000 0.9329 0.0000 0.639 0.898 0.447
v 1.6000 0.9329 3.0300 0.639 0.898 0.447
v 1.6000 0.9329 0.0000 0.639 0.898 0.447
v 1.7000 0.9329 3.0300 0.639 0.898 0.447
v 1.7000 0.9329 0.0000 0.639 0.898 0.447
v 1.8000 0.9329 3.0300 0.639 0.898 0.447
v 1.8000 0.9329 0.0000 0.639 0.898 0.447
v 1.9000 0.9329 3.0300 0.639 0.898 0.447
v 1.9000 0.9329 0.0000 0.639 0.898 0.447
v 2.0000 0.9329 3.0300 0.639 0.898 0.447
v 2.0000 0.9329 0.0000 0.639 0.898 0.447
v 2.1000 0.9329 3.0300 0.639 0.898 0.447
v 2.1000 0.9329 0.0000 0.639 0.898 0.447
v 2.2000 0.9329 3.0300 0.639 0.898 0.447
v 2.2000 0.9329 0.0000 0.639 0.898 0.447
v 2.3000 0.9329 3.0300 0.639 0.898 0.447
v 2.3000 0.9329 0.0000 0.639 0.898 0.447
v 2.4000 0.9329 3.0300 0.639 0.898 0.447
v 2.4000 0.9329 0.0000 0.639 0.898 0.447
v 2.5000 0.9329 3.0300 0.639 0.898 0.447
v 2.5000 0.9329 0.0000 0.639 0.898 0.447
v 2.6000 0.9329 3.0300 0.639 0.898 0.447
v 2.6000 0.9329 0.0000 0.639 0.898 0.447
v 2.6300 0.9329 0.0000 0.639 0.898 0.447
v 0.0000 0.9329 0.0000 0.639 0.898 0.447
v 2.6300 0.9329 0.1000 0.639 0.898 0.447
v 0.0000 0.9329 0.1000 0.639 0.898 0.447
v 2.6300 0.9329 0.2000 0.639 0.898 0.447
v 0.0000 0.9329 0.2000 0.639 0.898 0.447
v 2.6300 0.9329 0.3000 0.639 0.898 0.447
v 0.0000 0.9329 0.3000 0.639 0.898 0.447
v 2.6300 0.9329 0.4000 0.639 0.898 0.447
v 0.0000 0.9329 0.4000 0.639 0.898 0.447
v 2.6300 0.9329 0.5000 0.639 0.898 0.447
v 0.0000 0.9329 0.5000 0.639 0.898 0.447
v 2.6300 0.9329 0.6000 0.639 0.898 0.447
v 0.0000 0.9329 0.6000 0.639 0.898 0.447
v 2.6300 0.9329 0.7000 0.639 0.898 0.447
v 0.0000 0.9329 0.7000 0.639 0.898 0.447
v 2.6300 0.9329 0.8000 0.639 0.898 0.447
v 0.0000 0.9329 0.8000 0.639 0.898 0.447
v 2.6300 0.9329 0.9000 0.639 0.898 0.447
v 0.0000 0.9329 0.9000 0.639 0.898 0.447
v 2.6300 0.9329 1.0000 0.639 0.898 0.447
v 0.0000 0.9329 1.0000 0.639 0.898 0.447
v 2.6300 0.9329 1.1000 0.639 0.898 0.447
v 0.0000 0.9329 1.1000 0.639 0.898 0.447
v 2.6300 0.9329 1.2000 0.639 0.898 0.447
v 0.0000 0.9329 1.2000 0.639 0.898 0.447
v 2.6300 0.9329 1.3000 0.639 0.898 0.447
v 0.0000 0.9329 1.3000 0.639 0.898 0.447
v 2.6300 0.9329 1.4000 0.639 0.898 0.447
v 0.0000 0.9329 1.4000 0.639 0.898 0.447
v 2.6300 0.9329 1.5000 0.639 0.898 0.447
v 0.0000 0.9329 1.5000 0.639 0.898 0.447
v 2.6300 0.9329 1.6000 0.639 0.898 0.447
v 0.0000 0.9329 1.6000 0.639 0.898 0.447
v 2.6300 0.9329 1.7000 0.639 0.898 0.447
v 0.0000 0.9329 1.7000 0.639 0.898 0.447
v 2.6300 0.9329 1.8000 0.639 0.898 0.447
v 0.0000 0.9329 1.8000 0.639 0.898 0.447
v 2.6300 0.9329 1.9000 0.639 0.898 0.447
v 0.0000 0.9329 1.9000 0.639 0.898 0.447
v 2.6300 0.9329 2.0000 0.639 0.898 0.447
v 0.0000 0.9329 2.0000 0.639 0.898 0.447
v 2.6300 0.9329 2.1000 0.639 0.898 0.447
v 0.0000 0.9329 2.1000 0.639 0.898 0.447
v 2.6300 0.9329 2.2000 0.639 0.898 0.447
v 0.0000 0.9329 2.2000 0.639 0.898 0.447
v 2.6300 0.9329 2.3000 0.639 0.898 0.447
v 0.0000 0.9329 2.3000 0.639 0.898 0.447
v 2.6300 0.9329 2.4000 0.639 0.898 0.447
v 0.0000 0.9329 2.4000 0.639 0.898 0.447
v 2.6300 0.9329 2.5000 0.639 0.898 0.447
v 0.0000 0.9329 2.5000 0.639 0.898 0.447
v 2.6300 0.9329 2.6000 0.639 0.898 0.447
v 0.0000 0.9329 2.6000 0.639 0.898 0.447
v 2.6300 0.9329 2.7000 0.639 0.898 0.447
v 0.0000 0.9329 2.7000 0.639 0.898 0.447
v 2.6300 0.9329 2.8000 0.639 0.898 0.447
v 0.0000 0.9329 2.8000 0.639 0.898 0.447
v 2.6300 0.9329 2.9000 0.639 0.898 0.447
v 0.0000 0.9329 2.9000 0.639 0.898 0.447
v 2.6300 0.9329 3.0000 0.639 0.898 0.447
v 0.0000 0.9329 3.0000 0.639 0.898 0.447
v 0.0000 1.0276 3.0300 0.600 0.992 0.494
v 0.0000 1.0276 0.0000 0.600 0.992 0.494
v 0.1000 1.0276 3.0300 0.600 0.992 0.494
v 0.1000 1.0276 0.0000 0.600 0.992 0.494
v 0.2000 1.0276 3.0300 0.600 0.992 0.494
v 0.2000 1.0276 0.0000 0.600 0.992 0.494
v 0.3000 1.0276 3.0300 0.600 0.992 0.494
v 0.3000 1.0276 0.0000 0.600 0.992 0.494
v 0.4000 1.0276 3.0300 0.600 0.992 0.494
v 0.4000 1.0276 0.0000 0.600 0.992 0.494
v 0.5000 1.0276 3.0300 0.600 0.992 0.494
v 0.5000 1.0276 0.0000 0.600 0.992 0.494
v 0.6000 1.0276 3.0300 0.600 0.992 0.494
v 0.6000 1.0276 0.0000 0.600 0.992 0.494
v 0.7000 1.0276 3.0300 0.600 0.992 0.494
v 0.7000 1.0276 0.0000 0.600 0.992 0.494
v 0.8000 1.0276 3.0300 0.600 0.992 0.494
v 0.8000 1.0276 0.0000 0.600 0.992 0.494
v 0.9000 1.0276 3.0300 0.600 0.992 0.494
v 0.9000 1.0276 0.0000 0.600 0.992 0.494
v 1.0000 1.0276 3.0300 0.600 0.992 0.494
v 1.0000 1.0276 0.0000 0.600 0.992 0.494
v 1.1000 1.0276 3.0300 0.600 0.992 0.494
v 1.1000 1.0276 0.0000 0.600 0.992 0.494
v 1.2000 1.0276 3.0300 0.600 0.992 0.494
v 1.2000 1.0276 0.0000 0.600 0.992 0.494
v 1.3000 1.0276 3.0300 0.600 0.992 0.494
v 1.3000 1.0276 0.0000 0.600 0.992 0.494
v 1.4000 1.0276 3.0300 0.600 0.992 0.494
v 1.4000 1.0276 0.0000 0.600 0.992 0.494
v 1.5000 1.0276 3.0300 0.600 0.992 0.494
v 1.5000 1.0276 0.0000 0.600 0.992 0.494
v 1.6000 1.0276 3.0300 0.600 0.992 0.494
v 1.6000 1.0276 0.0000 0.600 0.992 0.494
v 1.7000 1.0276 3.0300 0.600 0.992 0.494
v 1.7000 1.0276 0.0000 0.600 0.992 0.494
v 1.8000 1.0276 3.0300 0.600 0.992 0.494
v 1.8000 1.0276 0.0000 0.600 0.992 0.494
v 1.9000 1.0276 3.0300 0.600 0.992 0.494
v 1.9000 1.0276 0.0000 0.600 0.992 0.494
v 2.0000 1.0276 3.0300 0.600 0.992 0.494
v 2.0000 1.0276 0.0000 0.600 0.992 0.494
v 2.1000 1.0276 3.0300 0.600 0.992 0.494
v 2.1000 1.0276 0.0000 0.600 0.992 0.494
v 2.2000 1.0276 3.0300 0.600 0.992 0.494
v 2.2000 1.0276 0.0000 0.600 0.992 0.494
v 2.3000 1.0276 3.0300 0.600 0.992 0.494
v 2.3000 1.0276 0.0000 0.600 0.992 0.494
v 2.4000 1.0276 3.0300 0.600 0.992 0.494
v 2.4000 1.0276 0.0000 0.600 0.992 0.494
v 2.5000 1.0276 3.0300 0.600 0.992 0.494
v 2.5000 1.0276 0.0000 0.600 0.992 0.494
v 2.6000 1.0276 3.0300 0.600 0.992 0.494
v 2.6000 1.0276 0.0000 0.600 0.992 0.494
v 2.6300 1.0276 0.0000 0.600 0.992 0.494
v 0.0000 1.0276 0.0000 0.600 0.992 0.494
v 2.6300 1.0276 0.1000 0.600 0.992 0.494
v 0.0000 1.0276 0.1000 0.600 0.992 0.494
v 2.6300 1.0276 0.2000 0.600 0.992 0.494
v 0.0000 1.0276 0.2000 0.600 0.992 0.494
v 2.6300 1.0276 0.3000 0.600 0.992 0.494
v 0.0000 1.0276 0.3000 0.600 0.992 0.494
v 2.6300 1.0276 0.4000 0.600 0.992 0.494
v 0.0000 1.0276 0.4000 0.600 0.992 0.494
v 2.6300 1.0276 0.5000 0.600 0.992 0.494
v 0.0000 1.0276 0.5000 0.600 0.992 0.494
v 2.6300 1.0276 0.6000 0.600 0.992 0.494
v 0.0000 1.0276 0.6000 0.600 0.992 0.494
v 2.6300 1.0276 0.7000 0.600 0.992 0.494
v 0.0000 1.0276 0.7000 0.600 0.992 0.494
v 2.6300 1.0276 0.8000 0.600 0.992 0.494
v 0.0000 1.0276 0.8000 0.600 0.992 0.494
v 2.6300 1.0276 0.9000 0.600 0.992 0.494
v 0.0000 1.0276 0.9000 0.600 0.992 0.494
v 2.6300 1.0276 1.0000 0.600 0.992 0.494
v 0.0000 1.0276 1.0000 0.600 0.992 0.494
v 2.6300 1.0276 1.1000 0.600 0.992 0.494
v 0.0000 1.0276 1.1000 0.600 0.992 0.494
v 2.6300 1.0276 1.2000 0.600 0.992 0.494
v 0.0000 1.0276 1.2000 0.600 0.992 0.494
v 2.6300 1.0276 1.3000 0.600 0.992 0.494
v 0.0000 1.0276 1.3000 0.600 0.992 0.494
v 2.6300 1.0276 1.4000 0.600 0.992 0.494
v 0.0000 1.0276 1.4000 0.600 0.992 0.494
v 2.6300 1.0276 1.5000 0.600 0.992 0.494
v 0.0000 1.0276 1.5000 0.600 0.992 0.494
v 2.6300 1.0276 1.6000 0.600 0.992 0.494
v 0.0000 1.0276 1.6000 0.600 0.992 0.494
v 2.6300 1.0276 1.7000 0.600 0.992 0.494
v 0.0000 1.0276 1.7000 0.600 0.992 0.494
v 2.6300 1.0276 1.8000 0.600 0.992 0.494
v 0.0000 1.0276 1.8000 0.600 0.992 0.494
v 2.6300 1.0276 1.9000 0.600 0.992 0.494
v 0.0000 1.0276 1.9000 0.600 0.992 0.494
v 2.6300 1.0276 2.0000 0.600 0.992 0.494
v 0.0000 1.0276 2.0000 0.600 0.992 0.494
v 2.6300 1.0276 2.1000 0.600 0.992 0.494
v 0.0000 1.0276 2.1000 0.600 0.992 0.494
v 2.6300 1.0276 2.2000 0.600 0.992 0.494
v 0.0000 1.0276 2.2000 0.600 0.992 0.494
v 2.6300 1.0276 2.3000 0.600 0.992 0.494
v 0.0000 1.0276 2.3000 0.600 0.992 0.494
v 2.6300 1.0276 2.4000 0.600 0.992 0.494
v 0.0000 1.0276 2.4000 0.600 0.992 0.494
v 2.6300 1.0276 2.5000 0.600 0.992 0.494
v 0.0000 1.0276 2.5000 0.600 0.992 0.494
v 2.6300 1.0276 2.6000 0.600 0.992 0.494
v 0.0000 1.0276 2.6000 0.600 0.992 0.494
v 2.6300 1.0276 2.7000 0.600 0.992 0.494
v 0.0000 1.0276 2.7000 0.600 0.992 0.494
v 2.6300 1.0276 2.8000 0.600 0.992 0.494
v 0.0000 1.0276 2.8000 0.600 0.992 0.494
v 2.6300 1.0276 2.9000 0.600 0.992 0.494
v 0.0000 1.0276 2.9000 0.600 0.992 0.494
v 2.6300 1.0276 3.0000 0.600 0.992 0.494
v 0.0000 1.0276 3.0000 0.600 0.992 0.494
v 0.0000 1.1224 3.0300 0.565 0.914 0.541
v 0.0000 1.1224 0.0000 0.565 0.914 0.541
v 0.1000 1.1224 3.0300 0.565 0.914 0.541
v 0.1000 1.1224 0.0000 0.565 0.914 0.541
v 0.2000 1.1224 3.0300 0.565 0.914 0.541
v 0.2000 1.1224 0.0000 0.565 0.914 0.541
v 0.3000 1.1224 3.0300 0.565 0.914 0.541
v 0.3000 1.1224 0.0000 0.565 0.914 0.541
v 0.4000 1.1224 3.0300 0.565 0.914 0.541
v 0.4000 1.1224 0.0000 0.565 0.914 0.541
v 0.5000 1.1224 3.0300 0.565 0.914 0.541
v 0.5000 1.1224 0.0000 0.565 0.914 0.541
v 0.6000 1.1224 3.0300 0.565 0.914 0.541
v 0.6000 1.1224 0.0000 0.565 0.914 0.541
v 0.7000 1.1224 3.0300 0.565 0.914 0.541
v 0.7000 1.1224 0.0000 0.565 0.914 0.541
v 0.8000 1.1224 3.0300 0.565 0.914 0.541
v 0.8000 1.1224 0.0000 0.565 0.914 0.541
v 0.9000 1.1224 3.0300 0.565 0.914 0.541
v 0.9000 1.1224 0.0000 0.565 0.914 0.541
v 1.0000 1.1224 3.0300 0.565 0.914 0.541
v 1.0000 1.1224 0.0000 0.565 0.914 0.541
v 1.1000 1.1224 3.0300 0.565 0.914 0.541
v 1.1000 1.1224 0.0000 0.565 0.914 0.541
v 1.2000 1.1224 3.0300 0.565 0.914 0.541
v 1.2000 1.1224 0.0000 0.565 0.914 0.541
v 1.3000 1.1224 3.0300 0.565 0.914 0.541
v 1.3000 1.1224 0.0000 0.565 0.914 0.541
v 1.4000 1.1224 3.0300 0.565 0.914 0.541
v 1.4000 1.1224 0.0000 0.565 0.914 0.541
v 1.5000 1.1224 3.0300 0.565 0.914 0.541
v 1.5000 1.1224 0.0000 0.565 0.914 0.541
v 1.6000 1.1224 3.0300 0.565 0.914 0.541
v 1.6000 1.1224 0.0000 0.565 0.914 0.541
v 1.7000 1.1224 3.0300 0.565 0.914 0.541
v 1.7000 1.1224 0.0000 0.565 0.914 0.541
v 1.8000 1.1224 3.0300 0.565 0.914 0.541
v 1.8000 1.1224 0.0000 0.565 0.914 0.541
v 1.9000 1.1224 3.0300 0.565 0.914 0.541
v 1.9000 1.1224 0.0000 0.565 0.914 0.541
v 2.0000 1.1224 3.0300 0.565 0.914 0.541
v 2.0000 1.1224 0.0000 0.565 0.914 0.541
v 2.1000 1.1224 3.0300 0.565 0.914 0.541
v 2.1000 1.1224 0.0000 0.565 0.914 0.541
v 2.2000 1.1224 3.0300 0.565 0.914 0.541
v 2.2000 1.1224 0.0000 0.565 0.914 0.541
v 2.3000 1.1224 3.0300 0.565 0.914 0.541
v 2.3000 1.1224 0.0000 0.565 0.914 0.541
v 2.4000 1.1224 3.0300 0.565 0.914 0.541
v 2.4000 1.1224 0.0000 0.565 0.914 0.541
v 2.5000 1.1224 3.0300 0.565 0.914 0.541
v 2.5000 1.1224 0.0000 0.565 0.914 0.541
v 2.6000 1.1224 3.0300 0.565 0.914 0.541
v 2.6000 1.1224 0.0000 0.565 0.914 0.541
v 2.6300 1.1224 0.0000 0.565 0.914 0.541
v 0.0000 1.1224 0.0000 0.565 0.914 0.541
v 2.6300 1.1224 0.1000 0.565 0.914 0.541
v 0.0000 1.1224 0.1000 0.565 0.914 0.541
v 2.6300 1.1224 0.2000 0.565 0.914 0.541
v 0.0000 1.1224 0.2000 0.565 0.914 0.541
v 2.6300 1.1224 0.3000 0.565 0.914 0.541
v 0.0000 1.1224 0.3000 0.565 0.914 0.541
v 2.6300 1.1224 0.4000 0.565 0.914 0.541
v 0.0000 1.1224 0.4000 0.565 0.914 0.541
v 2.6300 1.1224 0.5000 0.565 0.914 0.541
v 0.0000 1.1224 0.5000 0.565 0.914 0.541
v 2.6300 1.1224 0.6000 0.565 0.914 0.541
v 0.0000 1.1224 0.6000 0.565 0.914 0.541
v 2.6300 1.1224 0.7000 0.565 0.914 0.541
v 0.0000 1.1224 0.7000 0.565 0.914 0.541
v 2.6300 1.1224 0.8000 0.565 0.914 0.541
v 0.0000 1.1224 0.8000 0.565 0.914 0.541
v 2.6300 1.1224 0.9000 0.565 0.914 0.541
v 0.0000 1.1224 0.9000 0.565 0.914 0.541
v 2.6300 1.1224 1.0000 0.565 0.914 0.541
v 0.0000 1.1224 1.0000 0.565 0.914 0.541
v 2.6300 1.1224 1.1000 0.565 0.914 0.541
v 0.0000 1.1224 1.1000 0.565 0.914 0.541
v 2.6300 1.1224 1.2000 0.565 0.914 0.541
v 0.0000 1.1224 1.2000 0.565 0.914 0.541
v 2.6300 1.1224 1.3000 0.565 0.914 0.541
v 0.0000 1.1224 1.3000 0.565 0.914 0.541
v 2.6300 1.1224 1.4000 0.565 0.914 0.541
v 0.0000 1.1224 1.4000 0.565 0.914 0.541
v 2.6300 1.1224 1.5000 0.565 0.914 0.541
v 0.0000 1.1224 1.5000 0.565 0.914 0.541
v 2.6300 1.1224 1.6000 0.565 0.914 0.541
v 0.0000 1.1224 1.6000 0.565 0.914 0.541
v 2.6300 1.1224 1.7000 0.565 0.914 0.541
v 0.0000 1.1224 1.7000 0.565 0.914 0.541
v 2.6300 1.1224 1.8000 0.565 0.914 0.541
v 0.0000 1.1224 1.8000 0.565 0.914 0.541
v 2.6300 1.1224 1.9000 0.565 0.914 0.541
v 0.0000 1.1224 1.9000 0.565 0.914 0.541
v 2.6300 1.1224 2.0000 0.565 0.914 0.541
v 0.0000 1.1224 2.0000 0.565 0.914 0.541
v 2.6300 1.1224 2.1000 0.565 0.914 0.541
v 0.0000 1.1224 2.1000 0.565 0.914 0.541
v 2.6300 1.1224 2.2000 0.565 0.914 0.541
v 0.0000 1.1224 2.2000 0.565 0.914 0.541
v 2.6300 1.1224 2.3000 0.565 0.914 0.541
v 0.0000 1.1224 2.3000 0.565 0.914 0.541
v 2.6300 1.1224 2.4000 0.565 0.914 0.541
v 0.0000 1.1224 2.4000 0.565 0.914 0.541
v 2.6300 1.1224 2.5000 0.565 0.914 0.541
v 0.0000 1.1224 2.5000 0.565 0.914 0.541
v 2.6300 1.1224 2.6000 0.565 0.914 0.541
v 0.0000 1.1224 2.6000 0.565 0.914 0.541
v 2.6300 1.1224 2.7000 0.565 0.914 0.541
v 0.0000 1.1224 2.7000 0.565 0.914 0.541
v 2.6300 1.1224 2.8000 0.565 0.914 0.541
v 0.0000 1.1224 2.8000 0.565 0.914 0.541
v 2.6300 1.1224 2.9000 0.565 0.914 0.541
v 0.0000 1.1224 2.9000 0.565 0.914 0.541
v 2.6300 1.1224 3.0000 0.565 0.914 0.541
v 0.0000 1.1224 3.0000 0.565 0.914 0.541
v 0.0000 1.2171 3.0300 0.529 0.824 0.584
v 0.0000 1.2171 0.0000 0.529 0.824 0.584
v 0.1000 1.2171 3.0300 0.529 0.824 0.584
v 0.1000 1.2171 0.0000 0.529 0.824 0.584
v 0.2000 1.2171 3.0300 0.529 0.824 0.584
v 0.2000 1.2171 0.0000 0.529 0.824 0.584
v 0.3000 1.2171 3.0300 0.529 0.824 0.584
v 0.3000 1.2171 0.0000 0.529 0.824 0.584
v 0.4000 1.2171 3.0300 0.529 0.824 0.584
v 0.4000 1.2171 0.0000 0.529 0.824 0.584
v 0.5000 1.2171 3.0300 0.529 0.824 0.584
v 0.5000 1.2171 0.0000 0.529 0.824 0.584
v 0.6000 1.2171 3.0300 0.529 0.824 0.584
v 0.6000 1.2171 0.0000 0.529 0.824 0.584
v 0.7000 1.2171 3.0300 0.529 0.824 0.584
v 0.7000 1.2171 0.0000 0.529 0.824 0.584
v 0.8000 1.2171 3.0300 0.529 0.824 0.584
v 0.8000 1.2171 0.0000 0.529 0.824 0.584
v 0.9000 1.2171 3.0300 0.529 0.824 0.584
v 0.9000 1.2171 0.0000 0.529 0.824 0.584
v 1.0000 1.2171 3.0300 0.529 0.824 0.584
v 1.0000 1.2171 0.0000 0.529 0.824 0.584
v 1.1000 1.2171 3.0300 0.529 0.824 0.584
v 1.1000 1.2171 0.0000 0.529 0.824 0.584
v 1.2000 1.2171 3.0300 0.529 0.824 0.584
v 1.2000 1.2171 0.0000 0.529 0.824 0.584
v 1.3000 1.2171 3.0300 0.529 0.824 0.584
v 1.3000 1.2171 0.0000 0.529 0.824 0.584
v 1.4000 1.2171 3.0300 0.529 0.824 0.584
v 1.4000 1.2171 0.0000 0.529 0.824 0.584
v 1.5000 1.2171 3.0300 0.529 0.824 0.584
v 1.5000 1.2171 0.0000 0.529 0.824 0.584
v 1.6000 1.2171 3.0300 0.529 0.824 0.584
v 1.6000 1.2171 0.0000 0.529 0.824 0.584
v 1.7000 1.2171 3.0300 0.529 0.824 0.584
v 1.7000 1.2171 0.0000 0.529 0.824 0.584
v 1.8000 1.2171 3.0300 0.529 0.824 0.584
v 1.8000 1.2171 0.0000 0.529 0.824 0.584
v 1.9000 1.2171 3.0300 0.529 0.824 0.584
v 1.9000 1.2171 0.0000 0.529 0.824 0.584
v 2.0000 1.2171 3.0300 0.529 0.824 0.584
v 2.0000 1.2171 0.0000 0.529 0.824 0.584
v 2.1000 1.2171 3.0300 0.529 0.824 0.584
v 2.1000 1.2171 0.0000 0.529 0.824 0.584
v 2.2000 1.2171 3.0300 0.529 0.824 0.584
v 2.2000 1.2171 0.0000 0.529 0.824 0.584
v 2.3000 1.2171 3.0300 0.529 0.824 0.584
v 2.3000 1.2171 0.0000 0.529 0.824 0.584
v 2.4000 1.2171 3.0300 0.529 0.824 0.584
v 2.4000 1.2171 0.0000 0.529 0.824 0.584
v 2.5000 1.2171 3.0300 0.529 0.824 0.584
v 2.5000 1.2171 0.0000 0.529 0.824 0.584
v 2.6000 1.2171 3.0300 0.529 0.824 0.584
v 2.6000 1.2171 0.0000 0.529 0.824 0.584
v 2.6300 1.2171 0.0000 0.529 0.824 0.584
v 0.0000 1.2171 0.0000 0.529 0.824 0.584
v 2.6300 1.2171 0.1000 0.529 0.824 0.584
v 0.0000 1.2171 0.1000 0.529 0.824 0.584
v 2.6300 1.2171 0.2000 0.529 0.824 0.584
v 0.0000 1.2171 0.2000 0.529 0.824 0.584
v 2.6300 1.2171 0.3000 0.529 0.824 0.584
v 0.0000 1.2171 0.3000 0.529 0.824 0.584
v 2.6300 1.2171 0.4000 0.529 0.824 0.584
v 0.0000 1.2171 0.4000 0.529 0.824 0.584
v 2.6300 1.2171 0.5000 0.529 0.824 0.584
v 0.0000 1.2171 0.5000 0.529 0.824 0.584
v 2.6300 1.2171 0.6000 0.529 0.824 0.584
v 0.0000 1.2171 0.6000 0.529 0.824 0.584
v 2.6300 1.2171 0.7000 0.529 0.824 0.584
v 0.0000 1.2171 0.7000 0.529 0.824 0.584
v 2.6300 1.2171 0.8000 0.529 0.824 0.584
v 0.0000 1.2171 0.8000 0.529 0.824 0.584
v 2.6300 1.2171 0.9000 0.529 0.824 0.584
v 0.0000 1.2171 0.9000 0.529 0.824 0.584
v 2.6300 1.2171 1.0000 0.529 0.824 0.584
v 0.0000 1.2171 1.0000 0.529 0.824 0.584
v 2.6300 1.2171 1.1000 0.529 0.824 0.584
v 0.0000 1.2171 1.1000 0.529 0.824 0.584
v 2.6300 1.2171 1.2000 0.529 0.824 0.584
v 0.0000 1.2171 1.2000 0.529 0.824 0.584
v 2.6300 1.2171 1.3000 0.529 0.824 0.584
v 0.0000 1.2171 1.3000 0.529 0.824 0.584
v 2.6300 1.2171 1.4000 0.529 0.824 0.584
v 0.0000 1.2171 1.4000 0.529 0.824 0.584
v 2.6300 1.2171 1.5000 0.529 0.824 0.584
v 0.0000 1.2171 1.5000 0.529 0.824 0.584
v 2.6300 1.2171 1.6000 0.529 0.824 0.584
v 0.0000 1.2171 1.6000 0.529 0.824 0.584
v 2.6300 1.2171 1.7000 0.529 0.824 0.584
v 0.0000 1.2171 1.7000 0.529 0.824 0.584
v 2.6300 1.2171 1.8000 0.529 0.824 0.584
v 0.0000 1.2171 1.8000 0.529 0.824 0.584
v 2.6300 1.2171 1.9000 0.529 0.824 0.584
v 0.0000 1.2171 1.9000 0.529 0.824 0.584
v 2.6300 1.2171 2.0000 0.529 0.824 0.584
v 0.0000 1.2171 2.0000 0.529 0.824 0.584
v 2.6300 1.2171 2.1000 0.529 0.824 0.584
v 0.0000 1.2171 2.1000 0.529 0.824 0.584
v 2.6300 1.2171 2.2000 0.529 0.824 0.584
v 0.0000 1.2171 2.2000 0.529 0.824 0.584
v 2.6300 1.2171 2.3000 0.529 0.824 0.584
v 0.0000 1.2171 2.3000 0.529 0.824 0.584
v 2.6300 1.2171 2.4000 0.529 0.824 0.584
v 0.0000 1.2171 2.4000 0.529 0.824 0.584
v 2.6300 1.2171 2.5000 0.529 0.824 0.584
v 0.0000 1.2171 2.5000 0.529 0.824 0.584
v 2.6300 1.2171 2.6000 0.529 0.824 0.584
v 0.0000 1.2171 2.6000 0.529 0.824 0.584
v 2.6300 1.2171 2.7000 0.529 0.824 0.584
v 0.0000 1.2171 2.7000 0.529 0.824 0.584
v 2.6300 1.2171 2.8000 0.529 0.824 0.584
v 0.0000 1.2171 2.8000 0.529 0.824 0.584
v 2.6300 1.2171 2.9000 0.529 0.824 0.584
v 0.0000 1.2171 2.9000 0.529 0.824 0.584
v 2.6300 1.2171 3.0000 0.529 0.824 0.584
v 0.0000 1.2171 3.0000 0.529 0.824 0.584
v 0.0000 1.3119 3.0300 0.490 0.729 0.631
v 0.0000 1.3119 0.0000 0.490 0.729 0.631
v 0.1000 1.3119 3.0300 0.490 0.729 0.631
v 0.1000 1.3119 0.0000 0.490 0.729 0.631
v 0.2000 1.3119 3.0300 0.490 0.729 0.631
v 0.2000 1.3119 0.0000 0.490 0.729 0.631
v 0.3000 1.3119 3.0300 0.490 0.729 0.631
v 0.3000 1.3119 0.0000 0.490 0.729 0.631
v 0.4000 1.3119 3.0300 0.490 0.729 0.631
v 0.4000 1.3119 0.0000 0.490 0.729 0.631
v 0.5000 1.3119 3.0300 0.490 0.729 0.631
v 0.5000 1.3119 0.0000 0.490 0.729 0.631
v 0.6000 1.3119 3.0300 0.490 0.729 0.631
v 0.6000 1.3119 0.0000 0.490 0.729 0.631
v 0.7000 1.3119 3.0300 0.490 0.729 0.631
v 0.7000 1.3119 0.0000 0.490 0.729 0.631
v 0.8000 1.3119 3.0300 0.490 0.729 0.631
v 0.8000 1.3119 0.0000 0.490 0.729 0.631
v 0.9000 1.3119 3.0300 0.490 0.729 0.631
v 0.9000 1.3119 0.0000 0.490 0.729 0.631
v 1.0000 1.3119 3.0300 0.490 0.729 0.631
v 1.0000 1.3119 0.0000 0.490 0.729 0.631
v 1.1000 1.3119 3.0300 0.490 0.729 0.631
v 1.1000 1.3119 0.0000 0.490 0.729 0.631
v 1.2000 1.3119 3.0300 0.490 0.729 0.631
v 1.2000 1.3119 0.0000 0.490 0.729 0.631
v 1.3000 1.3119 3.0300 0.490 0.729 0.631
v 1.3000 1.3119 0.0000 0.490 0.729 0.631
v 1.4000 1.3119 3.0300 0.490 0.729 0.631
v 1.4000 1.3119 0.0000 0.490 0.729 0.631
v 1.5000 1.3119 3.0300 0.490 0.729 0.631
v 1.5000 1.3119 0.0000 0.490 0.729 0.631
v 1.6000 1.3119 3.0300 0.490 0.729 0.631
v 1.6000 1.3119 0.0000 0.490 0.729 0.631
v 1.7000 1.3119 3.0300 0.490 0.729 0.631
v 1.7000 1.3119 0.0000 0.490 0.729 0.631
v 1.8000 1.3119 3.0300 0.490 0.729 0.631
v 1.8000 1.3119 0.0000 0.490 0.729 0.631
v 1.9000 1.3119 3.0300 0.490 0.729 0.631
v 1.9000 1.3119 0.0000 0.490 0.729 0.631
v 2.0000 1.3119 3.0300 0.490 0.729 0.631
v 2.0000 1.3119 0.0000 0.490 0.729 0.631
v 2.1000 1.3119 3.0300 0.490 0.729 0.631
v 2.1000 1.3119 0.0000 0.490 0.729 0.631
v 2.2000 1.3119 3.0300 0.490 0.729 0.631
v 2.2000 1.3119 0.0000 0.490 0.729 0.631
v 2.3000 1.3119 3.0300 0.490 0.729 0.631
v 2.3000 1.3119 0.0000 0.490 0.729 0.631
v 2.4000 1.3119 3.0300 0.490 0.729 0.631
v 2.4000 1.3119 0.0000 0.490 0.729 0.631
v 2.5000 1.3119 3.0300 0.490 0.729 0.631
v 2.5000 1.3119 0.0000 0.490 0.729 0.631
v 2.6000 1.3119 3.0300 0.490 0.729 0.631
v 2.6000 1.3119 0.0000 0.490 0.729 0.631
v 2.6300 1.3119 0.0000 0.490 0.729 0.631
v 0.0000 1.3119 0.0000 0.490 0.729 0.631
v 2.6300 1.3119 0.1000 0.490 0.729 0.631
v 0.0000 1.3119 0.1000 0.490 0.729 0.631
v 2.6300 1.3119 0.2000 0.490 0.729 0.631
v 0.0000 1.3119 0.2000 0.490 0.729 0.631
v 2.6300 1.3119 0.3000 0.490 0.729 0.631
v 0.0000 1.3119 0.3000 0.490 0.729 0.631
v 2.6300 1.3119 0.4000 0.490 0.729 0.631
v 0.0000 1.3119 0.4000 0.490 0.729 0.631
v 2.6300 1.3119 0.5000 0.490 0.729 0.631
v 0.0000 1.3119 0.5000 0.490 0.729 0.631
v 2.6300 1.3119 0.6000 0.490 0.729 0.631
v 0.0000 1.3119 0.6000 0.490 0.729 0.631
v 2.6300 1.3119 0.7000 0.490 0.729 0.631
v 0.0000 1.3119 0.7000 0.490 0.729 0.631
v 2.6300 1.3119 0.8000 0.490 0.729 0.631
v 0.0000 1.3119 0.8000 0.490 0.729 0.631
v 2.6300 1.3119 0.9000 0.490 0.729 0.631
v 0.0000 1.3119 0.9000 0.490 0.729 0.631
v 2.6300 1.3119 1.0000 0.490 0.729 0.631
v 0.0000 1.3119 1.0000 0.490 0.729 0.631
v 2.6300 1.3119 1.1000 0.490 0.729 0.631
v 0.0000 1.3119 1.1000 0.490 0.729 0.631
v 2.6300 1.3119 1.2000 0.490 0.729 0.631
v 0.0000 1.3119 1.2000 0.490 0.729 0.631
v 2.6300 1.3119 1.3000 0.490 0.729 0.631
v 0.0000 1.3119 1.3000 0.490 0.729 0.631
v 2.6300 1.3119 1.4000 0.490 0.729 0.631
v 0.0000 1.3119 1.4000 0.490 0.729 0.631
v 2.6300 1.3119 1.5000 0.490 0.729 0.631
v 0.0000 1.3119 1.5000 0.490 0.729 0.631
v 2.6300 1.3119 1.6000 0.490 0.729 0.631
v 0.0000 1.3119 1.6000 0.490 0.729 0.631
v 2.6300 1.3119 1.7000 0.490 0.729 0.631
v 0.0000 1.3119 1.7000 0.490 0.729 0.631
v 2.6300 1.3119 1.8000 0.490 0.729 0.631
v 0.0000 1.3119 1.8000 0.490 0.729 0.631
v 2.6300 1.3119 1.9000 0.490 0.729 0.631
v 0.0000 1.3119 1.9000 0.490 0.729 0.631
v 2.6300 1.3119 2.0000 0.490 0.729 0.631
v 0.0000 1.3119 2.0000 0.490 0.729 0.631
v 2.6300 1.3119 2.1000 0.490 0.729 0.631
v 0.0000 1.3119 2.1000 0.490 0.729 0.631
v 2.6300 1.3119 2.2000 0.490 0.729 0.631
v 0.0000 1.3119 2.2000 0.490 0.729 0.631
v 2.6300 1.3119 2.3000 0.490 0.729 0.631
v 0.0000 1.3119 2.3000 0.490 0.729 0.631
v 2.6300 1.3119 2.4000 0.490 0.729 0.631
v 0.0000 1.3119 2.4000 0.490 0.729 0.631
v 2.6300 1.3119 2.5000 0.490 0.729 0.631
v 0.0000 1.3119 2.5000 0.490 0.729 0.631
v 2.6300 1.3119 2.6000 0.490 0.729 0.631
v 0.0000 1.3119 2.6000 0.490 0.729 0.631
v 2.6300 1.3119 2.7000 0.490 0.729 0.631
v 0.0000 1.3119 2.7000 0.490 0.729 0.631
v 2.6300 1.3119 2.8000 0.490 0.729 0.631
v 0.0000 1.3119 2.8000 0.490 0.729 0.631
v 2.6300 1.3119 2.9000 0.490 0.729 0.631
v 0.0000 1.3119 2.9000 0.490 0.729 0.631
v 2.6300 1.3119 3.0000 0.490 0.729 0.631
v 0.0000 1.3119 3.0000 0.490 0.729 0.631
v 0.0000 1.4067 3.0300 0.455 0.639 0.678
v 0.0000 1.4067 0.0000 0.455 0.639 0.678
v 0.1000 1.4067 3.0300 0.455 0.639 0.678
v 0.1000 1.4067 0.0000 0.455 0.639 0.678
v 0.2000 1.4067 3.0300 0.455 0.639 0.678
v 0.2000 1.4067 0.0000 0.455 0.639 0.678
v 0.3000 1.4067 3.0300 0.455 0.639 0.678
v 0.3000 1.4067 0.0000 0.455 0.639 0.678
v 0.4000 1.4067 3.0300 0.455 0.639 0.678
v 0.4000 1.4067 0.0000 0.455 0.639 0.678
v 0.5000 1.4067 3.0300 0.455 0.639 0.678
v 0.5000 1.4067 0.0000 0.455 0.639 0.678
v 0.6000 1.4067 3.0300 0.455 0.639 0.678
v 0.6000 1.4067 0.0000 0.455 0.639 0.678
v 0.7000 1.4067 3.0300 0.455 0.639 0.678
v 0.7000 1.4067 0.0000 0.455 0.639 0.678
v 0.8000 1.4067 3.0300 0.455 0.639 0.678
v 0.8000 1.4067 0.0000 0.455 0.639 0.678
v 0.9000 1.4067 3.0300 0.455 0.639 0.678
v 0.9000 1.4067 0.0000 0.455 0.639 0.678
v 1.0000 1.4067 3.0300 0.455 0.639 0.678
v 1.0000 1.4067 0.0000 0.455 0.639 0.678
v 1.1000 1.4067 3.0300 0.455 0.639 0.678
v 1.1000 1.4067 0.0000 0.455 0.639 0.678
v 1.2000 1.4067 3.0300 0.455 0.639 0.678
v 1.2000 1.4067 0.0000 0.455 0.639 0.678
v 1.3000 1.4067 3.0300 0.455 0.639 0.678
v 1.3000 1.4067 0.0000 0.455 0.639 0.678
v 1.4000 1.4067 3.0300 0.455 0.639 0.678
v 1.4000 1.4067 0.0000 0.455 0.639 0.678
v 1.5000 1.4067 3.0300 0.455 0.639 0.678
v 1.5000 1.4067 0.0000 0.455 0.639 0.678
v 1.6000 1.4067 3.0300 0.455 0.639 0.678
v 1.6000 1.4067 0.0000 0.455 0.639 0.678
v 1.7000 1.4067 3.0300 0.455 0.639 0.678
v 1.7000 1.4067 0.0000 0.455 0.639 0.678
v 1.8000 1.4067 3.0300 0.455 0.639 0.678
v 1.8000 1.4067 0.0000 0.455 0.639 0.678
v 1.9000 1.4067 3.0300 0.455 0.639 0.678
v 1.9000 1.4067 0.0000 0.455 0.639 0.678
v 2.0000 1.4067 3.0300 0.455 0.639 0.678
v 2.0000 1.4067 0.0000 0.455 0.639 0.678
v 2.1000 1.4067 3.0300 0.455 0.639 0.678
v 2.1000 1.4067 0.0000 0.455 0.639 0.678
v 2.2000 1.4067 3.0300 0.455 0.639 0.678
v 2.2000 1.4067 0.0000 0.455 0.639 0.678
v 2.3000 1.4067 3.0300 0.455 0.639 0.678
v 2.3000 1.4067 0.0000 0.455 0.639 0.678
v 2.4000 1.4067 3.0300 0.455 0.639 0.678
v 2.4000 1.4067 0.0000 0.455 0.639 0.678
v 2.5000 1.4067 3.0300 0.455 0.639 0.678
v 2.5000 1.4067 0.0000 0.455 0.639 0.678
v 2.6000 1.4067 3.0300 0.455 0.639 0.678
v 2.6000 1.4067 0.0000 0.455 0.639 0.678
v 2.6300 1.4067 0.0000 0.455 0.639 0.678
v 0.0000 1.4067 0.0000 0.455 0.639 0.678
v 2.6300 1.4067 0.1000 0.455 0.639 0.678
v 0.0000 1.4067 0.1000 0.455 0.639 0.678
v 2.6300 1.4067 0.2000 0.455 0.639 0.678
v 0.0000 1.4067 0.2000 0.455 0.639 0.678
v 2.6300 1.4067 0.3000 0.455 0.639 0.678
v 0.0000 1.4067 0.3000 0.455 0.639 0.678
v 2.6300 1.4067 0.4000 0.455 0.639 0.678
v 0.0000 1.4067 0.4000 0.455 0.639 0.678
v 2.6300 1.4067 0.5000 0.455 0.639 0.678
v 0.0000 1.4067 0.5000 0.455 0.639 0.678
v 2.6300 1.4067 0.6000 0.455 0.639 0.678
v 0.0000 1.4067 0.6000 0.455 0.639 0.678
v 2.6300 1.4067 0.7000 0.455 0.639 0.678
v 0.0000 1.4067 0.7000 0.455 0.639 0.678
v 2.6300 1.4067 0.8000 0.455 0.639 0.678
v 0.0000 1.4067 0.8000 0.455 0.639 0.678
v 2.6300 1.4067 0.9000 0.455 0.639 0.678
v 0.0000 1.4067 0.9000 0.455 0.639 0.678
v 2.6300 1.4067 1.0000 0.455 0.639 0.678
v 0.0000 1.4067 1.0000 0.455 0.639 0.678
v 2.6300 1.4067 1.1000 0.455 0.639 0.678
v 0.0000 1.4067 1.1000 0.455 0.639 0.678
v 2.6300 1.4067 1.2000 0.455 0.639 0.678
v 0.0000 1.4067 1.2000 0.455 0.639 0.678
v 2.6300 1.4067 1.3000 0.455 0.639 0.678
v 0.0000 1.4067 1.3000 0.455 0.639 0.678
v 2.6300 1.4067 1.4000 0.455 0.639 0.678
v 0.0000 1.4067 1.4000 0.455 0.639 0.678
v 2.6300 1.4067 1.5000 0.455 0.639 0.678
v 0.0000 1.4067 1.5000 0.455 0.639 0.678
v 2.6300 1.4067 1.6000 0.455 0.639 0.678
v 0.0000 1.4067 1.6000 0.455 0.639 0.678
v 2.6300 1.4067 1.7000 0.455 0.639 0.678
v 0.0000 1.4067 1.7000 0.455 0.639 0.678
v 2.6300 1.4067 1.8000 0.455 0.639 0.678
v 0.0000 1.4067 1.8000 0.455 0.639 0.678
v 2.6300 1.4067 1.9000 0.455 0.639 0.678
v 0.0000 1.4067 1.9000 0.455 0.639 0.678
v 2.6300 1.4067 2.0000 0.455 0.639 0.678
v 0.0000 1.4067 2.0000 0.455 0.639 0.678
v 2.6300 1.4067 2.1000 0.455 0.639 0.678
v 0.0000 1.4067 2.1000 0.455 0.639 0.678
v 2.6300 1.4067 2.2000 0.455 0.639 0.678
v 0.0000 1.4067 2.2000 0.455 0.639 0.678
v 2.6300 1.4067 2.3000 0.455 0.639 0.678
v 0.0000 1.4067 2.3000 0.455 0.639 0.678
v 2.6300 1.4067 2.4000 0.455 0.639 0.678
v 0.0000 1.4067 2.4000 0.455 0.639 0.678
v 2.6300 1.4067 2.5000 0.455 0.639 0.678
v 0.0000 1.4067 2.5000 0.455 0.639 0.678
v 2.6300 1.4067 2.6000 0.455 0.639 0.678
v 0.0000 1.4067 2.6000 0.455 0.639 0.678
v 2.6300 1.4067 2.7000 0.455 0.639 0.678
v 0.0000 1.4067 2.7000 0.455 0.639 0.678
v 2.6300 1.4067 2.8000 0.455 0.639 0.678
v 0.0000 1.4067 2.8000 0.455 0.639 0.678
v 2.6300 1.4067 2.9000 0.455 0.639 0.678
v 0.0000 1.4067 2.9000 0.455 0.639 0.678
v 2.6300 1.4067 3.0000 0.455 0.639 0.678
v 0.0000 1.4067 3.0000 0.455 0.639 0.678
v 0.0000 1.5014 3.0300 0.420 0.549 0.722
v 0.0000 1.5014 0.0000 0.420 0.549 0.722
v 0.1000 1.5014 3.0300 0.420 0.549 0.722
v 0.1000 1.5014 0.0000 0.420 0.549 0.722
v 0.2000 1.5014 3.0300 0.420 0.549 0.722
v 0.2000 1.5014 0.0000 0.420 0.549 0.722
v 0.3000 1.5014 3.0300 0.420 0.549 0.722
v 0.3000 1.5014 0.0000 0.420 0.549 0.722
v 0.4000 1.5014 3.0300 0.420 0.549 0.722
v 0.4000 1.5014 0.0000 0.420 0.549 0.722
v 0.5000 1.5014 3.0300 0.420 0.549 0.722
v 0.5000 1.5014 0.0000 0.420 0.549 0.722
v 0.6000 1.5014 3.0300 0.420 0.549 0.722
v 0.6000 1.5014 0.0000 0.420 0.549 0.722
v 0.7000 1.5014 3.0300 0.420 0.549 0.722
v 0.7000 1.5014 0.0000 0.420 0.549 0.722
v 0.8000 1.5014 3.0300 0.420 0.549 0.722
v 0.8000 1.5014 0.0000 0.420 0.549 0.722
v 0.9000 1.5014 3.0300 0.420 0.549 0.722
v 0.9000 1.5014 0.0000 0.420 0.549 0.722
v 1.0000 1.5014 3.0300 0.420 0.549 0.722
v 1.0000 1.5014 0.0000 0.420 0.549 0.722
v 1.1000 1.5014 3.0300 0.420 0.549 0.722
v 1.1000 1.5014 0.0000 0.420 0.549 0.722
v 1.2000 1.5014 3.0300 0.420 0.549 0.722
v 1.2000 1.5014 0.0000 0.420 0.549 0.722
v 1.3000 1.5014 3.0300 0.420 0.549 0.722
v 1.3000 1.5014 0.0000 0.420 0.549 0.722
v 1.4000 1.5014 3.0300 0.420 0.549 0.722
v 1.4000 1.5014 0.0000 0.420 0.549 0.722
v 1.5000 1.5014 3.0300 0.420 0.549 0.722
v 1.5000 1.5014 0.0000 0.420 0.549 0.722
v 1.6000 1.5014 3.0300 0.420 0.549 0.722
v 1.6000 1.5014 0.0000 0.420 0.549 0.722
v 1.7000 1.5014 3.0300 0.420 0.549 0.722
v 1.7000 1.5014 0.0000 0.420 0.549 0.722
v 1.8000 1.5014 3.0300 0.420 0.549 0.722
v 1.8000 1.5014 0.0000 0.420 0.549 0.722
v 1.9000 1.5014 3.0300 0.420 0.549 0.722
v 1.9000 1.5014 0.0000 0.420 0.549 0.722
v 2.0000 1.5014 3.0300 0.420 0.549 0.722
v 2.0000 1.5014 0.0000 0.420 0.549 0.722
v 2.1000 1.5014 3.0300 0.420 0.549 0.722
v 2.1000 1.5014 0.0000 0.420 0.549 0.722
v 2.2000 1.5014 3.0300 0.420 0.549 0.722
v 2.2000 1.5014 0.0000 0.420 0.549 0.722
v 2.3000 1.5014 3.0300 0.420 0.549 0.722
v 2.3000 1.5014 0.0000 0.420 0.549 0.722
v 2.4000 1.5014 3.0300 0.420 0.549 0.722
v 2.4000 1.5014 0.0000 0.420 0.549 0.722
v 2.5000 1.5014 3.0300 0.420 0.549 0.722
v 2.5000 1.5014 0.0000 0.420 0.549 0.722
v 2.6000 1.5014 3.0300 0.420 0.549 0.722
v 2.6000 1.5014 0.0000 0.420 0.549 0.722
v 2.6300 1.5014 0.0000 0.420 0.549 0.722
v 0.0000 1.5014 0.0000 0.420 0.549 0.722
v 2.6300 1.5014 0.1000 0.420 0.549 0.722
v 0.0000 1.5014 0.1000 0.420 0.549 0.722
v 2.6300 1.5014 0.2000 0.420 0.549 0.722
v 0.0000 1.5014 0.2000 0.420 0.549 0.722
v 2.6300 1.5014 0.3000 0.420 0.549 0.722
v 0.0000 1.5014 0.3000 0.420 0.549 0.722
v 2.6300 1.5014 0.4000 0.420 0.549 0.722
v 0.0000 1.5014 0.4000 0.420 0.549 0.722
v 2.6300 1.5014 0.5000 0.420 0.549 0.722
v 0.0000 1.5014 0.5000 0.420 0.549 0.722
v 2.6300 1.5014 0.6000 0.420 0.549 0.722
v 0.0000 1.5014 0.6000 0.420 0.549 0.722
v 2.6300 1.5014 0.7000 0.420 0.549 0.722
v 0.0000 1.5014 0.7000 0.420 0.549 0.722
v 2.6300 1.5014 0.8000 0.420 0.549 0.722
v 0.0000 1.5014 0.8000 0.420 0.549 0.722
v 2.6300 1.5014 0.9000 0.420 0.549 0.722
v 0.0000 1.5014 0.9000 0.420 0.549 0.722
v 2.6300 1.5014 1.0000 0.420 0.549 0.722
v 0.0000 1.5014 1.0000 0.420 0.549 0.722
v 2.6300 1.5014 1.1000 0.420 0.549 0.722
v 0.0000 1.5014 1.1000 0.420 0.549 0.722
v 2.6300 1.5014 1.2000 0.420 0.549 0.722
v 0.0000 1.5014 1.2000 0.420 0.549 0.722
v 2.6300 1.5014 1.3000 0.420 0.549 0.722
v 0.0000 1.5014 1.3000 0.420 0.549 0.722
v 2.6300 1.5014 1.4000 0.420 0.549 0.722
v 0.0000 1.5014 1.4000 0.420 0.549 0.722
v 2.6300 1.5014 1.5000 0.420 0.549 0.722
v 0.0000 1.5014 1.5000 0.420 0.549 0.722
v 2.6300 1.5014 1.6000 0.420 0.549 0.722
v 0.0000 1.5014 1.6000 0.420 0.549 0.722
v 2.6300 1.5014 1.7000 0.420 0.549 0.722
v 0.0000 1.5014 1.7000 0.420 0.549 0.722
v 2.6300 1.5014 1.8000 0.420 0.549 0.722
v 0.0000 1.5014 1.8000 0.420 0.549 0.722
v 2.6300 1.5014 1.9000 0.420 0.549 0.722
v 0.0000 1.5014 1.9000 0.420 0.549 0.722
v 2.6300 1.5014 2.0000 0.420 0.549 0.722
v 0.0000 1.5014 2.0000 0.420 0.549 0.722
v 2.6300 1.5014 2.1000 0.420 0.549 0.722
v 0.0000 1.5014 2.1000 0.420 0.549 0.722
v 2.6300 1.5014 2.2000 0.420 0.549 0.722
v 0.0000 1.5014 2.2000 0.420 0.549 0.722
v 2.6300 1.5014 2.3000 0.420 0.549 0.722
v 0.0000 1.5014 2.3000 0.420 0.549 0.722
v 2.6300 1.5014 2.4000 0.420 0.549 0.722
v 0.0000 1.5014 2.4000 0.420 0.549 0.722
v 2.6300 1.5014 2.5000 0.420 0.549 0.722
v 0.0000 1.5014 2.5000 0.420 0.549 0.722
v 2.6300 1.5014 2.6000 0.420 0.549 0.722
v 0.0000 1.5014 2.6000 0.420 0.549 0.722
v 2.6300 1.5014 2.7000 0.420 0.549 0.722
v 0.0000 1.5014 2.7000 0.420 0.549 0.722
v 2.6300 1.5014 2.8000 0.420 0.549 0.722
v 0.0000 1.5014 2.8000 0.420 0.549 0.722
v 2.6300 1.5014 2.9000 0.420 0.549 0.722
v 0.0000 1.5014 2.9000 0.420 0.549 0.722
v 2.6300 1.5014 3.0000 0.420 0.549 0.722
v 0.0000 1.5014 3.0000 0.420 0.549 0.722
v 0.0000 1.5962 3.0300 0.380 0.455 0.769
v 0.0000 1.5962 0.0000 0.380 0.455 0.769
v 0.1000 1.5962 3.0300 0.380 0.455 0.769
v 0.1000 1.5962 0.0000 0.380 0.455 0.769
v 0.2000 1.5962 3.0300 0.380 0.455 0.769
v 0.2000 1.5962 0.0000 0.380 0.455 0.769
v 0.3000 1.5962 3.0300 0.380 0.455 0.769
v 0.3000 1.5962 0.0000 0.380 0.455 0.769
v 0.4000 1.5962 3.0300 0.380 0.455 0.769
v 0.4000 1.5962 0.0000 0.380 0.455 0.769
v 0.5000 1.5962 3.0300 0.380 0.455 0.769
v 0.5000 1.5962 0.0000 0.380 0.455 0.769
v 0.6000 1.5962 3.0300 0.380 0.455 0.769
v 0.6000 1.5962 0.0000 0.380 0.455 0.769
v 0.7000 1.5962 3.0300 0.380 0.455 0.769
v 0.7000 1.5962 0.0000 0.380 0.455 0.769
v 0.8000 1.5962 3.0300 0.380 0.455 0.769
v 0.8000 1.5962 0.0000 0.380 0.455 0.769
v 0.9000 1.5962 3.0300 0.380 0.455 0.769
v 0.9000 1.5962 0.0000 0.380 0.455 0.769
v 1.0000 1.5962 3.0300 0.380 0.455 0.769
v 1.0000 1.5962 0.0000 0.380 0.455 0.769
v 1.1000 1.5962 3.0300 0.380 0.455 0.769
v 1.1000 1.5962 0.0000 0.380 0.455 0.769
v 1.2000 1.5962 3.0300 0.380 0.455 0.769
v 1.2000 1.5962 0.0000 0.380 0.455 0.769
v 1.3000 1.5962 3.0300 0.380 0.455 0.769
v 1.3000 1.5962 0.0000 0.380 0.455 0.769
v 1.4000 1.5962 3.0300 0.380 0.455 0.769
v 1.4000 1.5962 0.0000 0.380 0.455 0.769
v 1.5000 1.5962 3.0300 0.380 0.455 0.769
v 1.5000 1.5962 0.0000 0.380 0.455 0.769
v 1.6000 1.5962 3.0300 0.380 0.455 0.769
v 1.6000 1.5962 0.0000 0.380 0.455 0.769
v 1.7000 1.5962 3.0300 0.380 0.455 0.769
v 1.7000 1.5962 0.0000 0.380 0.455 0.769
v 1.8000 1.5962 3.0300 0.380 0.455 0.769
v 1.8000 1.5962 0.0000 0.380 0.455 0.769
v 1.9000 1.5962 3.0300 0.380 0.455 0.769
v 1.9000 1.5962 0.0000 0.380 0.455 0.769
v 2.0000 1.5962 3.0300 0.380 0.455 0.769
v 2.0000 1.5962 0.0000 0.380 0.455 0.769
v 2.1000 1.5962 3.0300 0.380 0.455 0.769
v 2.1000 1.5962 0.0000 0.380 0.455 0.769
v 2.2000 1.5962 3.0300 0.380 0.455 0.769
v 2.2000 1.5962 0.0000 0.380 0.455 0.769
v 2.3000 1.5962 3.0300 0.380 0.455 0.769
v 2.3000 1.5962 0.0000 0.380 0.455 0.769
v 2.4000 1.5962 3.0300 0.380 0.455 0.769
v 2.4000 1.5962 0.0000 0.380 0.455 0.769
v 2.5000 1.5962 3.0300 0.380 0.455 0.769
v 2.5000 1.5962 0.0000 0.380 0.455 0.769
v 2.6000 1.5962 3.0300 0.380 0.455 0.769
v 2.6000 1.5962 0.0000 0.380 0.455 0.769
v 2.6300 1.5962 0.0000 0.380 0.455 0.769
v 0.0000 1.5962 0.0000 0.380 0.455 0.769
v 2.6300 1.5962 0.1000 0.380 0.455 0.769
v 0.0000 1.5962 0.1000 0.380 0.455 0.769
v 2.6300 1.5962 0.2000 0.380 0.455 0.769
v 0.0000 1.5962 0.2000 0.380 0.455 0.769
v 2.6300 1.5962 0.3000 0.380 0.455 0.769
v 0.0000 1.5962 0.3000 0.380 0.455 0.769
v 2.6300 1.5962 0.4000 0.380 0.455 0.769
v 0.0000 1.5962 0.4000 0.380 0.455 0.769
v 2.6300 1.5962 0.5000 0.380 0.455 0.769
v 0.0000 1.5962 0.5000 0.380 0.455 0.769
v 2.6300 1.5962 0.6000 0.380 0.455 0.769
v 0.0000 1.5962 0.6000 0.380 0.455 0.769
v 2.6300 1.5962 0.7000 0.380 0.455 0.769
v 0.0000 1.5962 0.7000 0.380 0.455 0.769
v 2.6300 1.5962 0.8000 0.380 0.455 0.769
v 0.0000 1.5962 0.8000 0.380 0.455 0.769
v 2.6300 1.5962 0.9000 0.380 0.455 0.769
v 0.0000 1.5962 0.9000 0.380 0.455 0.769
v 2.6300 1.5962 1.0000 0.380 0.455 0.769
v 0.0000 1.5962 1.0000 0.380 0.455 0.769
v 2.6300 1.5962 1.1000 0.380 0.455 0.769
v 0.0000 1.5962 1.1000 0.380 0.455 0.769
v 2.6300 1.5962 1.2000 0.380 0.455 0.769
v 0.0000 1.5962 1.2000 0.380 0.455 0.769
v 2.6300 1.5962 1.3000 0.380 0.455 0.769
v 0.0000 1.5962 1.3000 0.380 0.455 0.769
v 2.6300 1.5962 1.4000 0.380 0.455 0.769
v 0.0000 1.5962 1.4000 0.380 0.455 0.769
v 2.6300 1.5962 1.5000 0.380 0.455 0.769
v 0.0000 1.5962 1.5000 0.380 0.455 0.769
v 2.6300 1.5962 1.6000 0.380 0.455 0.769
v 0.0000 1.5962 1.6000 0.380 0.455 0.769
v 2.6300 1.5962 1.7000 0.380 0.455 0.769
v 0.0000 1.5962 1.7000 0.380 0.455 0.769
v 2.6300 1.5962 1.8000 0.380 0.455 0.769
v 0.0000 1.5962 1.8000 0.380 0.455 0.769
v 2.6300 1.5962 1.9000 0.380 0.455 0.769
v 0.0000 1.5962 1.9000 0.380 0.455 0.769
v 2.6300 1.5962 2.0000 0.380 0.455 0.769
v 0.0000 1.5962 2.0000 0.380 0.455 0.769
v 2.6300 1.5962 2.1000 0.380 0.455 0.769
v 0.0000 1.5962 2.1000 0.380 0.455 0.769
v 2.6300 1.5962 2.2000 0.380 0.455 0.769
v 0.0000 1.5962 2.2000 0.380 0.455 0.769
v 2.6300 1.5962 2.3000 0.380 0.455 0.769
v 0.0000 1.5962 2.3000 0.380 0.455 0.769
v 2.6300 1.5962 2.4000 0.380 0.455 0.769
v 0.0000 1.5962 2.4000 0.380 0.455 0.769
v 2.6300 1.5962 2.5000 0.380 0.455 0.769
v 0.0000 1.5962 2.5000 0.380 0.455 0.769
v 2.6300 1.5962 2.6000 0.380 0.455 0.769
v 0.0000 1.5962 2.6000 0.380 0.455 0.769
v 2.6300 1.5962 2.7000 0.380 0.455 0.769
v 0.0000 1.5962 2.7000 0.380 0.455 0.769
v 2.6300 1.5962 2.8000 0.380 0.455 0.769
v 0.0000 1.5962 2.8000 0.380 0.455 0.769
v 2.6300 1.5962 2.9000 0.380 0.455 0.769
v 0.0000 1.5962 2.9000 0.380 0.455 0.769
v 2.6300 1.5962 3.0000 0.380 0.455 0.769
v 0.0000 1.5962 3.0000 0.380 0.455 0.769
v 0.0000 1.6910 3.0300 0.345 0.365 0.816
v 0.0000 1.6910 0.0000 0.345 0.365 0.816
v 0.1000 1.6910 3.0300 0.345 0.365 0.816
v 0.1000 1.6910 0.0000 0.345 0.365 0.816
v 0.2000 1.6910 3.0300 0.345 0.365 0.816
v 0.2000 1.6910 0.0000 0.345 0.365 0.816
v 0.3000 1.6910 3.0300 0.345 0.365 0.816
v 0.3000 1.6910 0.0000 0.345 0.365 0.816
v 0.4000 1.6910 3.0300 0.345 0.365 0.816
v 0.4000 1.6910 0.0000 0.345 0.365 0.816
v 0.5000 1.6910 3.0300 0.345 0.365 0.816
v 0.5000 1.6910 0.0000 0.345 0.365 0.816
v 0.6000 1.6910 3.0300 0.345 0.365 0.816
v 0.6000 1.6910 0.0000 0.345 0.365 0.816
v 0.7000 1.6910 3.0300 0.345 0.365 0.816
v 0.7000 1.6910 0.0000 0.345 0.365 0.816
v 0.8000 1.6910 3.0300 0.345 0.365 0.816
v 0.8000 1.6910 0.0000 0.345 0.365 0.816
v 0.9000 1.6910 3.0300 0.345 0.365 0.816
v 0.9000 1.6910 0.0000 0.345 0.365 0.816
v 1.0000 1.6910 3.0300 0.345 0.365 0.816
v 1.0000 1.6910 0.0000 0.345 0.365 0.816
v 1.1000 1.6910 3.0300 0.345 0.365 0.816
v 1.1000 1.6910 0.0000 0.345 0.365 0.816
v 1.2000 1.6910 3.0300 0.345 0.365 0.816
v 1.2000 1.6910 0.0000 0.345 0.365 0.816
v 1.3000 1.6910 3.0300 0.345 0.365 0.816
v 1.3000 1.6910 0.0000 0.345 0.365 0.816
v 1.4000 1.6910 3.0300 0.345 0.365 0.816
v 1.4000 1.6910 0.0000 0.345 0.365 0.816
v 1.5000 1.6910 3.0300 0.345 0.365 0.816
v 1.5000 1.6910 0.0000 0.345 0.365 0.816
v 1.6000 1.6910 3.0300 0.345 0.365 0.816
v 1.6000 1.6910 0.0000 0.345 0.365 0.816
v 1.7000 1.6910 3.0300 0.345 0.365 0.816
v 1.7000 1.6910 0.0000 0.345 0.365 0.816
v 1.8000 1.6910 3.0300 0.345 0.365 0.816
v 1.8000 1.6910 0.0000 0.345 0.365 0.816
v 1.9000 1.6910 3.0300 0.345 0.365 0.816
v 1.9000 1.6910 0.0000 0.345 0.365 0.816
v 2.0000 1.6910 3.0300 0.345 0.365 0.816
v 2.0000 1.6910 0.0000 0.345 0.365 0.816
v 2.1000 1.6910 3.0300 0.345 0.365 0.816
v 2.1000 1.6910 0.0000 0.345 0.365 0.816
v 2.2000 1.6910 3.0300 0.345 0.365 0.816
v 2.2000 1.6910 0.0000 0.345 0.365 0.816
v 2.3000 1.6910 3.0300 0.345 0.365 0.816
v 2.3000 1.6910 0.0000 0.345 0.365 0.816
v 2.4000 1.6910 3.0300 0.345 0.365 0.816
v 2.4000 1.6910 0.0000 0.345 0.365 0.816
v 2.5000 1.6910 3.0300 0.345 0.365 0.816
v 2.5000 1.6910 0.0000 0.345 0.365 0.816
v 2.6000 1.6910 3.0300 0.345 0.365 0.816
v 2.6000 1.6910 0.0000 0.345 0.365 0.816
v 2.6300 1.6910 0.0000 0.345 0.365 0.816
v 0.0000 1.6910 0.0000 0.345 0.365 0.816
v 2.6300 1.6910 0.1000 0.345 0.365 0.816
v 0.0000 1.6910 0.1000 0.345 0.365 0.816
v 2.6300 1.6910 0.2000 0.345 0.365 0.816
v 0.0000 1.6910 0.2000 0.345 0.365 0.816
v 2.6300 1.6910 0.3000 0.345 0.365 0.816
v 0.0000 1.6910 0.3000 0.345 0.365 0.816
v 2.6300 1.6910 0.4000 0.345 0.365 0.816
v 0.0000 1.6910 0.4000 0.345 0.365 0.816
v 2.6300 1.6910 0.5000 0.345 0.365 0.816
v 0.0000 1.6910 0.5000 0.345 0.365 0.816
v 2.6300 1.6910 0.6000 0.345 0.365 0.816
v 0.0000 1.6910 0.6000 0.345 0.365 0.816
v 2.6300 1.6910 0.7000 0.345 0.365 0.816
v 0.0000 1.6910 0.7000 0.345 0.365 0.816
v 2.6300 1.6910 0.8000 0.345 0.365 0.816
v 0.0000 1.6910 0.8000 0.345 0.365 0.816
v 2.6300 1.6910 0.9000 0.345 0.365 0.816
v 0.0000 1.6910 0.9000 0.345 0.365 0.816
v 2.6300 1.6910 1.0000 0.345 0.365 0.816
v 0.0000 1.6910 1.0000 0.345 0.365 0.816
v 2.6300 1.6910 1.1000 0.345 0.365 0.816
v 0.0000 1.6910 1.1000 0.345 0.365 0.816
v 2.6300 1.6910 1.2000 0.345 0.365 0.816
v 0.0000 1.6910 1.2000 0.345 0.365 0.816
v 2.6300 1.6910 1.3000 0.345 0.365 0.816
v 0.0000 1.6910 1.3000 0.345 0.365 0.816
v 2.6300 1.6910 1.4000 0.345 0.365 0.816
v 0.0000 1.6910 1.4000 0.345 0.365 0.816
v 2.6300 1.6910 1.5000 0.345 0.365 0.816
v 0.0000 1.6910 1.5000 0.345 0.365 0.816
v 2.6300 1.6910 1.6000 0.345 0.365 0.816
v 0.0000 1.6910 1.6000 0.345 0.365 0.816
v 2.6300 1.6910 1.7000 0.345 0.365 0.816
v 0.0000 1.6910 1.7000 0.345 0.365 0.816
v 2.6300 1.6910 1.8000 0.345 0.365 0.816
v 0.0000 1.6910 1.8000 0.345 0.365 0.816
v 2.6300 1.6910 1.9000 0.345 0.365 0.816
v 0.0000 1.6910 1.9000 0.345 0.365 0.816
v 2.6300 1.6910 2.0000 0.345 0.365 0.816
v 0.0000 1.6910 2.0000 0.345 0.365 0.816
v 2.6300 1.6910 2.1000 0.345 0.365 0.816
v 0.0000 1.6910 2.1000 0.345 0.365 0.816
v 2.6300 1.6910 2.2000 0.345 0.365 0.816
v 0.0000 1.6910 2.2000 0.345 0.365 0.816
v 2.6300 1.6910 2.3000 0.345 0.365 0.816
v 0.0000 1.6910 2.3000 0.345 0.365 0.816
v 2.6300 1.6910 2.4000 0.345 0.365 0.816
v 0.0000 1.6910 2.4000 0.345 0.365 0.816
v 2.6300 1.6910 2.5000 0.345 0.365 0.816
v 0.0000 1.6910 2.5000 0.345 0.365 0.816
v 2.6300 1.6910 2.6000 0.345 0.365 0.816
v 0.0000 1.6910 2.6000 0.345 0.365 0.816
v 2.6300 1.6910 2.7000 0.345 0.365 0.816
v 0.0000 1.6910 2.7000 0.345 0.365 0.816
v 2.6300 1.6910 2.8000 0.345 0.365 0.816
v 0.0000 1.6910 2.8000 0.345 0.365 0.816
v 2.6300 1.6910 2.9000 0.345 0.365 0.816
v 0.0000 1.6910 2.9000 0.345 0.365 0.816
v 2.6300 1.6910 3.0000 0.345 0.365 0.816
v 0.0000 1.6910 3.0000 0.345 0.365 0.816
v 0.0000 1.7857 3.0300 0.310 0.275 0.859
v 0.0000 1.7857 0.0000 0.310 0.275 0.859
v 0.1000 1.7857 3.0300 0.310 0.275 0.859
v 0.1000 1.7857 0.0000 0.310 0.275 0.859
v 0.2000 1.7857 3.0300 0.310 0.275 0.859
v 0.2000 1.7857 0.0000 0.310 0.275 0.859
v 0.3000 1.7857 3.0300 0.310 0.275 0.859
v 0.3000 1.7857 0.0000 0.310 0.275 0.859
v 0.4000 1.7857 3.0300 0.310 0.275 0.859
v 0.4000 1.7857 0.0000 0.310 0.275 0.859
v 0.5000 1.7857 3.0300 0.310 0.275 0.859
v 0.5000 1.7857 0.0000 0.310 0.275 0.859
v 0.6000 1.7857 3.0300 0.310 0.275 0.859
v 0.6000 1.7857 0.0000 0.310 0.275 0.859
v 0.7000 1.7857 3.0300 0.310 0.275 0.859
v 0.7000 1.7857 0.0000 0.310 0.275 0.859
v 0.8000 1.7857 3.0300 0.310 0.275 0.859
v 0.8000 1.7857 0.0000 0.310 0.275 0.859
v 0.9000 1.7857 3.0300 0.310 0.275 0.859
v 0.9000 1.7857 0.0000 0.310 0.275 0.859
v 1.0000 1.7857 3.0300 0.310 0.275 0.859
v 1.0000 1.7857 0.0000 0.310 0.275 0.859
v 1.1000 1.7857 3.0300 0.310 0.275 0.859
v 1.1000 1.7857 0.0000 0.310 0.275 0.859
v 1.2000 1.7857 3.0300 0.310 0.275 0.859
v 1.2000 1.7857 0.0000 0.310 0.275 0.859
v 1.3000 1.7857 3.0300 0.310 0.275 0.859
v 1.3000 1.7857 0.0000 0.310 0.275 0.859
v 1.4000 1.7857 3.0300 0.310 0.275 0.859
v 1.4000 1.7857 0.0000 0.310 0.275 0.859
v 1.5000 1.7857 3.0300 0.310 0.275 0.859
v 1.5000 1.7857 0.0000 0.310 0.275 0.859
v 1.6000 1.7857 3.0300 0.310 0.275 0.859
v 1.6000 1.7857 0.0000 0.310 0.275 0.859
v 1.7000 1.7857 3.0300 0.310 0.275 0.859
v 1.7000 1.7857 0.0000 0.310 0.275 0.859
v 1.8000 1.7857 3.0300 0.310 0.275 0.859
v 1.8000 1.7857 0.0000 0.310 0.275 0.859
v 1.9000 1.7857 3.0300 0.310 0.275 0.859
v 1.9000 1.7857 0.0000 0.310 0.275 0.859
v 2.0000 1.7857 3.0300 0.310 0.275 0.859
v 2.0000 1.7857 0.0000 0.310 0.275 0.859
v 2.1000 1.7857 3.0300 0.310 0.275 0.859
v 2.1000 1.7857 0.0000 0.310 0.275 0.859
v 2.2000 1.7857 3.0300 0.310 0.275 0.859
v 2.2000 1.7857 0.0000 0.310 0.275 0.859
v 2.3000 1.7857 3.0300 0.310 0.275 0.859
v 2.3000 1.7857 0.0000 0.310 0.275 0.859
v 2.4000 1.7857 3.0300 0.310 0.275 0.859
v 2.4000 1.7857 0.0000 0.310 0.275 0.859
v 2.5000 1.7857 3.0300 0.310 0.275 0.859
v 2.5000 1.7857 0.0000 0.310 0.275 0.859
v 2.6000 1.7857 3.0300 0.310 0.275 0.859
v 2.6000 1.7857 0.0000 0.310 0.275 0.859
v 2.6300 1.7857 0.0000 0.310 0.275 0.859
v 0.0000 1.7857 0.0000 0.310 0.275 0.859
v 2.6300 1.7857 0.1000 0.310 0.275 0.859
v 0.0000 1.7857 0.1000 0.310 0.275 0.859
v 2.6300 1.7857 0.2000 0.310 0.275 0.859
v 0.0000 1.7857 0.2000 0.310 0.275 0.859
v 2.6300 1.7857 0.3000 0.310 0.275 0.859
v 0.0000 1.7857 0.3000 0.310 0.275 0.859
v 2.6300 1.7857 0.4000 0.310 0.275 0.859
v 0.0000 1.7857 0.4000 0.310 0.275 0.859
v 2.6300 1.7857 0.5000 0.310 0.275 0.859
v 0.0000 1.7857 0.5000 0.310 0.275 0.859
v 2.6300 1.7857 0.6000 0.310 0.275 0.859
v 0.0000 1.7857 0.6000 0.310 0.275 0.859
v 2.6300 1.7857 0.7000 0.310 0.275 0.859
v 0.0000 1.7857 0.7000 0.310 0.275 0.859
v 2.6300 1.7857 0.8000 0.310 0.275 0.859
v 0.0000 1.7857 0.8000 0.310 0.275 0.859
v 2.6300 1.7857 0.9000 0.310 0.275 0.859
v 0.0000 1.7857 0.9000 0.310 0.275 0.859
v 2.6300 1.7857 1.0000 0.310 0.275 0.859
v 0.0000 1.7857 1.0000 0.310 0.275 0.859
v 2.6300 1.7857 1.1000 0.310 0.275 0.859
v 0.0000 1.7857 1.1000 0.310 0.275 0.859
v 2.6300 1.7857 1.2000 0.310 0.275 0.859
v 0.0000 1.7857 1.2000 0.310 0.275 0.859
v 2.6300 1.7857 1.3000 0.310 0.275 0.859
v 0.0000 1.7857 1.3000 0.310 0.275 0.859
v 2.6300 1.7857 1.4000 0.310 0.275 0.859
v 0.0000 1.7857 1.4000 0.310 0.275 0.859
v 2.6300 1.7857 1.5000 0.310 0.275 0.859
v 0.0000 1.7857 1.5000 0.310 0.275 0.859
v 2.6300 1.7857 1.6000 0.310 0.275 0.859
v 0.0000 1.7857 1.6000 0.310 0.275 0.859
v 2.6300 1.7857 1.7000 0.310 0.275 0.859
v 0.0000 1.7857 1.7000 0.310 0.275 0.859
v 2.6300 1.7857 1.8000 0.310 0.275 0.859
v 0.0000 1.7857 1.8000 0.310 0.275 0.859
v 2.6300 1.7857 1.9000 0.310 0.275 0.859
v 0.0000 1.7857 1.9000 0.310 0.275 0.859
v 2.6300 1.7857 2.0000 0.310 0.275 0.859
v 0.0000 1.7857 2.0000 0.310 0.275 0.859
v 2.6300 1.7857 2.1000 0.310 0.275 0.859
v 0.0000 1.7857 2.1000 0.310 0.275 0.859
v 2.6300 1.7857 2.2000 0.310 0.275 0.859
v 0.0000 1.7857 2.2000 0.310 0.275 0.859
v 2.6300 1.7857 2.3000 0.310 0.275 0.859
v 0.0000 1.7857 2.3000 0.310 0.275 0.859
v 2.6300 1.7857 2.4000 0.310 0.275 0.859
v 0.0000 1.7857 2.4000 0.310 0.275 0.859
v 2.6300 1.7857 2.5000 0.310 0.275 0.859
v 0.0000 1.7857 2.5000 0.310 0.275 0.859
v 2.6300 1.7857 2.6000 0.310 0.275 0.859
v 0.0000 1.7857 2.6000 0.310 0.275 0.859
v 2.6300 1.7857 2.7000 0.310 0.275 0.859
v 0.0000 1.7857 2.7000 0.310 0.275 0.859
v 2.6300 1.7857 2.8000 0.310 0.275 0.859
v 0.0000 1.7857 2.8000 0.310 0.275 0.859
v 2.6300 1.7857 2.9000 0.310 0.275 0.859
v 0.0000 1.7857 2.9000 0.310 0.275 0.859
v 2.6300 1.7857 3.0000 0.310 0.275 0.859
v 0.0000 1.7857 3.0000 0.310 0.275 0.859
v 0.0000 1.8805 3.0300 0.271 0.180 0.906
v 0.0000 1.8805 0.0000 0.271 0.180 0.906
v 0.1000 1.8805 3.0300 0.271 0.180 0.906
v 0.1000 1.8805 0.0000 0.271 0.180 0.906
v 0.2000 1.8805 3.0300 0.271 0.180 0.906
v 0.2000 1.8805 0.0000 0.271 0.180 0.906
v 0.3000 1.8805 3.0300 0.271 0.180 0.906
v 0.3000 1.8805 0.0000 0.271 0.180 0.906
v 0.4000 1.8805 3.0300 0.271 0.180 0.906
v 0.4000 1.8805 0.0000 0.271 0.180 0.906
v 0.5000 1.8805 3.0300 0.271 0.180 0.906
v 0.5000 1.8805 0.0000 0.271 0.180 0.906
v 0.6000 1.8805 3.0300 0.271 0.180 0.906
v 0.6000 1.8805 0.0000 0.271 0.180 0.906
v 0.7000 1.8805 3.0300 0.271 0.180 0.906
v 0.7000 1.8805 0.0000 0.271 0.180 0.906
v 0.8000 1.8805 3.0300 0.271 0.180 0.906
v 0.8000 1.8805 0.0000 0.271 0.180 0.906
v 0.9000 1.8805 3.0300 0.271 0.180 0.906
v 0.9000 1.8805 0.0000 0.271 0.180 0.906
v 1.0000 1.8805 3.0300 0.271 0.180 0.906
v 1.0000 1.8805 0.0000 0.271 0.180 0.906
v 1.1000 1.8805 3.0300 0.271 0.180 0.906
v 1.1000 1.8805 0.0000 0.271 0.180 0.906
v 1.2000 1.8805 3.0300 0.271 0.180 0.906
v 1.2000 1.8805 0.0000 0.271 0.180 0.906
v 1.3000 1.8805 3.0300 0.271 0.180 0.906
v 1.3000 1.8805 0.0000 0.271 0.180 0.906
v 1.4000 1.8805 3.0300 0.271 0.180 0.906
v 1.4000 1.8805 0.0000 0.271 0.180 0.906
v 1.5000 1.8805 3.0300 0.271 0.180 0.906
v 1.5000 1.8805 0.0000 0.271 0.180 0.906
v 1.6000 1.8805 3.0300 0.271 0.180 0.906
v 1.6000 1.8805 0.0000 0.271 0.180 0.906
v 1.7000 1.8805 3.0300 0.271 0.180 0.906
v 1.7000 1.8805 0.0000 0.271 0.180 0.906
v 1.8000 1.8805 3.0300 0.271 0.180 0.906
v 1.8000 1.8805 0.0000 0.271 0.180 0.906
v 1.9000 1.8805 3.0300 0.271 0.180 0.906
v 1.9000 1.8805 0.0000 0.271 0.180 0.906
v 2.0000 1.8805 3.0300 0.271 0.180 0.906
v 2.0000 1.8805 0.0000 0.271 0.180 0.906
v 2.1000 1.8805 3.0300 0.271 0.180 0.906
v 2.1000 1.8805 0.0000 0.271 0.180 0.906
v 2.2000 1.8805 3.0300 0.271 0.180 0.906
v 2.2000 1.8805 0.0000 0.271 0.180 0.906
v 2.3000 1.8805 3.0300 0.271 0.180 0.906
v 2.3000 1.8805 0.0000 0.271 0.180 0.906
v 2.4000 1.8805 3.0300 0.271 0.180 0.906
v 2.4000 1.8805 0.0000 0.271 0.180 0.906
v 2.5000 1.8805 3.0300 0.271 0.180 0.906
v 2.5000 1.8805 0.0000 0.271 0.180 0.906
v 2.6000 1.8805 3.0300 0.271 0.180 0.906
v 2.6000 1.8805 0.0000 0.271 0.180 0.906
v 2.6300 1.8805 0.0000 0.271 0.180 0.906
v 0.0000 1.8805 0.0000 0.271 0.180 0.906
v 2.6300 1.8805 0.1000 0.271 0.180 0.906
v 0.0000 1.8805 0.1000 0.271 0.180 0.906
v 2.6300 1.8805 0.2000 0.271 0.180 0.906
v 0.0000 1.8805 0.2000 0.271 0.180 0.906
v 2.6300 1.8805 0.3000 0.271 0.180 0.906
v 0.0000 1.8805 0.3000 0.271 0.180 0.906
v 2.6300 1.8805 0.4000 0.271 0.180 0.906
v 0.0000 1.8805 0.4000 0.271 0.180 0.906
v 2.6300 1.8805 0.5000 0.271 0.180 0.906
v 0.0000 1.8805 0.5000 0.271 0.180 0.906
v 2.6300 1.8805 0.6000 0.271 0.180 0.906
v 0.0000 1.8805 0.6000 0.271 0.180 0.906
v 2.6300 1.8805 0.7000 0.271 0.180 0.906
v 0.0000 1.8805 0.7000 0.271 0.180 0.906
v 2.6300 1.8805 0.8000 0.271 0.180 0.906
v 0.0000 1.8805 0.8000 0.271 0.180 0.906
v 2.6300 1.8805 0.9000 0.271 0.180 0.906
v 0.0000 1.8805 0.9000 0.271 0.180 0.906
v 2.6300 1.8805 1.0000 0.271 0.180 0.906
v 0.0000 1.8805 1.0000 0.271 0.180 0.906
v 2.6300 1.8805 1.1000 0.271 0.180 0.906
v 0.0000 1.8805 1.1000 0.271 0.180 0.906
v 2.6300 1.8805 1.2000 0.271 0.180 0.906
v 0.0000 1.8805 1.2000 0.271 0.180 0.906
v 2.6300 1.8805 1.3000 0.271 0.180 0.906
v 0.0000 1.8805 1.3000 0.271 0.180 0.906
v 2.6300 1.8805 1.4000 0.271 0.180 0.906
v 0.0000 1.8805 1.4000 0.271 0.180 0.906
v 2.6300 1.8805 1.5000 0.271 0.180 0.906
v 0.0000 1.8805 1.5000 0.271 0.180 0.906
v 2.6300 1.8805 1.6000 0.271 0.180 0.906
v 0.0000 1.8805 1.6000 0.271 0.180 0.906
v 2.6300 1.8805 1.7000 0.271 0.180 0.906
v 0.0000 1.8805 1.7000 0.271 0.180 0.906
v 2.6300 1.8805 1.8000 0.271 0.180 0.906
v 0.0000 1.8805 1.8000 0.271 0.180 0.906
v 2.6300 1.8805 1.9000 0.271 0.180 0.906
v 0.0000 1.8805 1.9000 0.271 0.180 0.906
v 2.6300 1.8805 2.0000 0.271 0.180 0.906
v 0.0000 1.8805 2.0000 0.271 0.180 0.906
v 2.6300 1.8805 2.1000 0.271 0.180 0.906
v 0.0000 1.8805 2.1000 0.271 0.180 0.906
v 2.6300 1.8805 2.2000 0.271 0.180 0.906
v 0.0000 1.8805 2.2000 0.271 0.180 0.906
v 2.6300 1.8805 2.3000 0.271 0.180 0.906
v 0.0000 1.8805 2.3000 0.271 0.180 0.906
v 2.6300 1.8805 2.4000 0.271 0.180 0.906
v 0.0000 1.8805 2.4000 0.271 0.180 0.906
v 2.6300 1.8805 2.5000 0.271 0.180 0.906
v 0.0000 1.8805 2.5000 0.271 0.180 0.906
v 2.6300 1.8805 2.6000 0.271 0.180 0.906
v 0.0000 1.8805 2.6000 0.271 0.180 0.906
v 2.6300 1.8805 2.7000 0.271 0.180 0.906
v 0.0000 1.8805 2.7000 0.271 0.180 0.906
v 2.6300 1.8805 2.8000 0.271 0.180 0.906
v 0.0000 1.8805 2.8000 0.271 0.180 0.906
v 2.6300 1.8805 2.9000 0.271 0.180 0.906
v 0.0000 1.8805 2.9000 0.271 0.180 0.906
v 2.6300 1.8805 3.0000 0.271 0.180 0.906
v 0.0000 1.8805 3.0000 0.271 0.180 0.906
v 0.0000 1.9752 3.0300 0.235 0.090 0.953
v 0.0000 1.9752 0.0000 0.235 0.090 0.953
v 0.1000 1.9752 3.0300 0.235 0.090 0.953
v 0.1000 1.9752 0.0000 0.235 0.090 0.953
v 0.2000 1.9752 3.0300 0.235 0.090 0.953
v 0.2000 1.9752 0.0000 0.235 0.090 0.953
v 0.3000 1.9752 3.0300 0.235 0.090 0.953
v 0.3000 1.9752 0.0000 0.235 0.090 0.953
v 0.4000 1.9752 3.0300 0.235 0.090 0.953
v 0.4000 1.9752 0.0000 0.235 0.090 0.953
v 0.5000 1.9752 3.0300 0.235 0.090 0.953
v 0.5000 1.9752 0.0000 0.235 0.090 0.953
v 0.6000 1.9752 3.0300 0.235 0.090 0.953
v 0.6000 1.9752 0.0000 0.235 0.090 0.953
v 0.7000 1.9752 3.0300 0.235 0.090 0.953
v 0.7000 1.9752 0.0000 0.235 0.090 0.953
v 0.8000 1.9752 3.0300 0.235 0.090 0.953
v 0.8000 1.9752 0.0000 0.235 0.090 0.953
v 0.9000 1.9752 3.0300 0.235 0.090 0.953
v 0.9000 1.9752 0.0000 0.235 0.090 0.953
v 1.0000 1.9752 3.0300 0.235 0.090 0.953
v 1.0000 1.9752 0.0000 0.235 0.090 0.953
v 1.1000 1.9752 3.0300 0.235 0.090 0.953
v 1.1000 1.9752 0.0000 0.235 0.090 0.953
v 1.2000 1.9752 3.0300 0.235 0.090 0.953
v 1.2000 1.9752 0.0000 0.235 0.090 0.953
v 1.3000 1.9752 3.0300 0.235 0.090 0.953
v 1.3000 1.9752 0.0000 0.235 0.090 0.953
v 1.4000 1.9752 3.0300 0.235 0.090 0.953
v 1.4000 1.9752 0.0000 0.235 0.090 0.953
v 1.5000 1.9752 3.0300 0.235 0.090 0.953
v 1.5000 1.9752 0.0000 0.235 0.090 0.953
v 1.6000 1.9752 3.0300 0.235 0.090 0.953
v 1.6000 1.9752 0.0000 0.235 0.090 0.953
v 1.7000 1.9752 3.0300 0.235 0.090 0.953
v 1.7000 1.9752 0.0000 0.235 0.090 0.953
v 1.8000 1.9752 3.0300 0.235 0.090 0.953
v 1.8000 1.9752 0.0000 0.235 0.090 0.953
v 1.9000 1.9752 3.0300 0.235 0.090 0.953
v 1.9000 1.9752 0.0000 0.235 0.090 0.953
v 2.0000 1.9752 3.0300 0.235 0.090 0.953
v 2.0000 1.9752 0.0000 0.235 0.090 0.953
v 2.1000 1.9752 3.0300 0.235 0.090 0.953
v 2.1000 1.9752 0.0000 0.235 0.090 0.953
v 2.2000 1.9752 3.0300 0.235 0.090 0.953
v 2.2000 1.9752 0.0000 0.235 0.090 0.953
v 2.3000 1.9752 3.0300 0.235 0.090 0.953
v 2.3000 1.9752 0.0000 0.235 0.090 0.953
v 2.4000 1.9752 3.0300 0.235 0.090 0.953
v 2.4000 1.9752 0.0000 0.235 0.090 0.953
v 2.5000 1.9752 3.0300 0.235 0.090 0.953
v 2.5000 1.9752 0.0000 0.235 0.090 0.953
v 2.6000 1.9752 3.0300 0.235 0.090 0.953
v 2.6000 1.9752 0.0000 0.235 0.090 0.953
v 2.6300 1.9752 0.0000 0.235 0.090 0.953
v 0.0000 1.9752 0.0000 0.235 0.090 0.953
v 2.6300 1.9752 0.1000 0.235 0.090 0.953
v 0.0000 1.9752 0.1000 0.235 0.090 0.953
v 2.6300 1.9752 0.2000 0.235 0.090 0.953
v 0.0000 1.9752 0.2000 0.235 0.090 0.953
v 2.6300 1.9752 0.3000 0.235 0.090 0.953
v 0.0000 1.9752 0.3000 0.235 0.090 0.953
v 2.6300 1.9752 0.4000 0.235 0.090 0.953
v 0.0000 1.9752 0.4000 0.235 0.090 0.953
v 2.6300 1.9752 0.5000 0.235 0.090 0.953
v 0.0000 1.9752 0.5000 0.235 0.090 0.953
v 2.6300 1.9752 0.6000 0.235 0.090 0.953
v 0.0000 1.9752 0.6000 0.235 0.090 0.953
v 2.6300 1.9752 0.7000 0.235 0.090 0.953
v 0.0000 1.9752 0.7000 0.235 0.090 0.953
v 2.6300 1.9752 0.8000 0.235 0.090 0.953
v 0.0000 1.9752 0.8000 0.235 0.090 0.953
v 2.6300 1.9752 0.9000 0.235 0.090 0.953
v 0.0000 1.9752 0.9000 0.235 0.090 0.953
v 2.6300 1.9752 1.0000 0.235 0.090 0.953
v 0.0000 1.9752 1.0000 0.235 0.090 0.953
v 2.6300 1.9752 1.1000 0.235 0.090 0.953
v 0.0000 1.9752 1.1000 0.235 0.090 0.953
v 2.6300 1.9752 1.2000 0.235 0.090 0.953
v 0.0000 1.9752 1.2000 0.235 0.090 0.953
v 2.6300 1.9752 1.3000 0.235 0.090 0.953
v 0.0000 1.9752 1.3000 0.235 0.090 0.953
v 2.6300 1.9752 1.4000 0.235 0.090 0.953
v 0.0000 1.9752 1.4000 0.235 0.090 0.953
v 2.6300 1.9752 1.5000 0.235 0.090 0.953
v 0.0000 1.9752 1.5000 0.235 0.090 0.953
v 2.6300 1.9752 1.6000 0.235 0.090 0.953
v 0.0000 1.9752 1.6000 0.235 0.090 0.953
v 2.6300 1.9752 1.7000 0.235 0.090 0.953
v 0.0000 1.9752 1.7000 0.235 0.090 0.953
v 2.6300 1.9752 1.8000 0.235 0.090 0.953
v 0.0000 1.9752 1.8000 0.235 0.090 0.953
v 2.6300 1.9752 1.9000 0.235 0.090 0.953
v 0.0000 1.9752 1.9000 0.235 0.090 0.953
v 2.6300 1.9752 2.0000 0.235 0.090 0.953
v 0.0000 1.9752 2.0000 0.235 0.090 0.953
v 2.6300 1.9752 2.1000 0.235 0.090 0.953
v 0.0000 1.9752 2.1000 0.235 0.090 0.953
v 2.6300 1.9752 2.2000 0.235 0.090 0.953
v 0.0000 1.9752 2.2000 0.235 0.090 0.953
v 2.6300 1.9752 2.3000 0.235 0.090 0.953
v 0.0000 1.9752 2.3000 0.235 0.090 0.953
v 2.6300 1.9752 2.4000 0.235 0.090 0.953
v 0.0000 1.9752 2.4000 0.235 0.090 0.953
v 2.6300 1.9752 2.5000 0.235 0.090 0.953
v 0.0000 1.9752 2.5000 0.235 0.090 0.953
v 2.6300 1.9752 2.6000 0.235 0.090 0.953
v 0.0000 1.9752 2.6000 0.235 0.090 0.953
v 2.6300 1.9752 2.7000 0.235 0.090 0.953
v 0.0000 1.9752 2.7000 0.235 0.090 0.953
v 2.6300 1.9752 2.8000 0.235 0.090 0.953
v 0.0000 1.9752 2.8000 0.235 0.090 0.953
v 2.6300 1.9752 2.9000 0.235 0.090 0.953
v 0.0000 1.9752 2.9000 0.235 0.090 0.953
v 2.6300 1.9752 3.0000 0.235 0.090 0.953
v 0.0000 1.9752 3.0000 0.235 0.090 0.953
v 0.0000 2.0700 3.0300 0.196 0.000 1.000
v 0.0000 2.0700 0.0000 0.196 0.000 1.000
v 0.1000 2.0700 3.0300 0.196 0.000 1.000
v 0.1000 2.0700 0.0000 0.196 0.000 1.000
v 0.2000 2.0700 3.0300 0.196 0.000 1.000
v 0.2000 2.0700 0.0000 0.196 0.000 1.000
v 0.3000 2.0700 3.0300 0.196 0.000 1.000
v 0.3000 2.0700 0.0000 0.196 0.000 1.000
v 0.4000 2.0700 3.0300 0.196 0.000 1.000
v 0.4000 2.0700 0.0000 0.196 0.000 1.000
v 0.5000 2.0700 3.0300 0.196 0.000 1.000
v 0.5000 2.0700 0.0000 0.196 0.000 1.000
v 0.6000 2.0700 3.0300 0.196 0.000 1.000
v 0.6000 2.0700 0.0000 0.196 0.000 1.000
v 0.7000 2.0700 3.0300 0.196 0.000 1.000
v 0.7000 2.0700 0.0000 0.196 0.000 1.000
v 0.8000 2.0700 3.0300 0.196 0.000 1.000
v 0.8000 2.0700 0.0000 0.196 0.000 1.000
v 0.9000 2.0700 3.0300 0.196 0.000 1.000
v 0.9000 2.0700 0.0000 0.196 0.000 1.000
v 1.0000 2.0700 3.0300 0.196 0.000 1.000
v 1.0000 2.0700 0.0000 0.196 0.000 1.000
v 1.1000 2.0700 3.0300 0.196 0.000 1.000
v 1.1000 2.0700 0.0000 0.196 0.000 1.000
v 1.2000 2.0700 3.0300 0.196 0.000 1.000
v 1.2000 2.0700 0.0000 0.196 0.000 1.000
v 1.3000 2.0700 3.0300 0.196 0.000 1.000
v 1.3000 2.0700 0.0000 0.196 0.000 1.000
v 1.4000 2.0700 3.0300 0.196 0.000 1.000
v 1.4000 2.0700 0.0000 0.196 0.000 1.000
v 1.5000 2.0700 3.0300 0.196 0.000 1.000
v 1.5000 2.0700 0.0000 0.196 0.000 1.000
v 1.6000 2.0700 3.0300 0.196 0.000 1.000
v 1.6000 2.0700 0.0000 0.196 0.000 1.000
v 1.7000 2.0700 3.0300 0.196 0.000 1.000
v 1.7000 2.0700 0.0000 0.196 0.000 1.000
v 1.8000 2.0700 3.0300 0.196 0.000 1.000
v 1.8000 2.0700 0.0000 0.196 0.000 1.000
v 1.9000 2.0700 3.0300 0.196 0.000 1.000
v 1.9000 2.0700 0.0000 0.196 0.000 1.000
v 2.0000 2.0700 3.0300 0.196 0.000 1.000
v 2.0000 2.0700 0.0000 0.196 0.000 1.000
v 2.1000 2.0700 3.0300 0.196 0.000 1.000
v 2.1000 2.0700 0.0000 0.196 0.000 1.000
v 2.2000 2.0700 3.0300 0.196 0.000 1.000
v 2.2000 2.0700 0.0000 0.196 0.000 1.000
v 2.3000 2.0700 3.0300 0.196 0.000 1.000
v 2.3000 2.0700 0.0000 0.196 0.000 1.000
v 2.4000 2.0700 3.0300 0.196 0.000 1.000
v 2.4000 2.0700 0.0000 0.196 0.000 1.000
v 2.5000 2.0700 3.0300 0.196 0.000 1.000
v 2.5000 2.0700 0.0000 0.196 0.000 1.000
v 2.6000 2.0700 3.0300 0.196 0.000 1.000
v 2.6000 2.0700 0.0000 0.196 0.000 1.000
v 2.6300 2.0700 0.0000 0.196 0.000 1.000
v 0.0000 2.0700 0.0000 0.196 0.000 1.000
v 2.6300 2.0700 0.1000 0.196 0.000 1.000
v 0.0000 2.0700 0.1000 0.196 0.000 1.000
v 2.6300 2.0700 0.2000 0.196 0.000 1.000
v 0.0000 2.0700 0.2000 0.196 0.000 1.000
v 2.6300 2.0700 0.3000 0.196 0.000 1.000
v 0.0000 2.0700 0.3000 0.196 0.000 1.000
v 2.6300 2.0700 0.4000 0.196 0.000 1.000
v 0.0000 2.0700 0.4000 0.196 0.000 1.000
v 2.6300 2.0700 0.5000 0.196 0.000 1.000
v 0.0000 2.0700 0.5000 0.196 0.000 1.000
v 2.6300 2.0700 0.6000 0.196 0.000 1.000
v 0.0000 2.0700 0.6000 0.196 0.000 1.000
v 2.6300 2.0700 0.7000 0.196 0.000 1.000
v 0.0000 2.0700 0.7000 0.196 0.000 1.000
v 2.6300 2.0700 0.8000 0.196 0.000 1.000
v 0.0000 2.0700 0.8000 0.196 0.000 1.000
v 2.6300 2.0700 0.9000 0.196 0.000 1.000
v 0.0000 2.0700 0.9000 0.196 0.000 1.000
v 2.6300 2.0700 1.0000 0.196 0.000 1.000
v 0.0000 2.0700 1.0000 0.196 0.000 1.000
v 2.6300 2.0700 1.1000 0.196 0.000 1.000
v 0.0000 2.0700 1.1000 0.196 0.000 1.000
v 2.6300 2.0700 1.2000 0.196 0.000 1.000
v 0.0000 2.0700 1.2000 0.196 0.000 1.000
v 2.6300 2.0700 1.3000 0.196 0.000 1.000
v 0.0000 2.0700 1.3000 0.196 0.000 1.000
v 2.6300 2.0700 1.4000 0.196 0.000 1.000
v 0.0000 2.0700 1.4000 0.196 0.000 1.000
v 2.6300 2.0700 1.5000 0.196 0.000 1.000
v 0.0000 2.0700 1.5000 0.196 0.000 1.000
v 2.6300 2.0700 1.6000 0.196 0.000 1.000
v 0.0000 2.0700 1.6000 0.196 0.000 1.000
v 2.6300 2.0700 1.7000 0.196 0.000 1.000
v 0.0000 2.0700 1.7000 0.196 0.000 1.000
v 2.6300 2.0700 1.8000 0.196 0.000 1.000
v 0.0000 2.0700 1.8000 0.196 0.000 1.000
v 2.6300 2.0700 1.9000 0.196 0.000 1.000
v 0.0000 2.0700 1.9000 0.196 0.000 1.000
v 2.6300 2.0700 2.0000 0.196 0.000 1.000
v 0.0000 2.0700 2.0000 0.196 0.000 1.000
v 2.6300 2.0700 2.1000 0.196 0.000 1.000
v 0.0000 2.0700 2.1000 0.196 0.000 1.000
v 2.6300 2.0700 2.2000 0.196 0.000 1.000
v 0.0000 2.0700 2.2000 0.196 0.000 1.000
v 2.6300 2.0700 2.3000 0.196 0.000 1.000
v 0.0000 2.0700 2.3000 0.196 0.000 1.000
v 2.6300 2.0700 2.4000 0.196 0.000 1.000
v 0.0000 2.0700 2.4000 0.196 0.000 1.000
v 2.6300 2.0700 2.5000 0.196 0.000 1.000
v 0.0000 2.0700 2.5000 0.196 0.000 1.000
v 2.6300 2.0700 2.6000 0.196 0.000 1.000
v 0.0000 2.0700 2.6000 0.196 0.000 1.000
v 2.6300 2.0700 2.7000 0.196 0.000 1.000
v 0.0000 2.0700 2.7000 0.196 0.000 1.000
v 2.6300 2.0700 2.8000 0.196 0.000 1.000
v 0.0000 2.0700 2.8000 0.196 0.000 1.000
v 2.6300 2.0700 2.9000 0.196 0.000 1.000
v 0.0000 2.0700 2.9000 0.196 0.000 1.000
v 2.6300 2.0700 3.0000 0.196 0.000 1.000
v 0.0000 2.0700 3.0000 0.196 0.000 1.000
f 22 1 2
f 2 23 22
f 44 43 22
f 22 23 44
f 42 63 62
f 62 41 42
f 190 169 191
f 169 170 191
f 3 4 25
f 25 24 3
f 3 23 2
f 24 23 3
f 44 23 45
f 45 23 24
f 127 106 107
f 127 107 128
f 149 169 148
f 149 170 169
f 149 148 127
f 127 128 149
f 30 8 9
f 29 8 30
f 20 21 42
f 42 41 20
f 125 126 147
f 147 146 125
f 168 189 167
f 189 188 167
f 147 168 167
f 167 146 147
f 211 190 191
f 191 212 211
f 46 24 25
f 45 24 46
f 156 157 178
f 178 177 156
f 61 62 83
f 83 82 61
f 62 63 83
f 83 63 84
f 40 41 62
f 40 62 61
f 40 19 20
f 20 41 40
f 40 18 19
f 39 18 40
f 32 11 12
f 33 32 12
f 54 33 34
f 34 55 54
f 12 13 34
f 34 33 12
f 13 14 34
f 34 14 35
f 52 51 31
f 31 51 30
f 10 11 31
f 31 11 32
f 31 9 10
f 30 9 31
f 74 95 73
f 73 95 94
f 53 54 75
f 75 74 53
f 53 74 73
f 73 52 53
f 53 32 33
f 53 33 54
f 53 52 31
f 31 32 53
f 61 82 60
f 60 82 81
f 40 61 60
f 60 39 40
f 38 39 60
f 60 59 38
f 17 18 39
f 17 39 38
f 17 37 16
f 38 37 17
f 15 16 36
f 16 37 36
f 36 14 15
f 35 14 36
f 36 37 58
f 58 57 36
f 38 59 58
f 58 37 38
f 56 55 34
f 34 35 56
f 56 35 36
f 36 57 56
f 54 55 76
f 75 54 76
f 125 146 124
f 146 145 124
f 166 146 167
f 166 145 146
f 167 188 187
f 166 167 187
f 187 208 207
f 207 186 187
f 207 208 229
f 229 228 207
f 187 188 209
f 209 208 187
f 364 363 342
f 342 343 364
f 321 322 342
f 342 322 343
f 357 378 377
f 377 356 357
f 334 314 335
f 313 314 334
f 348 326 327
f 347 326 348
f 328 327 306
f 306 307 328
f 328 307 308
f 308 329 328
f 348 327 328
f 328 349 348
f 350 371 370
f 370 349 350
f 328 329 350
f 350 349 328
f 330 329 308
f 308 309 330
f 359 358 337
f 337 338 359
f 339 360 359
f 359 338 339
f 339 338 317
f 317 318 339
f 337 316 317
f 317 338 337
f 297 318 317
f 296 297 317
f 317 316 295
f 295 296 317
f 233 232 211
f 211 212 233
f 253 232 233
f 233 254 253
f 295 274 275
f 275 296 295
f 275 274 253
f 253 254 275
f 275 297 296
f 276 297 275
f 107 106 86
f 86 106 85
f 108 107 86
f 86 87 108
f 5 6 26
f 6 27 26
f 25 4 26
f 26 4 5
f 28 6 7
f 28 27 6
f 28 8 29
f 7 8 28
f 50 29 30
f 30 51 50
f 28 29 50
f 50 49 28
f 150 170 149
f 171 170 150
f 150 172 171
f 151 172 150
f 178 179 199
f 199 179 200
f 344 365 364
f 364 343 344
f 343 322 344
f 344 322 323
f 366 365 344
f 344 345 366
f 344 324 345
f 323 324 344
f 302 301 280
f 280 281 302
f 323 322 302
f 302 322 301
f 302 324 323
f 303 324 302
f 156 177 176
f 176 155 156
f 257 277 256
f 257 278 277
f 96 95 74
f 96 74 75
f 96 75 76
f 76 97 96
f 136 137 158
f 158 157 136
f 178 157 158
f 158 179 178
f 102 101 80
f 80 81 102
f 60 81 80
f 80 59 60
f 58 59 80
f 80 79 58
f 80 101 100
f 100 79 80
f 122 142 121
f 143 142 122
f 100 101 122
f 122 121 100
f 122 101 102
f 102 123 122
f 163 162 141
f 141 142 163
f 141 162 161
f 161 140 141
f 78 57 58
f 58 79 78
f 78 79 100
f 100 99 78
f 81 82 103
f 102 81 103
f 103 123 102
f 124 123 103
f 165 166 187
f 187 186 165
f 210 188 189
f 209 188 210
f 361 360 339
f 339 340 361
f 335 314 336
f 336 314 315
f 357 356 336
f 336 356 335
f 355 376 375
f 355 375 354
f 377 376 355
f 355 356 377
f 354 333 355
f 355 333 334
f 335 356 355
f 334 335 355
f 345 324 325
f 346 345 325
f 325 326 347
f 325 347 346
f 325 324 303
f 303 304 325
f 346 347 367
f 347 368 367
f 366 345 367
f 367 345 346
f 369 347 348
f 369 368 347
f 348 349 369
f 369 349 370
f 260 261 282
f 282 281 260
f 302 281 282
f 282 303 302
f 282 304 303
f 282 283 304
f 265 286 285
f 285 264 265
f 285 307 306
f 286 307 285
f 308 307 287
f 287 307 286
f 206 186 207
f 185 186 206
f 207 228 227
f 206 207 227
f 293 294 315
f 315 314 293
f 293 314 313
f 293 313 292
f 298 297 276
f 298 276 277
f 277 278 298
f 298 278 299
f 300 322 321
f 301 322 300
f 280 301 300
f 300 279 280
f 299 278 300
f 278 279 300
f 275 254 255
f 255 276 275
f 256 277 255
f 277 276 255
f 65 43 44
f 64 43 65
f 65 44 45
f 45 66 65
f 85 64 65
f 86 85 65
f 65 87 86
f 65 66 87
f 108 87 109
f 87 88 109
f 109 88 89
f 89 110 109
f 46 25 47
f 47 25 26
f 67 45 46
f 67 66 45
f 67 88 87
f 87 66 67
f 47 68 67
f 67 46 47
f 67 68 89
f 89 88 67
f 111 132 131
f 131 110 111
f 111 133 132
f 112 133 111
f 128 107 129
f 129 107 108
f 149 128 129
f 150 149 129
f 262 241 242
f 242 263 262
f 261 240 262
f 262 240 241
f 282 261 262
f 262 283 282
f 259 281 280
f 260 281 259
f 193 214 192
f 214 213 192
f 171 172 192
f 192 172 193
f 192 212 191
f 213 212 192
f 191 170 192
f 192 170 171
f 239 261 260
f 239 240 261
f 219 240 239
f 239 218 219
f 257 256 236
f 256 235 236
f 236 235 214
f 236 214 215
f 236 215 216
f 216 237 236
f 139 140 161
f 161 160 139
f 98 99 120
f 120 119 98
f 100 121 120
f 120 99 100
f 141 140 120
f 140 119 120
f 121 142 120
f 120 142 141
f 77 97 76
f 98 97 77
f 78 99 77
f 77 99 98
f 77 55 56
f 76 55 77
f 56 57 77
f 77 57 78
f 105 126 104
f 104 126 125
f 104 125 124
f 104 124 103
f 84 105 104
f 83 84 104
f 104 82 83
f 103 82 104
f 164 142 143
f 163 142 164
f 164 184 163
f 185 184 164
f 165 186 164
f 164 186 185
f 144 143 122
f 122 123 144
f 124 145 144
f 144 123 124
f 144 165 164
f 164 143 144
f 144 145 166
f 144 166 165
f 250 229 230
f 230 251 250
f 229 208 230
f 230 208 209
f 300 321 320
f 320 299 300
f 320 321 342
f 320 342 341
f 342 363 362
f 341 342 362
f 361 340 362
f 362 340 341
f 350 329 351
f 351 329 330
f 330 331 351
f 351 331 352
f 262 263 284
f 284 283 262
f 284 264 285
f 263 264 284
f 266 286 265
f 287 286 266
f 205 185 206
f 205 184 185
f 205 206 227
f 227 226 205
f 183 184 205
f 205 204 183
f 183 162 163
f 163 184 183
f 161 162 183
f 183 182 161
f 205 226 225
f 225 204 205
f 293 292 272
f 292 271 272
f 273 294 272
f 272 294 293
f 250 251 272
f 272 271 250
f 272 252 273
f 272 251 252
f 374 373 353
f 353 373 352
f 353 375 374
f 354 375 353
f 352 331 353
f 353 331 332
f 353 333 354
f 332 333 353
f 234 213 214
f 214 235 234
f 234 256 255
f 234 235 256
f 233 212 234
f 234 212 213
f 234 254 233
f 255 254 234
f 72 51 52
f 72 52 73
f 71 49 50
f 71 70 49
f 91 70 71
f 92 91 71
f 50 51 71
f 71 51 72
f 90 112 111
f 90 91 112
f 90 110 89
f 111 110 90
f 48 27 28
f 28 49 48
f 26 27 48
f 47 26 48
f 130 151 150
f 130 150 129
f 130 108 109
f 129 108 130
f 109 110 130
f 130 110 131
f 176 177 198
f 198 197 176
f 219 218 198
f 218 197 198
f 198 177 178
f 198 178 199
f 242 241 220
f 220 221 242
f 199 200 220
f 200 221 220
f 220 240 219
f 241 240 220
f 198 199 220
f 220 219 198
f 180 179 158
f 158 159 180
f 243 263 242
f 243 264 263
f 242 221 243
f 243 221 222
f 258 278 257
f 258 279 278
f 280 279 258
f 259 280 258
f 258 257 236
f 236 237 258
f 258 237 238
f 238 259 258
f 216 217 238
f 238 237 216
f 238 260 259
f 239 260 238
f 238 218 239
f 238 217 218
f 134 155 154
f 154 133 134
f 132 133 154
f 153 132 154
f 152 151 130
f 130 131 152
f 131 132 152
f 152 132 153
f 158 137 138
f 138 159 158
f 139 160 138
f 138 160 159
f 231 251 230
f 252 251 231
f 231 209 210
f 230 209 231
f 339 318 319
f 319 340 339
f 320 341 319
f 341 340 319
f 319 318 297
f 319 297 298
f 298 299 319
f 319 299 320
f 351 352 372
f 352 373 372
f 372 371 350
f 372 350 351
f 327 326 305
f 306 327 305
f 305 326 325
f 325 304 305
f 285 306 305
f 284 285 305
f 304 283 305
f 305 283 284
f 183 204 203
f 203 182 183
f 312 313 334
f 334 333 312
f 292 313 312
f 291 292 312
f 246 266 245
f 246 267 266
f 270 271 292
f 270 292 291
f 113 133 112
f 134 133 113
f 113 91 92
f 112 91 113
f 156 155 135
f 135 155 134
f 135 134 113
f 113 114 135
f 135 157 156
f 136 157 135
f 73 94 93
f 72 73 93
f 93 92 71
f 71 72 93
f 113 92 93
f 93 114 113
f 115 137 136
f 116 137 115
f 94 95 115
f 115 95 116
f 115 136 135
f 135 114 115
f 115 114 93
f 93 94 115
f 69 70 91
f 69 91 90
f 89 68 69
f 90 89 69
f 49 70 69
f 48 49 69
f 69 68 47
f 69 47 48
f 201 221 200
f 222 221 201
f 200 179 201
f 201 179 180
f 161 182 181
f 181 160 161
f 180 159 181
f 159 160 181
f 243 222 244
f 222 223 244
f 265 264 244
f 244 264 243
f 266 265 244
f 245 266 244
f 175 155 176
f 154 155 175
f 175 153 154
f 174 153 175
f 173 172 151
f 173 151 152
f 152 153 173
f 173 153 174
f 117 95 96
f 116 95 117
f 138 137 117
f 117 137 116
f 246 245 224
f 224 225 246
f 224 245 244
f 244 223 224
f 224 204 225
f 203 204 224
f 311 333 332
f 312 333 311
f 311 291 312
f 311 290 291
f 330 309 310
f 310 331 330
f 332 331 310
f 311 332 310
f 310 290 311
f 289 290 310
f 288 287 266
f 266 267 288
f 288 309 308
f 288 308 287
f 288 267 268
f 288 268 289
f 288 289 310
f 310 309 288
f 225 226 247
f 246 225 247
f 247 267 246
f 268 267 247
f 224 223 202
f 202 203 224
f 202 182 203
f 181 182 202
f 202 222 201
f 202 223 222
f 201 180 202
f 202 180 181
f 218 217 196
f 196 197 218
f 176 197 196
f 175 176 196
f 194 214 193
f 215 214 194
f 193 172 194
f 194 172 173
f 96 97 118
f 117 96 118
f 118 139 138
f 118 138 117
f 98 119 118
f 118 97 98
f 118 140 139
f 118 119 140
f 248 226 227
f 247 226 248
f 195 174 175
f 195 175 196
f 195 217 216
f 196 217 195
f 173 174 195
f 194 173 195
f 216 215 195
f 195 215 194
f 269 268 247
f 269 247 248
f 269 290 289
f 289 268 269
f 270 291 269
f 291 290 269
f 250 271 249
f 249 271 270
f 249 228 229
f 249 229 250
f 249 270 269
f 269 248 249
f 227 228 249
f 248 227 249
f 492 490 606
f 606 608 492
f 606 490 488
f 488 604 606
f 590 474 472
f 472 588 590
f 606 604 720
f 720 722 606
f 838 722 720
f 720 836 838
f 488 486 602
f 602 604 488
f 2576 2692 2694
f 2694 2578 2576
f 2585 2467 2582
f 2582 2698 2585
f 2235 2121 2234
f 2234 2350 2235
f 2118 2116 2234
f 2116 2232 2234
f 1762 1764 1648
f 1648 1646 1762
f 1534 1532 1648
f 1648 1650 1534
f 1648 1764 1766
f 1766 1650 1648
f 2230 2232 2116
f 2230 2116 2114
f 1248 1194 1362
f 1362 1364 1248
f 1076 1194 1248
f 1248 1132 1076
f 1016 962 1076
f 1076 1132 1016
f 902 900 1016
f 1016 1018 902
f 844 962 1016
f 1016 900 844
f 844 784 730
f 900 784 844
f 790 906 908
f 908 792 790
f 790 788 904
f 904 906 790
f 452 450 566
f 566 568 452
f 2874 2876 2760
f 2760 2758 2874
f 1482 1364 1480
f 1482 1366 1364
f 1658 1772 1828
f 1828 1712 1658
f 1828 1944 1946
f 1946 1830 1828
f 1714 1712 1828
f 1828 1830 1714
f 1600 1484 1482
f 1482 1598 1600
f 1600 1598 1714
f 1714 1716 1600
f 1832 1948 1950
f 1950 1834 1832
f 1832 1830 1946
f 1946 1948 1832
f 1714 1830 1832
f 1832 1716 1714
f 1652 1650 1766
f 1766 1768 1652
f 1534 1650 1652
f 1652 1536 1534
f 1309 1193 1306
f 1306 1422 1309
f 1306 1193 1077
f 1077 1190 1306
f 1306 1188 1304
f 1190 1188 1306
f 1420 1422 1306
f 1306 1304 1420
f 1534 1536 1420
f 1420 1418 1534
f 1077 961 1074
f 1074 1190 1077
f 1074 1188 1190
f 1072 1188 1074
f 1074 961 843
f 843 958 1074
f 958 956 1074
f 1074 956 1072
f 1072 956 954
f 954 1070 1072
f 954 956 840
f 840 838 954
f 1416 1532 1534
f 1534 1418 1416
f 1420 1304 1302
f 1302 1418 1420
f 1416 1418 1302
f 1302 1300 1416
f 1416 1300 1298
f 1298 1414 1416
f 1298 1184 1182
f 1300 1184 1298
f 940 942 826
f 940 826 824
f 600 716 718
f 718 602 600
f 718 836 720
f 718 834 836
f 720 604 718
f 718 604 602
f 718 716 832
f 832 834 718
f 2234 2121 2003
f 2003 2118 2234
f 2003 1887 2002
f 2002 2118 2003
f 2002 2116 2118
f 2000 2116 2002
f 2466 2464 2580
f 2580 2582 2466
f 2348 2350 2234
f 2234 2232 2348
f 2348 2464 2466
f 2466 2350 2348
f 1530 1646 1648
f 1648 1532 1530
f 1530 1532 1416
f 1416 1414 1530
f 1988 1986 2102
f 2102 2104 1988
f 1988 2104 2106
f 2106 1990 1988
f 2224 2108 2106
f 2106 2222 2224
f 1882 1768 1766
f 1882 1884 1768
f 2800 2916 2918
f 2918 2802 2800
f 2224 2222 2340
f 2340 2222 2338
f 2102 2218 2220
f 2220 2104 2102
f 2106 2104 2220
f 2220 2222 2106
f 2338 2222 2220
f 2336 2338 2220
f 2220 2218 2334
f 2334 2336 2220
f 2334 2218 2216
f 2216 2332 2334
f 1596 1540 1658
f 1658 1712 1596
f 1596 1712 1714
f 1714 1598 1596
f 1482 1480 1596
f 1596 1598 1482
f 1478 1540 1596
f 1596 1480 1478
f 1478 1364 1362
f 1480 1364 1478
f 1016 1132 1134
f 1134 1018 1016
f 790 792 676
f 676 674 790
f 786 900 902
f 786 784 900
f 904 788 786
f 786 902 904
f 1030 914 912
f 912 1028 1030
f 798 796 912
f 912 914 798
f 1260 1376 1378
f 1378 1262 1260
f 1252 1254 1138
f 1138 1136 1252
f 1020 1136 1138
f 1138 1022 1020
f 1020 906 904
f 1022 906 1020
f 1020 1018 1134
f 1134 1136 1020
f 902 1018 1020
f 904 902 1020
f 558 442 440
f 440 556 558
f 438 554 440
f 440 554 556
f 672 788 790
f 790 674 672
f 558 556 672
f 672 674 558
f 786 788 672
f 672 670 786
f 672 554 670
f 556 554 672
f 676 792 794
f 794 678 676
f 1046 1044 1160
f 1160 1162 1046
f 1274 1276 1160
f 1160 1158 1274
f 570 456 454
f 570 572 456
f 570 454 452
f 452 568 570
f 1284 1400 1402
f 1402 1286 1284
f 448 446 564
f 446 562 564
f 566 450 564
f 564 450 448
f 2524 2470 2584
f 2584 2640 2524
f 2642 2758 2760
f 2760 2644 2642
f 2184 2186 2070
f 2070 2068 2184
f 2768 2884 2886
f 2886 2770 2768
f 2882 2884 2768
f 2768 2766 2882
f 2886 2888 2772
f 2772 2770 2886
f 2772 2654 2770
f 2656 2654 2772
f 1888 1944 1828
f 1828 1772 1888
f 2062 2060 2176
f 2176 2178 2062
f 1946 1944 2062
f 2062 1944 2060
f 1510 1626 1628
f 1628 1512 1510
f 1538 1422 1420
f 1420 1536 1538
f 1425 1309 1538
f 1309 1422 1538
f 724 608 606
f 606 722 724
f 724 722 838
f 724 838 840
f 843 727 842
f 842 958 843
f 842 956 958
f 840 956 842
f 1186 1300 1302
f 1186 1184 1300
f 1186 1188 1072
f 1072 1070 1186
f 1304 1188 1186
f 1302 1304 1186
f 1060 1176 1062
f 1176 1178 1062
f 1062 946 944
f 944 1060 1062
f 1068 1184 1186
f 1186 1070 1068
f 1182 1184 1066
f 1066 1184 1068
f 1288 1286 1402
f 1402 1404 1288
f 1172 1056 1170
f 1056 1054 1170
f 1170 1286 1288
f 1288 1172 1170
f 1058 942 940
f 940 1056 1058
f 1058 1060 944
f 944 942 1058
f 596 480 478
f 478 594 596
f 478 476 592
f 592 594 478
f 592 590 706
f 706 708 592
f 592 474 590
f 476 474 592
f 710 712 596
f 596 594 710
f 824 826 710
f 710 708 824
f 710 594 592
f 592 708 710
f 602 486 484
f 600 602 484
f 482 480 598
f 598 480 596
f 484 482 598
f 598 600 484
f 828 712 710
f 710 826 828
f 826 942 828
f 828 942 944
f 944 946 828
f 828 946 830
f 1768 1884 1886
f 1770 1768 1886
f 1886 1773 1655
f 1655 1770 1886
f 1886 2000 2002
f 1886 1884 2000
f 1886 1887 1773
f 2002 1887 1886
f 2930 2815 2701
f 2701 2814 2930
f 2585 2698 2701
f 2701 2698 2814
f 2812 2926 2928
f 2812 2810 2926
f 2812 2928 2930
f 2930 2814 2812
f 2808 2922 2924
f 2806 2922 2808
f 2694 2692 2808
f 2808 2810 2694
f 2924 2926 2808
f 2926 2810 2808
f 2800 2802 2686
f 2686 2684 2800
f 2686 2570 2568
f 2568 2684 2686
f 2582 2467 2353
f 2466 2582 2353
f 2235 2350 2353
f 2353 2350 2466
f 2346 2232 2230
f 2348 2232 2346
f 1752 1868 1870
f 1870 1754 1752
f 1520 1404 1518
f 1518 1404 1402
f 1402 1400 1518
f 1518 1400 1516
f 1288 1404 1406
f 1406 1290 1288
f 1292 1290 1406
f 1406 1408 1292
f 1410 1408 1526
f 1408 1524 1526
f 1878 1876 1992
f 1992 1994 1878
f 1992 1990 2106
f 2106 2108 1992
f 1992 1876 1874
f 1874 1990 1992
f 1644 1646 1530
f 1530 1528 1644
f 1870 1868 1984
f 1984 1986 1870
f 2110 1994 1992
f 1992 2108 2110
f 2110 2108 2224
f 2224 2226 2110
f 2114 2116 1998
f 1998 2116 2000
f 1998 1884 1882
f 2000 1884 1998
f 1880 1764 1762
f 1880 1762 1878
f 1878 1994 1880
f 1880 1994 1996
f 1766 1764 1880
f 1882 1766 1880
f 1998 1882 1880
f 1880 1996 1998
f 2342 2224 2340
f 2342 2226 2224
f 2330 2332 2216
f 2216 2214 2330
f 2676 2678 2562
f 2562 2560 2676
f 2444 2560 2562
f 2562 2446 2444
f 2452 2338 2336
f 2454 2338 2452
f 2568 2570 2452
f 2452 2570 2454
f 560 446 444
f 560 562 446
f 676 678 560
f 678 562 560
f 444 442 560
f 560 442 558
f 560 674 676
f 558 674 560
f 668 784 786
f 786 670 668
f 730 784 668
f 666 730 668
f 1600 1716 1718
f 1718 1602 1600
f 1832 1834 1718
f 1718 1716 1832
f 1718 1834 1836
f 1836 1720 1718
f 1488 1372 1486
f 1372 1370 1486
f 1486 1484 1600
f 1600 1602 1486
f 1604 1602 1718
f 1718 1720 1604
f 1604 1488 1486
f 1486 1602 1604
f 1024 1142 1026
f 1024 1140 1142
f 1024 1022 1138
f 1138 1140 1024
f 908 906 1024
f 1024 906 1022
f 1142 1140 1256
f 1258 1142 1256
f 1138 1254 1256
f 1256 1140 1138
f 1256 1370 1372
f 1254 1370 1256
f 1368 1366 1482
f 1482 1484 1368
f 1486 1370 1368
f 1368 1484 1486
f 1368 1254 1252
f 1368 1370 1254
f 1250 1366 1368
f 1368 1252 1250
f 1252 1136 1250
f 1250 1136 1134
f 1248 1364 1250
f 1364 1366 1250
f 1250 1132 1248
f 1134 1132 1250
f 910 1028 912
f 1026 1028 910
f 912 796 910
f 910 796 794
f 1024 1026 910
f 910 908 1024
f 910 792 908
f 794 792 910
f 1048 932 930
f 930 1046 1048
f 810 696 694
f 810 812 696
f 1160 1044 1042
f 1042 1158 1160
f 1146 1262 1264
f 1264 1148 1146
f 1268 1270 1154
f 1154 1152 1268
f 1392 1276 1274
f 1274 1390 1392
f 590 588 704
f 706 590 704
f 458 456 574
f 456 572 574
f 574 572 688
f 688 690 574
f 806 690 688
f 688 804 806
f 810 694 692
f 692 808 810
f 692 690 806
f 806 808 692
f 1150 1148 1264
f 1264 1266 1150
f 1268 1152 1150
f 1150 1266 1268
f 1036 1152 1154
f 1154 1038 1036
f 1150 1152 1036
f 1036 1034 1150
f 798 914 916
f 800 798 916
f 580 464 462
f 462 578 580
f 694 696 580
f 578 694 580
f 466 464 580
f 580 582 466
f 1278 1162 1160
f 1160 1276 1278
f 1278 1276 1392
f 1392 1394 1278
f 1510 1512 1396
f 1396 1394 1510
f 1278 1394 1396
f 1396 1280 1278
f 1284 1286 1168
f 1168 1286 1170
f 1170 1054 1168
f 1168 1054 1052
f 680 796 798
f 798 682 680
f 680 566 564
f 680 682 566
f 680 678 794
f 794 796 680
f 564 562 680
f 680 562 678
f 2766 2650 2764
f 2650 2648 2764
f 2764 2880 2882
f 2882 2766 2764
f 2760 2876 2878
f 2762 2760 2878
f 2878 2880 2764
f 2764 2762 2878
f 2646 2530 2528
f 2528 2644 2646
f 2646 2644 2760
f 2646 2760 2762
f 2764 2648 2646
f 2646 2762 2764
f 2756 2758 2642
f 2642 2640 2756
f 2874 2758 2756
f 2872 2874 2756
f 2534 2536 2418
f 2418 2536 2420
f 2532 2648 2650
f 2532 2650 2534
f 2532 2534 2418
f 2418 2416 2532
f 2532 2530 2646
f 2646 2648 2532
f 2292 2178 2176
f 2294 2178 2292
f 2642 2644 2526
f 2526 2644 2528
f 2524 2640 2526
f 2526 2640 2642
f 2532 2416 2414
f 2414 2530 2532
f 2416 2300 2414
f 2414 2300 2298
f 2296 2178 2294
f 2180 2178 2296
f 2652 2654 2538
f 2538 2536 2652
f 2768 2770 2652
f 2770 2654 2652
f 2652 2536 2534
f 2534 2650 2652
f 2652 2766 2768
f 2652 2650 2766
f 2786 2900 2902
f 2784 2900 2786
f 2902 2904 2786
f 2904 2788 2786
f 2778 2894 2896
f 2896 2780 2778
f 2896 2898 2782
f 2782 2780 2896
f 2898 2900 2782
f 2782 2900 2784
f 2176 2060 2006
f 2006 2120 2176
f 2006 1944 1888
f 2060 1944 2006
f 2064 1948 1946
f 2064 1946 2062
f 2062 2178 2064
f 2064 2178 2180
f 1950 1948 2064
f 2066 1950 2064
f 2182 2180 2296
f 2296 2298 2182
f 2064 2180 2182
f 2182 2066 2064
f 2298 2300 2182
f 2182 2300 2184
f 2184 2068 2182
f 2182 2068 2066
f 1748 1746 1862
f 1864 1748 1862
f 1742 1858 1744
f 1744 1858 1860
f 1628 1626 1744
f 1744 1626 1742
f 1862 1746 1744
f 1744 1860 1862
f 1630 1628 1744
f 1744 1746 1630
f 1630 1512 1628
f 1514 1512 1630
f 2796 2910 2912
f 2794 2910 2796
f 2790 2904 2906
f 2790 2788 2904
f 2778 2780 2664
f 2664 2662 2778
f 2664 2780 2782
f 2782 2666 2664
f 2546 2544 2660
f 2660 2662 2546
f 2546 2662 2664
f 2664 2548 2546
f 2320 2204 2318
f 2204 2202 2318
f 2318 2316 2432
f 2432 2434 2318
f 2554 2556 2440
f 2440 2438 2554
f 2664 2666 2550
f 2550 2548 2664
f 2550 2434 2432
f 2432 2548 2550
f 2668 2784 2786
f 2786 2670 2668
f 2668 2670 2554
f 2554 2552 2668
f 2782 2784 2668
f 2668 2666 2782
f 2550 2666 2668
f 2668 2552 2550
f 2196 2198 2082
f 2082 2080 2196
f 1966 1964 2082
f 2082 1964 2080
f 2204 2088 2086
f 2086 2202 2204
f 1972 1970 2086
f 2086 2088 1972
f 2318 2202 2200
f 2200 2316 2318
f 2200 2202 2086
f 2086 2084 2200
f 2082 2198 2200
f 2200 2084 2082
f 1968 1966 2082
f 2082 2084 1968
f 2086 1970 1968
f 1968 2084 2086
f 2078 2076 2192
f 2192 2194 2078
f 1960 2076 2078
f 2078 1962 1960
f 2196 2080 2078
f 2078 2194 2196
f 2080 1964 2078
f 2078 1964 1962
f 1654 1539 1425
f 1654 1425 1538
f 1654 1536 1652
f 1538 1536 1654
f 1655 1539 1654
f 1654 1770 1655
f 1652 1768 1654
f 1654 1768 1770
f 492 608 610
f 494 492 610
f 610 379 494
f 495 379 610
f 838 836 952
f 954 838 952
f 952 1070 954
f 1068 1070 952
f 836 834 952
f 952 834 950
f 1066 1068 952
f 952 950 1066
f 1062 1178 1064
f 1064 1178 1180
f 1064 1182 1066
f 1180 1182 1064
f 1298 1182 1296
f 1296 1182 1180
f 1174 1290 1292
f 1292 1176 1174
f 1174 1176 1060
f 1174 1060 1058
f 1174 1172 1288
f 1288 1290 1174
f 1174 1056 1172
f 1058 1056 1174
f 822 708 706
f 824 708 822
f 822 706 704
f 704 820 822
f 714 712 828
f 828 830 714
f 596 712 714
f 598 596 714
f 832 716 714
f 714 830 832
f 714 716 600
f 714 600 598
f 2696 2698 2582
f 2696 2582 2580
f 2814 2698 2696
f 2812 2814 2696
f 2696 2578 2694
f 2580 2578 2696
f 2696 2810 2812
f 2694 2810 2696
f 2576 2578 2462
f 2462 2460 2576
f 2580 2464 2462
f 2462 2578 2580
f 2462 2464 2348
f 2462 2348 2346
f 2344 2460 2462
f 2462 2346 2344
f 2346 2230 2344
f 2344 2230 2228
f 2344 2226 2342
f 2228 2226 2344
f 1518 1516 1632
f 1632 1634 1518
f 1632 1746 1748
f 1630 1746 1632
f 1632 1514 1630
f 1516 1514 1632
f 1636 1520 1518
f 1518 1634 1636
f 1750 1634 1632
f 1632 1748 1750
f 1636 1634 1750
f 1750 1752 1636
f 1522 1408 1406
f 1522 1524 1408
f 1522 1404 1520
f 1406 1404 1522
f 1988 1990 1872
f 1872 1990 1874
f 1872 1754 1870
f 1756 1754 1872
f 1872 1986 1988
f 1870 1986 1872
f 1872 1874 1758
f 1758 1756 1872
f 2100 2214 2216
f 2098 2214 2100
f 2100 1982 2098
f 1984 1982 2100
f 2100 2218 2102
f 2216 2218 2100
f 2102 1986 2100
f 2100 1986 1984
f 2112 1994 2110
f 1996 1994 2112
f 2110 2226 2112
f 2112 2226 2228
f 2112 2114 1998
f 1998 1996 2112
f 2230 2114 2112
f 2228 2230 2112
f 2804 2802 2918
f 2804 2918 2920
f 2804 2922 2806
f 2920 2922 2804
f 2458 2460 2344
f 2344 2342 2458
f 2328 2212 2210
f 2210 2326 2328
f 2330 2214 2328
f 2328 2214 2212
f 2444 2446 2328
f 2328 2446 2330
f 552 380 496
f 436 380 552
f 552 496 666
f 552 666 668
f 552 438 436
f 552 554 438
f 670 554 552
f 668 670 552
f 1952 1950 2066
f 2066 2068 1952
f 1952 1834 1950
f 1836 1834 1952
f 1952 2068 2070
f 1952 2070 1954
f 1954 1838 1952
f 1952 1838 1836
f 1722 1720 1836
f 1836 1838 1722
f 1728 1730 1614
f 1614 1612 1728
f 1374 1376 1260
f 1260 1258 1374
f 1492 1376 1374
f 1374 1490 1492
f 1374 1258 1256
f 1256 1372 1374
f 1374 1372 1488
f 1374 1488 1490
f 1378 1376 1494
f 1494 1376 1492
f 1030 1028 1144
f 1146 1030 1144
f 1260 1262 1144
f 1144 1262 1146
f 1026 1142 1144
f 1144 1028 1026
f 1144 1142 1258
f 1144 1258 1260
f 1168 1052 1050
f 1050 1166 1168
f 1164 1162 1278
f 1278 1280 1164
f 1046 1162 1164
f 1048 1046 1164
f 1164 1166 1050
f 1050 1048 1164
f 928 1044 1046
f 928 1046 930
f 928 812 810
f 810 926 928
f 1042 1044 928
f 928 926 1042
f 810 808 924
f 924 926 810
f 924 808 806
f 806 922 924
f 1380 1262 1378
f 1264 1262 1380
f 1622 1506 1504
f 1504 1620 1622
f 1506 1390 1504
f 1504 1390 1388
f 1154 1270 1272
f 1272 1156 1154
f 1274 1158 1272
f 1272 1158 1156
f 1272 1390 1274
f 1388 1390 1272
f 1848 1732 1846
f 1732 1730 1846
f 1962 1964 1846
f 1846 1964 1848
f 1850 1966 1968
f 1968 1852 1850
f 1850 1964 1966
f 1848 1964 1850
f 1508 1626 1510
f 1508 1624 1626
f 1508 1394 1392
f 1510 1394 1508
f 1508 1506 1622
f 1622 1624 1508
f 1392 1390 1508
f 1508 1390 1506
f 472 470 586
f 586 588 472
f 704 588 586
f 586 702 704
f 580 696 698
f 698 582 580
f 818 820 704
f 704 702 818
f 576 460 458
f 576 458 574
f 574 690 576
f 576 690 692
f 462 460 576
f 576 578 462
f 692 694 576
f 576 694 578
f 686 572 570
f 688 572 686
f 684 568 566
f 566 682 684
f 684 798 800
f 684 682 798
f 570 568 684
f 686 570 684
f 806 804 920
f 920 922 806
f 1036 1038 920
f 920 1038 922
f 1146 1148 1032
f 1032 1030 1146
f 1032 914 1030
f 916 914 1032
f 1032 1148 1150
f 1150 1034 1032
f 1516 1400 1398
f 1398 1514 1516
f 1396 1512 1398
f 1398 1512 1514
f 2700 2816 2872
f 2700 2872 2756
f 2700 2640 2584
f 2756 2640 2700
f 2542 2658 2660
f 2660 2544 2542
f 2540 2654 2656
f 2538 2654 2540
f 2540 2658 2542
f 2656 2658 2540
f 2426 2424 2540
f 2542 2426 2540
f 2310 2194 2192
f 2310 2192 2308
f 2308 2424 2310
f 2310 2424 2426
f 2196 2194 2310
f 2312 2196 2310
f 2420 2536 2422
f 2422 2536 2538
f 2422 2538 2540
f 2540 2424 2422
f 2302 2186 2184
f 2184 2300 2302
f 2302 2416 2418
f 2302 2300 2416
f 2188 2186 2302
f 2302 2304 2188
f 2418 2420 2302
f 2302 2420 2304
f 2408 2524 2526
f 2526 2410 2408
f 2408 2294 2292
f 2408 2410 2294
f 2406 2470 2408
f 2408 2470 2524
f 2292 2176 2238
f 2176 2120 2238
f 2408 2292 2238
f 2238 2406 2408
f 2528 2530 2412
f 2412 2530 2414
f 2414 2298 2412
f 2412 2298 2296
f 2526 2528 2412
f 2412 2410 2526
f 2296 2294 2412
f 2294 2410 2412
f 2324 2438 2440
f 2322 2438 2324
f 2328 2326 2442
f 2442 2444 2328
f 2324 2440 2442
f 2442 2326 2324
f 2774 2656 2772
f 2774 2658 2656
f 2772 2888 2774
f 2774 2888 2890
f 1722 1838 1840
f 1840 1724 1722
f 1840 1838 1954
f 1840 1954 1956
f 2070 2186 2072
f 2072 2186 2188
f 1954 2070 2072
f 1956 1954 2072
f 2098 1982 2096
f 1982 1980 2096
f 2096 2214 2098
f 2212 2214 2096
f 2798 2912 2914
f 2796 2912 2798
f 2800 2684 2798
f 2798 2684 2682
f 2798 2916 2800
f 2914 2916 2798
f 2906 2908 2792
f 2790 2906 2792
f 2908 2910 2792
f 2792 2910 2794
f 2792 2678 2676
f 2794 2678 2792
f 2674 2790 2792
f 2792 2676 2674
f 2436 2434 2550
f 2550 2552 2436
f 2436 2320 2318
f 2318 2434 2436
f 2554 2438 2436
f 2436 2552 2554
f 2436 2438 2322
f 2436 2322 2320
f 726 613 495
f 726 495 610
f 726 608 724
f 610 608 726
f 726 727 613
f 842 727 726
f 724 840 726
f 726 840 842
f 830 946 948
f 832 830 948
f 948 946 1062
f 948 1062 1064
f 948 834 832
f 950 834 948
f 1066 950 948
f 1064 1066 948
f 1180 1178 1294
f 1296 1180 1294
f 1294 1178 1176
f 1294 1176 1292
f 1292 1408 1294
f 1294 1408 1410
f 1530 1414 1412
f 1412 1528 1530
f 1412 1414 1298
f 1412 1298 1296
f 1412 1410 1526
f 1526 1528 1412
f 1412 1296 1294
f 1294 1410 1412
f 938 1054 1056
f 938 1056 940
f 940 824 938
f 938 824 822
f 1052 1054 938
f 936 1052 938
f 822 820 938
f 938 820 936
f 1984 1868 1866
f 1866 1982 1984
f 1866 1868 1752
f 1866 1752 1750
f 1866 1980 1982
f 1864 1980 1866
f 1866 1748 1864
f 1750 1748 1866
f 1752 1754 1638
f 1636 1752 1638
f 1638 1520 1636
f 1522 1520 1638
f 1638 1754 1756
f 1638 1756 1640
f 1638 1524 1522
f 1640 1524 1638
f 1874 1876 1760
f 1758 1874 1760
f 1760 1876 1878
f 1878 1762 1760
f 1762 1646 1760
f 1760 1646 1644
f 1644 1528 1642
f 1642 1528 1526
f 1642 1758 1760
f 1760 1644 1642
f 1526 1524 1642
f 1642 1524 1640
f 1642 1756 1758
f 1640 1756 1642
f 2576 2460 2574
f 2574 2460 2458
f 2680 2796 2798
f 2798 2682 2680
f 2680 2794 2796
f 2680 2678 2794
f 2562 2678 2680
f 2564 2562 2680
f 2448 2332 2330
f 2330 2446 2448
f 2448 2446 2562
f 2448 2562 2564
f 2566 2684 2568
f 2682 2684 2566
f 2680 2682 2566
f 2566 2564 2680
f 1492 1490 1606
f 1606 1608 1492
f 1724 1608 1606
f 1722 1724 1606
f 1606 1488 1604
f 1490 1488 1606
f 1604 1720 1606
f 1606 1720 1722
f 1726 1724 1840
f 1840 1842 1726
f 1614 1730 1616
f 1616 1730 1732
f 1040 1038 1154
f 1154 1156 1040
f 924 922 1040
f 922 1038 1040
f 1040 1158 1042
f 1156 1158 1040
f 1042 926 1040
f 1040 926 924
f 1496 1378 1494
f 1380 1378 1496
f 1268 1266 1382
f 1382 1384 1268
f 1382 1266 1264
f 1382 1264 1380
f 1502 1620 1504
f 1618 1620 1502
f 1960 1962 1844
f 1844 1962 1846
f 1844 1730 1728
f 1846 1730 1844
f 1726 1842 1844
f 1844 1728 1726
f 1622 1620 1736
f 1738 1622 1736
f 1968 1970 1854
f 1854 1852 1968
f 1854 1738 1736
f 1736 1852 1854
f 928 930 814
f 814 812 928
f 696 812 814
f 698 696 814
f 930 932 814
f 814 932 816
f 818 702 700
f 700 816 818
f 700 698 814
f 814 816 700
f 1050 1052 934
f 934 1052 936
f 934 820 818
f 936 820 934
f 934 932 1048
f 934 1048 1050
f 816 932 934
f 818 816 934
f 918 916 1032
f 1032 1034 918
f 918 1034 1036
f 918 1036 920
f 1282 1284 1168
f 1168 1166 1282
f 1282 1400 1284
f 1398 1400 1282
f 1164 1280 1282
f 1282 1166 1164
f 1282 1280 1396
f 1282 1396 1398
f 2542 2544 2428
f 2428 2426 2542
f 2310 2426 2428
f 2428 2312 2310
f 2188 2304 2306
f 2306 2190 2188
f 2306 2420 2422
f 2304 2420 2306
f 2308 2192 2306
f 2192 2190 2306
f 2306 2424 2308
f 2422 2424 2306
f 2320 2322 2206
f 2206 2204 2320
f 2890 2892 2776
f 2774 2890 2776
f 2660 2658 2776
f 2776 2658 2774
f 2892 2894 2776
f 2776 2894 2778
f 2778 2662 2776
f 2776 2662 2660
f 2192 2076 2074
f 2074 2190 2192
f 2072 2188 2074
f 2188 2190 2074
f 2210 2212 2094
f 2094 2212 2096
f 2672 2788 2790
f 2672 2790 2674
f 2786 2788 2672
f 2672 2670 2786
f 2672 2556 2554
f 2554 2670 2672
f 2558 2560 2444
f 2558 2444 2442
f 2676 2560 2558
f 2674 2676 2558
f 2440 2556 2558
f 2442 2440 2558
f 2672 2674 2558
f 2558 2556 2672
f 2690 2806 2808
f 2808 2692 2690
f 2690 2692 2576
f 2690 2576 2574
f 2340 2338 2456
f 2456 2338 2454
f 2342 2340 2456
f 2458 2342 2456
f 2450 2336 2334
f 2452 2336 2450
f 2450 2568 2452
f 2566 2568 2450
f 2334 2332 2450
f 2450 2332 2448
f 2448 2564 2450
f 2450 2564 2566
f 1494 1492 1610
f 1492 1608 1610
f 1610 1608 1724
f 1610 1724 1726
f 1496 1494 1610
f 1610 1612 1496
f 1728 1612 1610
f 1726 1728 1610
f 1498 1612 1614
f 1496 1612 1498
f 1498 1380 1496
f 1382 1380 1498
f 1386 1270 1268
f 1268 1384 1386
f 1272 1270 1386
f 1386 1388 1272
f 1504 1388 1386
f 1502 1504 1386
f 1386 1384 1500
f 1500 1502 1386
f 1500 1618 1502
f 1616 1618 1500
f 1500 1384 1382
f 1500 1382 1498
f 1500 1614 1616
f 1498 1614 1500
f 1734 1620 1618
f 1736 1620 1734
f 1850 1852 1734
f 1734 1852 1736
f 1616 1732 1734
f 1734 1618 1616
f 1734 1732 1848
f 1734 1848 1850
f 1972 1974 1856
f 1974 1858 1856
f 1856 1970 1972
f 1854 1970 1856
f 468 466 584
f 466 582 584
f 584 582 698
f 584 698 700
f 584 470 468
f 586 470 584
f 584 702 586
f 700 702 584
f 802 804 688
f 802 688 686
f 920 804 802
f 918 920 802
f 684 800 802
f 802 686 684
f 802 800 916
f 802 916 918
f 2200 2198 2314
f 2314 2316 2200
f 2314 2198 2196
f 2314 2196 2312
f 1972 2088 2090
f 2090 1974 1972
f 2090 2088 2204
f 2090 2204 2206
f 1840 1956 1958
f 1958 1842 1840
f 1958 1956 2072
f 1958 2072 2074
f 1958 1960 1844
f 1844 1842 1958
f 1958 2076 1960
f 2074 2076 1958
f 1860 1858 1976
f 1976 1858 1974
f 2686 2802 2688
f 2688 2802 2804
f 2804 2806 2688
f 2688 2806 2690
f 1742 1626 1740
f 1626 1624 1740
f 1740 1858 1742
f 1856 1858 1740
f 1740 1624 1622
f 1740 1622 1738
f 1740 1738 1854
f 1740 1854 1856
f 2546 2548 2430
f 2430 2548 2432
f 2432 2316 2430
f 2430 2316 2314
f 2430 2544 2546
f 2428 2544 2430
f 2430 2312 2428
f 2314 2312 2430
f 2208 2326 2210
f 2324 2326 2208
f 2208 2322 2324
f 2206 2322 2208
f 1862 1860 1978
f 1978 1860 1976
f 1978 1864 1862
f 1978 1980 1864
f 2096 1980 1978
f 2094 2096 1978
f 2454 2570 2572
f 2456 2454 2572
f 2572 2570 2686
f 2572 2686 2688
f 2574 2458 2572
f 2572 2458 2456
f 2690 2574 2572
f 2688 2690 2572
f 2092 1974 2090
f 1976 1974 2092
f 2090 2206 2092
f 2092 2206 2208
f 1978 1976 2092
f 2092 2094 1978
f 2092 2210 2094
f 2208 2210 2092
f 491 605 489
f 605 491 607
f 605 487 489
f 487 605 603
f 589 471 473
f 471 589 587
f 605 719 603
f 719 605 721
f 837 719 721
f 719 837 835
f 487 601 485
f 601 487 603
f 2575 2693 2691
f 2693 2575 2577
f 2635 2581 2517
f 2581 2635 2697
f 2285 2233 2171
f 2233 2285 2349
f 2117 2233 2115
f 2115 2233 2231
f 1761 1647 1763
f 1647 1761 1645
f 1533 1647 1531
f 1647 1533 1649
f 1647 1765 1763
f 1765 1647 1649
f 2229 2115 2231
f 2229 2113 2115
f 1247 1361 1244
f 1361 1247 1363
f 1126 1247 1244
f 1247 1126 1131
f 1015 1126 1012
f 1126 1015 1131
f 901 1015 899
f 1015 901 1017
f 894 1015 1012
f 1015 894 899
f 894 780 783
f 899 894 783
f 789 907 905
f 907 789 791
f 789 903 787
f 903 789 905
f 451 565 449
f 565 451 567
f 2873 2759 2875
f 2759 2873 2757
f 1481 1479 1363
f 1481 1363 1365
f 1708 1827 1822
f 1827 1708 1711
f 1827 1945 1943
f 1945 1827 1829
f 1713 1827 1711
f 1827 1713 1829
f 1599 1481 1483
f 1481 1599 1597
f 1599 1713 1597
f 1713 1599 1715
f 1831 1949 1947
f 1949 1831 1833
f 1831 1945 1829
f 1945 1831 1947
f 1713 1831 1829
f 1831 1713 1715
f 1651 1765 1649
f 1765 1651 1767
f 1533 1651 1649
f 1651 1533 1535
f 1359 1305 1243
f 1305 1359 1421
f 1305 1127 1243
f 1127 1305 1189
f 1305 1303 1187
f 1189 1305 1187
f 1419 1305 1421
f 1305 1419 1303
f 1533 1419 1535
f 1419 1533 1417
f 1127 1073 1011
f 1073 1127 1189
f 1073 1189 1187
f 1071 1073 1187
f 1073 893 1011
f 893 1073 957
f 957 1073 955
f 1073 1071 955
f 1071 953 955
f 953 1071 1069
f 953 839 955
f 839 953 837
f 1415 1533 1531
f 1533 1415 1417
f 1419 1301 1303
f 1301 1419 1417
f 1415 1301 1417
f 1301 1415 1299
f 1415 1297 1299
f 1297 1415 1413
f 1297 1181 1183
f 1299 1297 1183
f 939 825 941
f 939 823 825
f 599 717 715
f 717 599 601
f 717 719 835
f 717 835 833
f 719 717 603
f 717 601 603
f 717 831 715
f 831 717 833
f 2233 2053 2171
f 2053 2233 2117
f 2053 2001 1937
f 2001 2053 2117
f 2001 2117 2115
f 1999 2001 2115
f 2465 2579 2463
f 2579 2465 2581
f 2347 2233 2349
f 2233 2347 2231
f 2347 2465 2463
f 2465 2347 2349
f 1529 1647 1645
f 1647 1529 1531
f 1529 1415 1531
f 1415 1529 1413
f 1987 2101 1985
f 2101 1987 2103
f 1987 2105 2103
f 2105 1987 1989
f 2223 2105 2107
f 2105 2223 2221
f 1881 1765 1767
f 1881 1767 1883
f 2799 2917 2915
f 2917 2799 2801
f 2223 2339 2221
f 2339 2337 2221
f 2101 2219 2217
f 2219 2101 2103
f 2105 2219 2103
f 2219 2105 2221
f 2337 2219 2221
f 2335 2219 2337
f 2219 2333 2217
f 2333 2219 2335
f 2333 2215 2217
f 2215 2333 2331
f 1595 1708 1590
f 1708 1595 1711
f 1595 1713 1711
f 1713 1595 1597
f 1481 1595 1479
f 1595 1481 1597
f 1477 1595 1590
f 1595 1477 1479
f 1477 1361 1363
f 1479 1477 1363
f 1015 1133 1131
f 1133 1015 1017
f 789 675 791
f 675 789 673
f 785 901 899
f 785 899 783
f 903 785 787
f 785 903 901
f 1029 911 913
f 911 1029 1027
f 797 911 795
f 911 797 913
f 1259 1377 1375
f 1377 1259 1261
f 1251 1137 1253
f 1137 1251 1135
f 1019 1137 1135
f 1137 1019 1021
f 1019 903 905
f 1021 1019 905
f 1019 1133 1017
f 1133 1019 1135
f 901 1019 1017
f 903 1019 901
f 557 439 441
f 439 557 555
f 437 439 553
f 439 555 553
f 671 789 787
f 789 671 673
f 557 671 555
f 671 557 673
f 785 671 787
f 671 785 669
f 671 669 553
f 555 671 553
f 675 793 791
f 793 675 677
f 1045 1159 1043
f 1159 1045 1161
f 1273 1159 1275
f 1159 1273 1157
f 569 453 455
f 569 455 571
f 569 451 453
f 451 569 567
f 1283 1401 1399
f 1401 1283 1285
f 447 563 445
f 445 563 561
f 565 563 449
f 563 447 449
f 2523 2634 2520
f 2634 2523 2639
f 2641 2759 2757
f 2759 2641 2643
f 2183 2069 2185
f 2069 2183 2067
f 2767 2885 2883
f 2885 2767 2769
f 2881 2767 2883
f 2767 2881 2765
f 2885 2771 2887
f 2771 2885 2769
f 2771 2769 2653
f 2655 2771 2653
f 1938 1827 1943
f 1827 1938 1822
f 2061 2175 2059
f 2175 2061 2177
f 1945 2061 1943
f 2061 2059 1943
f 1509 1627 1625
f 1627 1509 1511
f 1537 1419 1421
f 1419 1537 1535
f 1475 1537 1359
f 1359 1537 1421
f 723 605 607
f 605 723 721
f 723 837 721
f 723 839 837
f 893 841 777
f 841 893 957
f 841 957 955
f 839 841 955
f 1185 1301 1299
f 1185 1299 1183
f 1185 1071 1187
f 1071 1185 1069
f 1303 1185 1187
f 1301 1185 1303
f 1059 1061 1175
f 1175 1061 1177
f 1061 943 945
f 943 1061 1059
f 1067 1185 1183
f 1185 1067 1069
f 1181 1065 1183
f 1065 1067 1183
f 1287 1401 1285
f 1401 1287 1403
f 1171 1169 1055
f 1055 1169 1053
f 1169 1287 1285
f 1287 1169 1171
f 1057 939 941
f 939 1057 1055
f 1057 943 1059
f 943 1057 941
f 595 477 479
f 477 595 593
f 477 591 475
f 591 477 593
f 591 705 589
f 705 591 707
f 591 589 473
f 475 591 473
f 709 595 711
f 595 709 593
f 823 709 825
f 709 823 707
f 709 591 593
f 591 709 707
f 601 483 485
f 599 483 601
f 481 597 479
f 597 595 479
f 483 597 481
f 597 483 599
f 827 709 711
f 709 827 825
f 825 827 941
f 827 943 941
f 943 827 945
f 827 829 945
f 1767 1885 1883
f 1769 1885 1767
f 1885 1705 1823
f 1705 1885 1769
f 1885 2001 1999
f 1885 1999 1883
f 1885 1823 1937
f 2001 1885 1937
f 2929 2751 2865
f 2751 2929 2813
f 2635 2751 2697
f 2751 2813 2697
f 2811 2927 2925
f 2811 2925 2809
f 2811 2929 2927
f 2929 2811 2813
f 2807 2923 2921
f 2805 2807 2921
f 2693 2807 2691
f 2807 2693 2809
f 2923 2807 2925
f 2925 2807 2809
f 2799 2685 2801
f 2685 2799 2683
f 2685 2567 2569
f 2567 2685 2683
f 2581 2403 2517
f 2465 2403 2581
f 2285 2403 2349
f 2403 2465 2349
f 2345 2229 2231
f 2347 2345 2231
f 1751 1869 1867
f 1869 1751 1753
f 1519 1517 1403
f 1517 1401 1403
f 1401 1517 1399
f 1517 1515 1399
f 1287 1405 1403
f 1405 1287 1289
f 1291 1405 1289
f 1405 1291 1407
f 1409 1525 1407
f 1407 1525 1523
f 1877 1991 1875
f 1991 1877 1993
f 1991 2105 1989
f 2105 1991 2107
f 1991 1873 1875
f 1873 1991 1989
f 1643 1529 1645
f 1529 1643 1527
f 1869 1983 1867
f 1983 1869 1985
f 2109 1991 1993
f 1991 2109 2107
f 2109 2223 2107
f 2223 2109 2225
f 2113 1997 2115
f 1997 1999 2115
f 1997 1881 1883
f 1999 1997 1883
f 1879 1761 1763
f 1879 1877 1761
f 1877 1879 1993
f 1879 1995 1993
f 1765 1879 1763
f 1881 1879 1765
f 1997 1879 1881
f 1879 1997 1995
f 2341 2339 2223
f 2341 2223 2225
f 2329 2215 2331
f 2215 2329 2213
f 2675 2561 2677
f 2561 2675 2559
f 2443 2561 2559
f 2561 2443 2445
f 2451 2335 2337
f 2453 2451 2337
f 2567 2451 2569
f 2451 2453 2569
f 559 443 445
f 559 445 561
f 675 559 677
f 677 559 561
f 443 559 441
f 559 557 441
f 559 675 673
f 557 559 673
f 667 785 783
f 785 667 669
f 780 667 783
f 665 667 780
f 1599 1717 1715
f 1717 1599 1601
f 1831 1717 1833
f 1717 1831 1715
f 1717 1835 1833
f 1835 1717 1719
f 1487 1485 1371
f 1371 1485 1369
f 1485 1599 1483
f 1599 1485 1601
f 1603 1717 1601
f 1717 1603 1719
f 1603 1485 1487
f 1485 1603 1601
f 1023 1025 1141
f 1023 1141 1139
f 1023 1137 1021
f 1137 1023 1139
f 907 1023 905
f 1023 1021 905
f 1141 1255 1139
f 1257 1255 1141
f 1137 1255 1253
f 1255 1137 1139
f 1255 1371 1369
f 1253 1255 1369
f 1367 1481 1365
f 1481 1367 1483
f 1485 1367 1369
f 1367 1485 1483
f 1367 1251 1253
f 1367 1253 1369
f 1249 1367 1365
f 1367 1249 1251
f 1251 1249 1135
f 1249 1133 1135
f 1247 1249 1363
f 1363 1249 1365
f 1249 1247 1131
f 1133 1249 1131
f 909 911 1027
f 1025 909 1027
f 911 909 795
f 909 793 795
f 1023 909 1025
f 909 1023 907
f 909 907 791
f 793 909 791
f 1047 929 931
f 929 1047 1045
f 809 693 695
f 809 695 811
f 1159 1041 1043
f 1041 1159 1157
f 1145 1263 1261
f 1263 1145 1147
f 1267 1153 1269
f 1153 1267 1151
f 1391 1273 1275
f 1273 1391 1389
f 589 703 587
f 705 703 589
f 457 573 455
f 455 573 571
f 573 687 571
f 687 573 689
f 805 687 689
f 687 805 803
f 809 691 693
f 691 809 807
f 691 805 689
f 805 691 807
f 1149 1263 1147
f 1263 1149 1265
f 1267 1149 1151
f 1149 1267 1265
f 1035 1153 1151
f 1153 1035 1037
f 1149 1035 1151
f 1035 1149 1033
f 797 915 913
f 799 915 797
f 579 461 463
f 461 579 577
f 693 579 695
f 577 579 693
f 465 579 463
f 579 465 581
f 1277 1159 1161
f 1159 1277 1275
f 1277 1391 1275
f 1391 1277 1393
f 1509 1395 1511
f 1395 1509 1393
f 1277 1395 1393
f 1395 1277 1279
f 1283 1167 1285
f 1167 1169 1285
f 1169 1167 1053
f 1167 1051 1053
f 679 797 795
f 797 679 681
f 679 563 565
f 679 565 681
f 679 793 677
f 793 679 795
f 563 679 561
f 679 677 561
f 2765 2763 2649
f 2649 2763 2647
f 2763 2881 2879
f 2881 2763 2765
f 2759 2877 2875
f 2761 2877 2759
f 2877 2763 2879
f 2763 2877 2761
f 2645 2527 2529
f 2527 2645 2643
f 2645 2759 2643
f 2645 2761 2759
f 2763 2645 2647
f 2645 2763 2761
f 2755 2641 2757
f 2641 2755 2639
f 2873 2755 2757
f 2871 2755 2873
f 2533 2417 2535
f 2417 2419 2535
f 2531 2649 2647
f 2531 2533 2649
f 2531 2417 2533
f 2417 2531 2415
f 2531 2645 2529
f 2645 2531 2647
f 2291 2175 2177
f 2293 2291 2177
f 2641 2525 2643
f 2525 2527 2643
f 2523 2525 2639
f 2525 2641 2639
f 2531 2413 2415
f 2413 2531 2529
f 2415 2413 2299
f 2413 2297 2299
f 2295 2293 2177
f 2179 2295 2177
f 2651 2537 2653
f 2537 2651 2535
f 2767 2651 2769
f 2769 2651 2653
f 2651 2533 2535
f 2533 2651 2649
f 2651 2767 2765
f 2651 2765 2649
f 2785 2901 2899
f 2783 2785 2899
f 2901 2785 2903
f 2903 2785 2787
f 2777 2895 2893
f 2895 2777 2779
f 2895 2781 2897
f 2781 2895 2779
f 2897 2781 2899
f 2781 2783 2899
f 2175 2056 2059
f 2056 2175 2170
f 2056 1938 1943
f 2059 2056 1943
f 2063 1945 1947
f 2063 2061 1945
f 2061 2063 2177
f 2063 2179 2177
f 1949 2063 1947
f 2065 2063 1949
f 2181 2295 2179
f 2295 2181 2297
f 2063 2181 2179
f 2181 2063 2065
f 2297 2181 2299
f 2181 2183 2299
f 2183 2181 2067
f 2181 2065 2067
f 1747 1861 1745
f 1863 1861 1747
f 1741 1743 1857
f 1743 1859 1857
f 1627 1743 1625
f 1743 1741 1625
f 1861 1743 1745
f 1743 1861 1859
f 1629 1743 1627
f 1743 1629 1745
f 1629 1627 1511
f 1513 1629 1511
f 2795 2911 2909
f 2793 2795 2909
f 2789 2905 2903
f 2789 2903 2787
f 2777 2663 2779
f 2663 2777 2661
f 2663 2781 2779
f 2781 2663 2665
f 2545 2659 2543
f 2659 2545 2661
f 2545 2663 2661
f 2663 2545 2547
f 2319 2317 2203
f 2203 2317 2201
f 2317 2431 2315
f 2431 2317 2433
f 2553 2439 2555
f 2439 2553 2437
f 2663 2549 2665
f 2549 2663 2547
f 2549 2431 2433
f 2431 2549 2547
f 2667 2785 2783
f 2785 2667 2669
f 2667 2553 2669
f 2553 2667 2551
f 2781 2667 2783
f 2667 2781 2665
f 2549 2667 2665
f 2667 2549 2551
f 2195 2081 2197
f 2081 2195 2079
f 1965 2081 1963
f 2081 2079 1963
f 2203 2085 2087
f 2085 2203 2201
f 1971 2085 1969
f 2085 1971 2087
f 2317 2199 2201
f 2199 2317 2315
f 2199 2085 2201
f 2085 2199 2083
f 2081 2199 2197
f 2199 2081 2083
f 1967 2081 1965
f 2081 1967 2083
f 2085 1967 1969
f 1967 2085 2083
f 2077 2191 2075
f 2191 2077 2193
f 1959 2077 2075
f 2077 1959 1961
f 2195 2077 2079
f 2077 2195 2193
f 2079 2077 1963
f 2077 1961 1963
f 1653 1475 1589
f 1653 1537 1475
f 1653 1651 1535
f 1537 1653 1535
f 1705 1653 1589
f 1653 1705 1769
f 1651 1653 1767
f 1653 1769 1767
f 491 609 607
f 493 609 491
f 609 493 429
f 545 609 429
f 837 951 835
f 953 951 837
f 951 953 1069
f 1067 951 1069
f 835 951 833
f 951 949 833
f 1065 951 1067
f 951 1065 949
f 1061 1063 1177
f 1063 1179 1177
f 1063 1065 1181
f 1179 1063 1181
f 1297 1295 1181
f 1295 1179 1181
f 1173 1291 1289
f 1291 1173 1175
f 1173 1059 1175
f 1173 1057 1059
f 1173 1287 1171
f 1287 1173 1289
f 1173 1171 1055
f 1057 1173 1055
f 821 705 707
f 823 821 707
f 821 703 705
f 703 821 819
f 713 827 711
f 827 713 829
f 595 713 711
f 597 713 595
f 831 713 715
f 713 831 829
f 713 599 715
f 713 597 599
f 2695 2581 2697
f 2695 2579 2581
f 2813 2695 2697
f 2811 2695 2813
f 2695 2693 2577
f 2579 2695 2577
f 2695 2811 2809
f 2693 2695 2809
f 2575 2461 2577
f 2461 2575 2459
f 2579 2461 2463
f 2461 2579 2577
f 2461 2347 2463
f 2461 2345 2347
f 2343 2461 2459
f 2461 2343 2345
f 2345 2343 2229
f 2343 2227 2229
f 2343 2341 2225
f 2227 2343 2225
f 1517 1631 1515
f 1631 1517 1633
f 1631 1747 1745
f 1629 1631 1745
f 1631 1629 1513
f 1515 1631 1513
f 1635 1517 1519
f 1517 1635 1633
f 1749 1631 1633
f 1631 1749 1747
f 1635 1749 1633
f 1749 1635 1751
f 1521 1405 1407
f 1521 1407 1523
f 1521 1519 1403
f 1405 1521 1403
f 1987 1871 1989
f 1871 1873 1989
f 1871 1869 1753
f 1755 1871 1753
f 1871 1987 1985
f 1869 1871 1985
f 1871 1757 1873
f 1757 1871 1755
f 2099 2215 2213
f 2097 2099 2213
f 2099 2097 1981
f 1983 2099 1981
f 2099 2101 2217
f 2215 2099 2217
f 2101 2099 1985
f 2099 1983 1985
f 2111 2109 1993
f 1995 2111 1993
f 2109 2111 2225
f 2111 2227 2225
f 2111 1997 2113
f 1997 2111 1995
f 2229 2111 2113
f 2227 2111 2229
f 2803 2917 2801
f 2803 2919 2917
f 2803 2805 2921
f 2919 2803 2921
f 2457 2343 2459
f 2343 2457 2341
f 2327 2209 2211
f 2209 2327 2325
f 2329 2327 2213
f 2327 2211 2213
f 2443 2327 2445
f 2327 2329 2445
f 551 546 430
f 435 551 430
f 551 665 546
f 551 667 665
f 551 435 437
f 551 437 553
f 669 551 553
f 667 551 669
f 1951 2065 1949
f 2065 1951 2067
f 1951 1949 1833
f 1835 1951 1833
f 1951 2069 2067
f 1951 1953 2069
f 1953 1951 1837
f 1951 1835 1837
f 1721 1835 1719
f 1835 1721 1837
f 1727 1613 1729
f 1613 1727 1611
f 1373 1259 1375
f 1259 1373 1257
f 1491 1373 1375
f 1373 1491 1489
f 1373 1255 1257
f 1255 1373 1371
f 1373 1487 1371
f 1373 1489 1487
f 1377 1493 1375
f 1493 1491 1375
f 1029 1143 1027
f 1145 1143 1029
f 1259 1143 1261
f 1143 1145 1261
f 1025 1143 1141
f 1143 1025 1027
f 1143 1257 1141
f 1143 1259 1257
f 1167 1049 1051
f 1049 1167 1165
f 1163 1277 1161
f 1277 1163 1279
f 1045 1163 1161
f 1047 1163 1045
f 1163 1049 1165
f 1049 1163 1047
f 927 1045 1043
f 927 929 1045
f 927 809 811
f 809 927 925
f 1041 927 1043
f 927 1041 925
f 809 923 807
f 923 809 925
f 923 805 807
f 805 923 921
f 1379 1377 1261
f 1263 1379 1261
f 1621 1503 1505
f 1503 1621 1619
f 1505 1503 1389
f 1503 1387 1389
f 1153 1271 1269
f 1271 1153 1155
f 1273 1271 1157
f 1271 1155 1157
f 1271 1273 1389
f 1387 1271 1389
f 1847 1845 1731
f 1731 1845 1729
f 1961 1845 1963
f 1845 1847 1963
f 1849 1967 1965
f 1967 1849 1851
f 1849 1965 1963
f 1847 1849 1963
f 1507 1509 1625
f 1507 1625 1623
f 1507 1391 1393
f 1509 1507 1393
f 1507 1621 1505
f 1621 1507 1623
f 1391 1507 1389
f 1507 1505 1389
f 471 585 469
f 585 471 587
f 703 585 587
f 585 703 701
f 579 697 695
f 697 579 581
f 817 703 819
f 703 817 701
f 575 457 459
f 575 573 457
f 573 575 689
f 575 691 689
f 461 575 459
f 575 461 577
f 691 575 693
f 575 577 693
f 685 569 571
f 687 685 571
f 683 565 567
f 565 683 681
f 683 799 797
f 683 797 681
f 569 683 567
f 685 683 569
f 805 919 803
f 919 805 921
f 1035 919 1037
f 919 921 1037
f 1145 1031 1147
f 1031 1145 1029
f 1031 1029 913
f 915 1031 913
f 1031 1149 1147
f 1149 1031 1033
f 1515 1397 1399
f 1397 1515 1513
f 1395 1397 1511
f 1397 1513 1511
f 2750 2871 2866
f 2750 2755 2871
f 2750 2634 2639
f 2755 2750 2639
f 2541 2659 2657
f 2659 2541 2543
f 2539 2655 2653
f 2537 2539 2653
f 2539 2541 2657
f 2655 2539 2657
f 2425 2539 2423
f 2541 2539 2425
f 2309 2191 2193
f 2309 2307 2191
f 2307 2309 2423
f 2309 2425 2423
f 2195 2309 2193
f 2311 2309 2195
f 2419 2421 2535
f 2421 2537 2535
f 2421 2539 2537
f 2539 2421 2423
f 2301 2183 2185
f 2183 2301 2299
f 2301 2417 2415
f 2301 2415 2299
f 2187 2301 2185
f 2301 2187 2303
f 2417 2301 2419
f 2301 2303 2419
f 2407 2525 2523
f 2525 2407 2409
f 2407 2291 2293
f 2407 2293 2409
f 2405 2407 2520
f 2407 2523 2520
f 2291 2288 2175
f 2175 2288 2170
f 2407 2288 2291
f 2288 2407 2405
f 2527 2411 2529
f 2411 2413 2529
f 2413 2411 2297
f 2411 2295 2297
f 2525 2411 2527
f 2411 2525 2409
f 2295 2411 2293
f 2293 2411 2409
f 2323 2439 2437
f 2321 2323 2437
f 2327 2441 2325
f 2441 2327 2443
f 2323 2441 2439
f 2441 2323 2325
f 2773 2771 2655
f 2773 2655 2657
f 2771 2773 2887
f 2773 2889 2887
f 1721 1839 1837
f 1839 1721 1723
f 1839 1953 1837
f 1839 1955 1953
f 2069 2071 2185
f 2071 2187 2185
f 1953 2071 2069
f 1955 2071 1953
f 2097 2095 1981
f 1981 2095 1979
f 2095 2097 2213
f 2211 2095 2213
f 2797 2913 2911
f 2795 2797 2911
f 2799 2797 2683
f 2797 2681 2683
f 2797 2799 2915
f 2913 2797 2915
f 2905 2791 2907
f 2789 2791 2905
f 2907 2791 2909
f 2791 2793 2909
f 2791 2675 2677
f 2793 2791 2677
f 2673 2791 2789
f 2791 2673 2675
f 2435 2549 2433
f 2549 2435 2551
f 2435 2317 2319
f 2317 2435 2433
f 2553 2435 2437
f 2435 2553 2551
f 2435 2321 2437
f 2435 2319 2321
f 725 545 663
f 725 609 545
f 725 723 607
f 609 725 607
f 725 663 777
f 841 725 777
f 723 725 839
f 725 841 839
f 829 947 945
f 831 947 829
f 947 1061 945
f 947 1063 1061
f 947 831 833
f 949 947 833
f 1065 947 949
f 1063 947 1065
f 1179 1293 1177
f 1295 1293 1179
f 1293 1175 1177
f 1293 1291 1175
f 1291 1293 1407
f 1293 1409 1407
f 1529 1411 1413
f 1411 1529 1527
f 1411 1297 1413
f 1411 1295 1297
f 1411 1525 1409
f 1525 1411 1527
f 1411 1293 1295
f 1293 1411 1409
f 937 1055 1053
f 937 939 1055
f 939 937 823
f 937 821 823
f 1051 937 1053
f 935 937 1051
f 821 937 819
f 937 935 819
f 1983 1865 1867
f 1865 1983 1981
f 1865 1751 1867
f 1865 1749 1751
f 1865 1981 1979
f 1863 1865 1979
f 1865 1863 1747
f 1749 1865 1747
f 1751 1637 1753
f 1635 1637 1751
f 1637 1635 1519
f 1521 1637 1519
f 1637 1755 1753
f 1637 1639 1755
f 1637 1521 1523
f 1639 1637 1523
f 1873 1759 1875
f 1757 1759 1873
f 1759 1877 1875
f 1877 1759 1761
f 1761 1759 1645
f 1759 1643 1645
f 1643 1641 1527
f 1641 1525 1527
f 1641 1759 1757
f 1759 1641 1643
f 1525 1641 1523
f 1641 1639 1523
f 1641 1757 1755
f 1639 1641 1755
f 2575 2573 2459
f 2573 2457 2459
f 2679 2797 2795
f 2797 2679 2681
f 2679 2795 2793
f 2679 2793 2677
f 2561 2679 2677
f 2563 2679 2561
f 2447 2329 2331
f 2329 2447 2445
f 2447 2561 2445
f 2447 2563 2561
f 2565 2567 2683
f 2681 2565 2683
f 2679 2565 2681
f 2565 2679 2563
f 1491 1605 1489
f 1605 1491 1607
f 1723 1605 1607
f 1721 1605 1723
f 1605 1603 1487
f 1489 1605 1487
f 1603 1605 1719
f 1605 1721 1719
f 1725 1839 1723
f 1839 1725 1841
f 1613 1615 1729
f 1615 1731 1729
f 1039 1153 1037
f 1153 1039 1155
f 923 1039 921
f 921 1039 1037
f 1039 1041 1157
f 1155 1039 1157
f 1041 1039 925
f 1039 923 925
f 1495 1493 1377
f 1379 1495 1377
f 1267 1381 1265
f 1381 1267 1383
f 1381 1263 1265
f 1381 1379 1263
f 1501 1503 1619
f 1617 1501 1619
f 1959 1843 1961
f 1843 1845 1961
f 1843 1727 1729
f 1845 1843 1729
f 1725 1843 1841
f 1843 1725 1727
f 1621 1735 1619
f 1737 1735 1621
f 1967 1853 1969
f 1853 1967 1851
f 1853 1735 1737
f 1735 1853 1851
f 927 813 929
f 813 927 811
f 695 813 811
f 697 813 695
f 929 813 931
f 813 815 931
f 817 699 701
f 699 817 815
f 699 813 697
f 813 699 815
f 1049 933 1051
f 933 935 1051
f 933 817 819
f 935 933 819
f 933 1047 931
f 933 1049 1047
f 815 933 931
f 817 933 815
f 917 1031 915
f 1031 917 1033
f 917 1035 1033
f 917 919 1035
f 1281 1167 1283
f 1167 1281 1165
f 1281 1283 1399
f 1397 1281 1399
f 1163 1281 1279
f 1281 1163 1165
f 1281 1395 1279
f 1281 1397 1395
f 2541 2427 2543
f 2427 2541 2425
f 2309 2427 2425
f 2427 2309 2311
f 2187 2305 2303
f 2305 2187 2189
f 2305 2421 2419
f 2303 2305 2419
f 2307 2305 2191
f 2191 2305 2189
f 2305 2307 2423
f 2421 2305 2423
f 2319 2205 2321
f 2205 2319 2203
f 2889 2775 2891
f 2773 2775 2889
f 2659 2775 2657
f 2775 2773 2657
f 2891 2775 2893
f 2775 2777 2893
f 2777 2775 2661
f 2775 2659 2661
f 2191 2073 2075
f 2073 2191 2189
f 2071 2073 2187
f 2187 2073 2189
f 2209 2093 2211
f 2093 2095 2211
f 2671 2789 2787
f 2671 2673 2789
f 2785 2671 2787
f 2671 2785 2669
f 2671 2553 2555
f 2553 2671 2669
f 2557 2443 2559
f 2557 2441 2443
f 2675 2557 2559
f 2673 2557 2675
f 2439 2557 2555
f 2441 2557 2439
f 2671 2557 2673
f 2557 2671 2555
f 2689 2807 2805
f 2807 2689 2691
f 2689 2575 2691
f 2689 2573 2575
f 2339 2455 2337
f 2455 2453 2337
f 2341 2455 2339
f 2457 2455 2341
f 2449 2333 2335
f 2451 2449 2335
f 2449 2451 2567
f 2565 2449 2567
f 2333 2449 2331
f 2449 2447 2331
f 2447 2449 2563
f 2449 2565 2563
f 1493 1609 1491
f 1491 1609 1607
f 1609 1723 1607
f 1609 1725 1723
f 1495 1609 1493
f 1609 1495 1611
f 1727 1609 1611
f 1725 1609 1727
f 1497 1613 1611
f 1495 1497 1611
f 1497 1495 1379
f 1381 1497 1379
f 1385 1267 1269
f 1267 1385 1383
f 1271 1385 1269
f 1385 1271 1387
f 1503 1385 1387
f 1501 1385 1503
f 1385 1499 1383
f 1499 1385 1501
f 1499 1501 1617
f 1615 1499 1617
f 1499 1381 1383
f 1499 1497 1381
f 1499 1615 1613
f 1497 1499 1613
f 1733 1617 1619
f 1735 1733 1619
f 1849 1733 1851
f 1733 1735 1851
f 1615 1733 1731
f 1733 1615 1617
f 1733 1847 1731
f 1733 1849 1847
f 1971 1855 1973
f 1973 1855 1857
f 1855 1971 1969
f 1853 1855 1969
f 467 583 465
f 465 583 581
f 583 697 581
f 583 699 697
f 583 467 469
f 585 583 469
f 583 585 701
f 699 583 701
f 801 687 803
f 801 685 687
f 919 801 803
f 917 801 919
f 683 801 799
f 801 683 685
f 801 915 799
f 801 917 915
f 2199 2313 2197
f 2313 2199 2315
f 2313 2195 2197
f 2313 2311 2195
f 1971 2089 2087
f 2089 1971 1973
f 2089 2203 2087
f 2089 2205 2203
f 1839 1957 1955
f 1957 1839 1841
f 1957 2071 1955
f 1957 2073 2071
f 1957 1843 1959
f 1843 1957 1841
f 1957 1959 2075
f 2073 1957 2075
f 1859 1975 1857
f 1975 1973 1857
f 2685 2687 2801
f 2687 2803 2801
f 2803 2687 2805
f 2687 2689 2805
f 1741 1739 1625
f 1625 1739 1623
f 1739 1741 1857
f 1855 1739 1857
f 1739 1621 1623
f 1739 1737 1621
f 1739 1853 1737
f 1739 1855 1853
f 2545 2429 2547
f 2429 2431 2547
f 2431 2429 2315
f 2429 2313 2315
f 2429 2545 2543
f 2427 2429 2543
f 2429 2427 2311
f 2313 2429 2311
f 2207 2209 2325
f 2323 2207 2325
f 2207 2323 2321
f 2205 2207 2321
f 1861 1977 1859
f 1977 1975 1859
f 1977 1861 1863
f 1977 1863 1979
f 2095 1977 1979
f 2093 1977 2095
f 2453 2571 2569
f 2455 2571 2453
f 2571 2685 2569
f 2571 2687 2685
f 2573 2571 2457
f 2571 2455 2457
f 2689 2571 2573
f 2687 2571 2689
f 2091 2089 1973
f 1975 2091 1973
f 2089 2091 2205
f 2091 2207 2205
f 1977 2091 1975
f 2091 1977 2093
f 2091 2093 2209
f 2207 2091 2209
f 500 382 384
f 382 500 498
f 500 384 386
f 502 500 386
f 382 496 380
f 496 382 498
f 500 614 498
f 614 500 616
f 962 1076 1014
f 1076 962 1078
f 898 962 1014
f 962 898 846
f 1080 962 964
f 962 1080 1078
f 2820 2818 2704
f 2818 2702 2704
f 1428 1314 1430
f 1314 1428 1312
f 1314 1432 1430
f 1432 1314 1316
f 1129 1012 1015
f 1012 1129 1128
f 1244 1129 1247
f 1129 1244 1128
f 1012 897 1015
f 897 1012 896
f 1126 1012 1128
f 1012 1126 1010
f 1012 894 896
f 894 1012 1010
f 648 534 650
f 534 648 532
f 2172 2059 2173
f 2059 2172 2056
f 2291 2172 2173
f 2172 2291 2288
f 2054 2168 2052
f 2168 2054 2170
f 2172 2054 2056
f 2054 2172 2170
f 2398 2284 2400
f 2284 2398 2282
f 1682 1568 1684
f 1568 1682 1566
f 2034 2148 2032
f 2148 2034 2150
f 2376 2258 2260
f 2258 2376 2374
f 2148 2146 2032
f 2146 2030 2032
f 1544 1428 1430
f 1544 1430 1546
f 1544 1426 1428
f 1426 1544 1542
f 1712 1658 1772
f 1772 1658 1774
f 1658 1712 1540
f 1542 1658 1540
f 1658 1776 1774
f 1658 1660 1776
f 1544 1658 1542
f 1658 1544 1660
f 1428 1310 1312
f 1426 1310 1428
f 666 496 498
f 614 666 498
f 730 898 784
f 898 730 846
f 666 730 784
f 730 666 614
f 730 614 616
f 732 730 616
f 1662 1544 1546
f 1544 1662 1660
f 2640 2468 2470
f 2586 2640 2470
f 2718 2834 2832
f 2718 2832 2716
f 1592 1479 1593
f 1479 1592 1476
f 1476 1592 1474
f 1592 1590 1474
f 1361 1360 1247
f 1360 1244 1247
f 1360 1476 1474
f 1360 1474 1358
f 1479 1360 1361
f 1360 1479 1476
f 542 424 426
f 424 542 540
f 428 542 426
f 542 428 544
f 422 424 540
f 538 422 540
f 892 894 1010
f 1008 892 1010
f 892 774 776
f 774 892 890
f 1006 1004 888
f 1006 888 890
f 1006 1122 1120
f 1004 1006 1120
f 1006 892 1008
f 892 1006 890
f 1002 1004 1120
f 1118 1002 1120
f 1454 1456 1572
f 1570 1454 1572
f 526 410 528
f 410 412 528
f 414 530 528
f 412 414 528
f 414 416 532
f 530 414 532
f 418 534 532
f 416 418 532
f 2746 2864 2862
f 2864 2746 2748
f 2866 2864 2750
f 2864 2748 2750
f 2628 2510 2512
f 2510 2628 2626
f 2624 2510 2626
f 2508 2510 2624
f 2390 2508 2506
f 2508 2390 2392
f 1588 1470 1472
f 1470 1588 1586
f 1588 1704 1702
f 1588 1702 1586
f 1590 1588 1474
f 1588 1472 1474
f 1588 1590 1706
f 1704 1588 1706
f 2166 2284 2282
f 2284 2166 2168
f 2168 2166 2052
f 2166 2050 2052
f 2286 2172 2288
f 2172 2286 2170
f 2286 2168 2170
f 2286 2284 2168
f 2398 2396 2282
f 2396 2280 2282
f 2030 1916 2032
f 1916 2030 1914
f 1916 2034 2032
f 2034 1916 1918
f 2726 2610 2612
f 2728 2726 2612
f 2146 2028 2030
f 2028 2146 2144
f 1798 1916 1914
f 1916 1798 1800
f 1798 1682 1684
f 1800 1798 1684
f 1682 1680 1566
f 1680 1564 1566
f 2020 1906 2022
f 1906 2020 1904
f 1480 1426 1542
f 1480 1542 1540
f 1480 1310 1426
f 1310 1480 1362
f 1076 1194 1246
f 1194 1076 1078
f 1194 1362 1246
f 1194 1310 1362
f 1080 1194 1078
f 1196 1194 1080
f 1310 1194 1312
f 1194 1196 1312
f 1890 1944 1772
f 1890 1772 1774
f 1776 1890 1774
f 1892 1890 1776
f 2406 2354 2468
f 2468 2354 2470
f 1782 1900 1898
f 1900 1782 1784
f 1782 1896 1780
f 1896 1782 1898
f 2702 2588 2704
f 2586 2588 2702
f 2588 2586 2470
f 2472 2588 2470
f 2700 2818 2816
f 2818 2700 2702
f 2700 2640 2586
f 2700 2586 2702
f 1432 1548 1430
f 1430 1548 1546
f 1198 1314 1312
f 1196 1198 1312
f 1198 1196 1080
f 1082 1198 1080
f 848 962 846
f 962 848 964
f 730 848 846
f 848 730 732
f 966 1080 964
f 966 1082 1080
f 2376 2490 2374
f 2490 2376 2492
f 656 654 538
f 656 538 540
f 549 432 433
f 432 549 548
f 549 667 664
f 548 549 664
f 892 778 894
f 778 892 776
f 778 776 660
f 662 778 660
f 432 546 430
f 546 432 548
f 546 548 664
f 662 546 664
f 546 428 430
f 428 546 544
f 546 662 660
f 544 546 660
f 1122 1238 1120
f 1238 1236 1120
f 1360 1242 1244
f 1242 1360 1358
f 1244 1242 1128
f 1242 1126 1128
f 1474 1356 1358
f 1472 1356 1474
f 1356 1242 1358
f 1242 1356 1240
f 1470 1356 1472
f 1356 1470 1354
f 1238 1356 1354
f 1356 1238 1240
f 1006 1124 1122
f 1124 1006 1008
f 1124 1238 1122
f 1238 1124 1240
f 1126 1124 1010
f 1124 1008 1010
f 1242 1124 1126
f 1124 1242 1240
f 652 654 770
f 652 770 768
f 1004 886 888
f 1002 886 1004
f 770 886 768
f 886 884 768
f 884 886 1000
f 886 1002 1000
f 1452 1454 1570
f 1568 1452 1570
f 1234 1118 1120
f 1236 1234 1120
f 1452 1338 1454
f 1338 1452 1336
f 1454 1338 1456
f 1456 1338 1340
f 1106 992 1108
f 992 1106 990
f 1230 1228 1114
f 1114 1228 1112
f 1228 1346 1344
f 1346 1228 1230
f 1338 1224 1340
f 1224 1338 1222
f 1224 1106 1108
f 1106 1224 1222
f 1342 1456 1340
f 1342 1458 1456
f 1224 1342 1340
f 1342 1224 1226
f 1342 1228 1344
f 1228 1342 1226
f 644 646 760
f 760 646 762
f 530 646 528
f 646 644 528
f 646 764 762
f 764 646 648
f 648 646 532
f 646 530 532
f 2752 2868 2866
f 2752 2866 2750
f 2742 2624 2626
f 2742 2740 2624
f 2742 2858 2856
f 2740 2742 2856
f 2850 2736 2852
f 2736 2850 2734
f 2854 2740 2856
f 2854 2738 2740
f 2736 2854 2852
f 2854 2736 2738
f 2736 2622 2738
f 2622 2736 2620
f 2622 2508 2624
f 2508 2622 2506
f 2740 2622 2624
f 2738 2622 2740
f 2732 2850 2848
f 2850 2732 2734
f 2618 2736 2734
f 2736 2618 2620
f 2732 2618 2734
f 2618 2732 2616
f 2394 2510 2508
f 2394 2508 2392
f 2276 2394 2392
f 2278 2394 2276
f 2510 2394 2512
f 2394 2396 2512
f 2394 2278 2280
f 2396 2394 2280
f 2059 1940 1943
f 1940 2059 2056
f 2054 1940 2056
f 1938 1940 2054
f 2166 2164 2050
f 2050 2164 2048
f 2164 2166 2282
f 2280 2164 2282
f 1936 2054 2052
f 1936 1938 2054
f 2278 2162 2280
f 2162 2164 2280
f 2164 2162 2048
f 2162 2046 2048
f 1342 1460 1458
f 1460 1342 1344
f 1688 1690 1804
f 1804 1690 1806
f 2516 2402 2518
f 2402 2516 2400
f 2284 2402 2400
f 2286 2402 2284
f 2514 2398 2400
f 2516 2514 2400
f 2514 2628 2512
f 2628 2514 2630
f 2514 2396 2398
f 2396 2514 2512
f 2746 2632 2748
f 2632 2746 2630
f 2632 2514 2516
f 2514 2632 2630
f 2748 2632 2750
f 2632 2634 2750
f 2632 2516 2518
f 2634 2632 2518
f 1568 1686 1684
f 1686 1568 1570
f 1686 1570 1572
f 1688 1686 1572
f 2844 2726 2728
f 2726 2844 2842
f 2030 1912 1914
f 2028 1912 2030
f 1920 2034 1918
f 1920 2036 2034
f 2034 2152 2150
f 2036 2152 2034
f 2146 2262 2144
f 2262 2260 2144
f 2262 2376 2260
f 2262 2378 2376
f 2138 2140 2256
f 2254 2138 2256
f 2138 2024 2140
f 2024 2138 2022
f 2138 2020 2022
f 2020 2138 2136
f 1680 1678 1564
f 1678 1562 1564
f 1562 1678 1560
f 1678 1676 1560
f 1678 1794 1792
f 1676 1678 1792
f 1676 1674 1560
f 1674 1558 1560
f 1674 1676 1792
f 1790 1674 1792
f 2018 1900 1902
f 1900 2018 2016
f 2020 2018 1904
f 2018 1902 1904
f 1896 2010 1894
f 2010 1896 2012
f 1892 2010 2008
f 1894 2010 1892
f 1896 1778 1780
f 1778 1896 1894
f 1660 1778 1776
f 1662 1778 1660
f 1778 1892 1776
f 1778 1894 1892
f 2058 2006 2120
f 2006 2122 2120
f 1944 2006 2058
f 1890 2006 1944
f 2006 1890 1892
f 2006 1892 2008
f 1900 2014 1898
f 2014 1900 2016
f 2014 1896 1898
f 1896 2014 2012
f 2128 2010 2012
f 2010 2128 2126
f 2014 2128 2012
f 2128 2014 2130
f 2476 2358 2360
f 2358 2476 2474
f 2132 2014 2016
f 2014 2132 2130
f 2252 2138 2254
f 2138 2252 2136
f 1786 1900 1784
f 1900 1786 1902
f 1552 1436 1438
f 1554 1552 1438
f 2820 2706 2822
f 2706 2820 2704
f 2706 2824 2822
f 2824 2706 2708
f 1778 1664 1780
f 1664 1778 1662
f 1664 1662 1546
f 1548 1664 1546
f 1434 1548 1432
f 1548 1434 1550
f 1552 1434 1436
f 1434 1552 1550
f 1314 1200 1316
f 1198 1200 1314
f 642 644 760
f 642 760 758
f 642 526 528
f 644 642 528
f 410 524 408
f 524 410 526
f 642 524 526
f 524 642 640
f 402 516 400
f 516 402 518
f 516 398 400
f 398 516 514
f 1450 1568 1566
f 1450 1452 1568
f 1452 1334 1336
f 1450 1334 1452
f 388 504 386
f 504 502 386
f 390 504 388
f 504 390 506
f 506 390 508
f 390 392 508
f 622 736 620
f 736 622 738
f 622 504 506
f 504 622 620
f 398 512 396
f 512 398 514
f 512 394 396
f 394 512 510
f 392 394 508
f 394 510 508
f 848 850 964
f 850 966 964
f 618 500 502
f 500 618 616
f 504 618 502
f 618 504 620
f 1086 1204 1202
f 1204 1086 1088
f 1086 972 1088
f 1086 970 972
f 850 852 966
f 966 852 968
f 2726 2608 2610
f 2724 2608 2726
f 2608 2490 2492
f 2490 2608 2606
f 2606 2608 2722
f 2608 2724 2722
f 2840 2726 2842
f 2840 2724 2726
f 2724 2840 2722
f 2840 2838 2722
f 1592 1708 1590
f 1590 1708 1706
f 1708 1592 1593
f 1711 1708 1593
f 542 658 540
f 658 656 540
f 774 658 776
f 776 658 660
f 658 542 544
f 658 544 660
f 886 772 888
f 772 886 770
f 656 772 654
f 654 772 770
f 772 774 890
f 888 772 890
f 658 772 656
f 772 658 774
f 897 780 781
f 780 897 896
f 894 780 896
f 778 780 894
f 780 667 781
f 667 780 664
f 780 778 662
f 780 662 664
f 996 998 1112
f 998 1114 1112
f 998 884 1000
f 998 882 884
f 1228 1110 1112
f 1110 1228 1226
f 1110 1224 1108
f 1224 1110 1226
f 880 998 996
f 998 880 882
f 766 648 650
f 766 764 648
f 880 766 882
f 766 880 764
f 766 652 768
f 652 766 650
f 884 766 768
f 882 766 884
f 1702 1584 1586
f 1584 1702 1700
f 1584 1470 1586
f 1584 1468 1470
f 1578 1692 1576
f 1692 1578 1694
f 1352 1234 1236
f 1234 1352 1350
f 1238 1352 1236
f 1352 1238 1354
f 1470 1352 1354
f 1468 1352 1470
f 1352 1466 1350
f 1466 1352 1468
f 1466 1464 1348
f 1350 1466 1348
f 422 536 420
f 536 422 538
f 654 536 538
f 652 536 654
f 536 418 420
f 418 536 534
f 534 536 650
f 536 652 650
f 998 1116 1114
f 1116 998 1000
f 1116 1002 1118
f 1002 1116 1000
f 2868 2753 2869
f 2752 2753 2868
f 2753 2636 2637
f 2636 2753 2752
f 2636 2752 2750
f 2634 2636 2750
f 2637 2636 2523
f 2523 2636 2520
f 2636 2634 2518
f 2636 2518 2520
f 2858 2744 2860
f 2742 2744 2858
f 2628 2744 2626
f 2744 2742 2626
f 2860 2744 2862
f 2744 2746 2862
f 2744 2628 2630
f 2746 2744 2630
f 2844 2730 2846
f 2730 2844 2728
f 2846 2730 2848
f 2730 2732 2848
f 2496 2382 2498
f 2382 2496 2380
f 2504 2622 2620
f 2622 2504 2506
f 2504 2390 2506
f 2390 2504 2388
f 2050 1934 2052
f 1934 1936 2052
f 1820 1704 1706
f 1820 1706 1822
f 1936 1820 1938
f 1938 1820 1822
f 1704 1820 1702
f 1820 1818 1702
f 1934 1820 1936
f 1820 1934 1818
f 2274 2390 2388
f 2274 2388 2272
f 2390 2274 2392
f 2274 2276 2392
f 2154 2156 2270
f 2270 2156 2272
f 2160 2278 2276
f 2160 2162 2278
f 1456 1574 1572
f 1458 1574 1456
f 1574 1690 1688
f 1574 1688 1572
f 1460 1574 1458
f 1574 1460 1576
f 1692 1574 1576
f 1690 1574 1692
f 2291 2404 2288
f 2405 2404 2291
f 2404 2286 2288
f 2404 2402 2286
f 2404 2405 2523
f 2404 2523 2520
f 2402 2404 2518
f 2518 2404 2520
f 1916 1802 1918
f 1802 1916 1800
f 1802 1800 1684
f 1686 1802 1684
f 1802 1920 1918
f 1920 1802 1804
f 1802 1688 1804
f 1802 1686 1688
f 1798 1796 1682
f 1796 1680 1682
f 1796 1798 1914
f 1912 1796 1914
f 1796 1678 1680
f 1678 1796 1794
f 1794 1796 1910
f 1796 1912 1910
f 2264 2146 2148
f 2264 2262 2146
f 2262 2264 2378
f 2378 2264 2380
f 2264 2148 2150
f 2266 2264 2150
f 2264 2382 2380
f 2382 2264 2266
f 2610 2494 2612
f 2494 2496 2612
f 2496 2494 2380
f 2494 2378 2380
f 2608 2494 2610
f 2494 2608 2492
f 2376 2494 2492
f 2378 2494 2376
f 1794 1908 1792
f 1908 1794 1910
f 1908 1790 1792
f 1908 1906 1790
f 1906 1908 2022
f 1908 2024 2022
f 2026 1912 2028
f 1912 2026 1910
f 2026 1908 1910
f 1908 2026 2024
f 2252 2134 2136
f 2134 2252 2250
f 2134 2020 2136
f 2134 2018 2020
f 2018 2134 2016
f 2134 2132 2016
f 2238 2290 2120
f 2122 2238 2120
f 2238 2406 2290
f 2238 2354 2406
f 2010 2124 2008
f 2124 2010 2126
f 2124 2126 2242
f 2240 2124 2242
f 2006 2124 2122
f 2124 2006 2008
f 2124 2238 2122
f 2238 2124 2240
f 2354 2356 2470
f 2356 2472 2470
f 2238 2356 2354
f 2356 2238 2240
f 2356 2358 2474
f 2472 2356 2474
f 2356 2240 2242
f 2358 2356 2242
f 2358 2244 2360
f 2244 2358 2242
f 2128 2244 2126
f 2126 2244 2242
f 2362 2244 2246
f 2244 2362 2360
f 2244 2128 2130
f 2244 2130 2246
f 2132 2248 2130
f 2130 2248 2246
f 2248 2134 2250
f 2134 2248 2132
f 2368 2252 2254
f 2368 2254 2370
f 1788 1906 1904
f 1906 1788 1790
f 1902 1788 1904
f 1786 1788 1902
f 1668 1786 1784
f 1786 1668 1670
f 1668 1552 1554
f 1670 1668 1554
f 2476 2590 2474
f 2590 2476 2592
f 2706 2590 2708
f 2708 2590 2592
f 2590 2588 2472
f 2590 2472 2474
f 2588 2590 2704
f 2590 2706 2704
f 2830 2714 2832
f 2832 2714 2716
f 2828 2714 2830
f 2714 2828 2712
f 2824 2710 2826
f 2710 2824 2708
f 2710 2828 2826
f 2828 2710 2712
f 1666 1664 1548
f 1666 1548 1550
f 1666 1782 1780
f 1664 1666 1780
f 1552 1666 1550
f 1668 1666 1552
f 1782 1666 1784
f 1666 1668 1784
f 1204 1318 1202
f 1318 1204 1320
f 1434 1318 1436
f 1436 1318 1320
f 1200 1318 1316
f 1318 1200 1202
f 1318 1432 1316
f 1318 1434 1432
f 874 992 990
f 874 876 992
f 760 874 758
f 876 874 760
f 756 642 758
f 642 756 640
f 874 756 758
f 756 874 872
f 756 754 640
f 640 754 638
f 754 756 872
f 754 872 870
f 408 522 406
f 524 522 408
f 522 524 640
f 522 640 638
f 522 404 406
f 404 522 520
f 404 520 518
f 402 404 518
f 754 636 638
f 636 754 752
f 636 522 638
f 522 636 520
f 1564 1448 1566
f 1448 1450 1566
f 1448 1334 1450
f 1334 1448 1332
f 1330 1214 1332
f 1332 1214 1216
f 1440 1554 1438
f 1554 1440 1556
f 624 506 508
f 624 622 506
f 622 624 738
f 624 740 738
f 510 624 508
f 626 624 510
f 624 742 740
f 742 624 626
f 628 742 626
f 742 628 744
f 512 628 510
f 628 626 510
f 734 852 850
f 852 734 736
f 736 734 620
f 734 618 620
f 734 848 732
f 734 850 848
f 734 732 616
f 618 734 616
f 1086 1084 970
f 970 1084 968
f 1084 1086 1202
f 1200 1084 1202
f 966 1084 1082
f 1084 966 968
f 1084 1198 1082
f 1084 1200 1198
f 854 736 738
f 854 852 736
f 852 854 968
f 854 970 968
f 740 854 738
f 854 740 856
f 970 854 972
f 972 854 856
f 2478 2476 2360
f 2362 2478 2360
f 2488 2490 2606
f 2604 2488 2606
f 2720 2838 2836
f 2838 2720 2722
f 2720 2606 2722
f 2720 2604 2606
f 2834 2720 2836
f 2718 2720 2834
f 1708 1824 1706
f 1706 1824 1822
f 1824 1711 1825
f 1824 1708 1711
f 1824 1940 1938
f 1824 1938 1822
f 1824 1825 1943
f 1940 1824 1943
f 878 760 762
f 878 876 760
f 764 878 762
f 880 878 764
f 1464 1462 1348
f 1462 1346 1348
f 1346 1462 1344
f 1462 1460 1344
f 1462 1578 1576
f 1460 1462 1576
f 1232 1346 1230
f 1346 1232 1348
f 1232 1230 1114
f 1116 1232 1114
f 1232 1234 1350
f 1232 1350 1348
f 1234 1232 1118
f 1232 1116 1118
f 1218 1334 1332
f 1218 1332 1216
f 1100 1218 1216
f 1218 1100 1102
f 2614 2496 2498
f 2496 2614 2612
f 2614 2728 2612
f 2614 2730 2728
f 2732 2614 2616
f 2730 2614 2732
f 2268 2154 2270
f 2268 2152 2154
f 2152 2268 2150
f 2268 2266 2150
f 2152 2038 2154
f 2038 2152 2036
f 2274 2158 2276
f 2158 2160 2276
f 2158 2274 2272
f 2156 2158 2272
f 2162 2044 2046
f 2160 2044 2162
f 2158 2044 2160
f 2044 2158 2042
f 1580 1462 1464
f 1462 1580 1578
f 1578 1580 1694
f 1580 1696 1694
f 1932 2050 2048
f 1932 1934 2050
f 2046 1932 2048
f 1930 1932 2046
f 2258 2142 2260
f 2260 2142 2144
f 2142 2028 2144
f 2142 2026 2028
f 2140 2142 2256
f 2142 2258 2256
f 2024 2142 2140
f 2026 2142 2024
f 2364 2478 2362
f 2478 2364 2480
f 2364 2362 2246
f 2248 2364 2246
f 1672 1670 1554
f 1672 1554 1556
f 1672 1788 1786
f 1672 1786 1670
f 1674 1672 1558
f 1558 1672 1556
f 1672 1674 1790
f 1788 1672 1790
f 2598 2714 2712
f 2598 2712 2596
f 2714 2598 2716
f 2598 2600 2716
f 634 636 752
f 634 752 750
f 520 634 518
f 636 634 520
f 634 516 518
f 634 632 516
f 748 866 864
f 866 748 750
f 748 634 750
f 634 748 632
f 1562 1446 1564
f 1446 1448 1564
f 1448 1446 1332
f 1446 1330 1332
f 1446 1562 1560
f 1444 1446 1560
f 1214 1098 1216
f 1098 1100 1216
f 868 754 870
f 754 868 752
f 752 868 750
f 868 866 750
f 742 858 740
f 740 858 856
f 858 972 856
f 858 974 972
f 972 1090 1088
f 974 1090 972
f 1090 1204 1088
f 1090 1206 1204
f 1436 1322 1438
f 1322 1436 1320
f 1204 1322 1320
f 1206 1322 1204
f 2710 2594 2712
f 2712 2594 2596
f 2594 2478 2480
f 2594 2480 2596
f 2594 2708 2592
f 2594 2710 2708
f 2476 2594 2592
f 2478 2594 2476
f 2372 2258 2374
f 2258 2372 2256
f 2490 2372 2374
f 2488 2372 2490
f 2372 2254 2256
f 2254 2372 2370
f 992 994 1108
f 994 1110 1108
f 876 994 992
f 878 994 876
f 994 996 1112
f 1110 994 1112
f 994 880 996
f 994 878 880
f 988 874 990
f 874 988 872
f 1106 988 990
f 1104 988 1106
f 1334 1220 1336
f 1218 1220 1334
f 1220 1218 1102
f 1104 1220 1102
f 1220 1338 1336
f 1338 1220 1222
f 1220 1106 1222
f 1220 1104 1106
f 2384 2382 2266
f 2268 2384 2266
f 1922 1804 1806
f 1922 1920 1804
f 1920 1922 2036
f 1922 2038 2036
f 1584 1582 1468
f 1582 1466 1468
f 1466 1582 1464
f 1582 1580 1464
f 1702 1816 1700
f 1818 1816 1702
f 1934 1816 1818
f 1932 1816 1934
f 1816 1932 1930
f 1816 1930 1814
f 2252 2366 2250
f 2368 2366 2252
f 2366 2248 2250
f 2366 2364 2248
f 2486 2372 2488
f 2372 2486 2370
f 2486 2368 2370
f 2486 2484 2368
f 746 748 864
f 862 746 864
f 1098 984 1100
f 984 1098 982
f 868 984 866
f 866 984 982
f 976 1090 974
f 1090 976 1092
f 976 978 1092
f 978 1094 1092
f 1558 1442 1560
f 1442 1444 1560
f 1440 1442 1556
f 1442 1558 1556
f 1212 1098 1214
f 1098 1212 1096
f 1324 1440 1438
f 1322 1324 1438
f 1324 1442 1440
f 1442 1324 1326
f 2618 2502 2620
f 2502 2504 2620
f 2044 1928 2046
f 1928 1930 2046
f 1930 1928 1814
f 1928 1812 1814
f 1928 2044 2042
f 1926 1928 2042
f 1816 1698 1700
f 1698 1816 1814
f 1698 1584 1700
f 1698 1582 1584
f 1812 1698 1814
f 1698 1812 1696
f 1580 1698 1696
f 1582 1698 1580
f 2482 2598 2596
f 2480 2482 2596
f 2364 2482 2480
f 2366 2482 2364
f 2598 2482 2600
f 2482 2484 2600
f 2482 2366 2368
f 2484 2482 2368
f 2602 2718 2716
f 2600 2602 2716
f 2486 2602 2484
f 2484 2602 2600
f 2720 2602 2604
f 2602 2720 2718
f 2602 2488 2604
f 2602 2486 2488
f 516 630 514
f 632 630 516
f 748 630 632
f 746 630 748
f 630 512 514
f 630 628 512
f 628 630 744
f 630 746 744
f 986 868 870
f 986 984 868
f 1100 986 1102
f 984 986 1100
f 872 986 870
f 988 986 872
f 986 988 1104
f 986 1104 1102
f 860 742 744
f 860 858 742
f 858 860 974
f 860 976 974
f 860 746 862
f 746 860 744
f 860 978 976
f 978 860 862
f 978 980 1094
f 1094 980 1096
f 980 862 864
f 980 978 862
f 1098 980 982
f 980 1098 1096
f 866 980 864
f 980 866 982
f 1212 1210 1096
f 1210 1094 1096
f 1328 1446 1444
f 1446 1328 1330
f 1328 1214 1330
f 1328 1212 1214
f 1442 1328 1444
f 1328 1442 1326
f 1328 1210 1212
f 1210 1328 1326
f 2500 2618 2616
f 2500 2502 2618
f 2500 2614 2498
f 2614 2500 2616
f 2382 2500 2498
f 2384 2500 2382
f 2386 2270 2272
f 2388 2386 2272
f 2504 2386 2388
f 2502 2386 2504
f 2386 2268 2270
f 2386 2384 2268
f 2500 2386 2502
f 2386 2500 2384
f 2040 2158 2156
f 2158 2040 2042
f 1926 2040 1924
f 2040 1926 2042
f 2040 2156 2154
f 2038 2040 2154
f 1922 2040 2038
f 1924 2040 1922
f 1690 1808 1806
f 1808 1690 1692
f 1808 1922 1806
f 1808 1924 1922
f 1696 1810 1694
f 1812 1810 1696
f 1928 1810 1812
f 1810 1928 1926
f 1810 1692 1694
f 1810 1808 1692
f 1810 1926 1924
f 1808 1810 1924
f 1094 1208 1092
f 1210 1208 1094
f 1324 1208 1326
f 1208 1210 1326
f 1090 1208 1206
f 1208 1090 1092
f 1208 1322 1206
f 1208 1324 1322
f 499 383 381
f 381 497 499
f 499 385 383
f 501 385 499
f 381 379 495
f 495 497 381
f 499 497 613
f 613 615 499
f 961 1072 1075
f 1075 1077 961
f 956 1072 961
f 961 845 956
f 1079 963 961
f 961 1077 1079
f 2819 2703 2817
f 2817 2703 2701
f 1427 1429 1313
f 1313 1311 1427
f 1313 1429 1431
f 1431 1315 1313
f 1187 1073 1011
f 1011 1127 1187
f 1243 1305 1187
f 1187 1127 1243
f 1011 1073 955
f 955 895 1011
f 1125 1127 1011
f 1011 1009 1125
f 1011 895 893
f 893 1009 1011
f 647 649 533
f 533 531 647
f 2171 2231 2117
f 2117 2055 2171
f 2349 2231 2171
f 2171 2287 2349
f 2053 2051 2167
f 2167 2169 2053
f 2171 2055 2053
f 2053 2169 2171
f 2397 2399 2283
f 2283 2281 2397
f 1681 1683 1567
f 1567 1565 1681
f 2033 2031 2147
f 2147 2149 2033
f 2375 2259 2257
f 2257 2373 2375
f 2147 2031 2145
f 2145 2031 2029
f 1543 1429 1427
f 1543 1545 1429
f 1543 1427 1425
f 1425 1541 1543
f 1770 1771 1657
f 1771 1773 1657
f 1657 1539 1770
f 1541 1539 1657
f 1657 1773 1775
f 1657 1775 1659
f 1543 1541 1657
f 1657 1659 1543
f 1427 1311 1309
f 1425 1427 1309
f 724 497 495
f 613 497 724
f 729 842 956
f 956 845 729
f 724 842 729
f 729 613 724
f 729 615 613
f 731 615 729
f 1661 1545 1543
f 1543 1659 1661
f 2698 2469 2467
f 2585 2469 2698
f 2717 2831 2833
f 2717 2715 2831
f 1591 1651 1537
f 1537 1475 1591
f 1475 1473 1591
f 1591 1473 1589
f 1419 1305 1359
f 1359 1305 1243
f 1359 1473 1475
f 1359 1357 1473
f 1537 1419 1359
f 1359 1475 1537
f 541 425 423
f 423 539 541
f 427 425 541
f 541 543 427
f 421 539 423
f 537 539 421
f 891 1009 893
f 1007 1009 891
f 891 775 773
f 773 889 891
f 1005 887 1003
f 1005 889 887
f 1005 1119 1121
f 1003 1119 1005
f 1005 1007 891
f 891 889 1005
f 1001 1119 1003
f 1117 1119 1001
f 1453 1571 1455
f 1569 1571 1453
f 525 527 409
f 409 527 411
f 413 527 529
f 411 527 413
f 413 531 415
f 529 531 413
f 417 531 533
f 415 531 417
f 2745 2861 2863
f 2863 2747 2745
f 2865 2749 2863
f 2863 2749 2747
f 2627 2511 2509
f 2509 2625 2627
f 2623 2625 2509
f 2507 2623 2509
f 2389 2505 2507
f 2507 2391 2389
f 1587 1471 1469
f 1469 1585 1587
f 1587 1701 1703
f 1587 1585 1701
f 1589 1473 1587
f 1587 1473 1471
f 1587 1705 1589
f 1703 1705 1587
f 2165 2281 2283
f 2283 2167 2165
f 2167 2051 2165
f 2165 2051 2049
f 2285 2287 2171
f 2171 2169 2285
f 2285 2169 2167
f 2285 2167 2283
f 2397 2281 2395
f 2395 2281 2279
f 2029 2031 1915
f 1915 1913 2029
f 1915 2031 2033
f 2033 1917 1915
f 2725 2611 2609
f 2727 2611 2725
f 2145 2029 2027
f 2027 2143 2145
f 1797 1913 1915
f 1915 1799 1797
f 1797 1683 1681
f 1799 1683 1797
f 1681 1565 1679
f 1679 1565 1563
f 2019 2021 1905
f 1905 1903 2019
f 1538 1541 1425
f 1538 1539 1541
f 1538 1425 1309
f 1309 1420 1538
f 1075 1304 1193
f 1193 1077 1075
f 1193 1304 1420
f 1193 1420 1309
f 1079 1077 1193
f 1195 1079 1193
f 1309 1311 1193
f 1193 1311 1195
f 1889 1771 2002
f 1889 1773 1771
f 1775 1773 1889
f 1891 1775 1889
f 2464 2467 2353
f 2467 2469 2353
f 1781 1897 1899
f 1899 1783 1781
f 1781 1779 1895
f 1895 1897 1781
f 2701 2703 2587
f 2585 2701 2587
f 2587 2469 2585
f 2471 2469 2587
f 2699 2815 2817
f 2817 2701 2699
f 2699 2585 2698
f 2699 2701 2585
f 1431 1429 1547
f 1429 1545 1547
f 1197 1311 1313
f 1195 1311 1197
f 1197 1079 1195
f 1081 1079 1197
f 847 845 961
f 961 963 847
f 729 845 847
f 847 731 729
f 965 963 1079
f 965 1079 1081
f 2375 2373 2489
f 2489 2491 2375
f 655 537 653
f 655 539 537
f 607 491 431
f 431 547 607
f 607 663 725
f 547 663 607
f 891 893 777
f 777 775 891
f 777 659 775
f 661 659 777
f 431 429 545
f 545 547 431
f 545 663 547
f 661 663 545
f 545 429 427
f 427 543 545
f 545 659 661
f 543 659 545
f 1121 1119 1237
f 1237 1119 1235
f 1359 1243 1241
f 1241 1357 1359
f 1243 1127 1241
f 1241 1127 1125
f 1473 1357 1355
f 1471 1473 1355
f 1355 1357 1241
f 1241 1239 1355
f 1469 1471 1355
f 1355 1353 1469
f 1237 1353 1355
f 1355 1239 1237
f 1005 1121 1123
f 1123 1007 1005
f 1123 1121 1237
f 1237 1239 1123
f 1125 1009 1123
f 1123 1009 1007
f 1241 1125 1123
f 1123 1239 1241
f 651 769 653
f 651 767 769
f 1003 887 885
f 1001 1003 885
f 769 767 885
f 885 767 883
f 883 999 885
f 885 999 1001
f 1451 1569 1453
f 1567 1569 1451
f 1233 1119 1117
f 1235 1119 1233
f 1451 1453 1337
f 1337 1335 1451
f 1453 1455 1337
f 1455 1339 1337
f 1105 1107 991
f 991 989 1105
f 1229 1113 1227
f 1113 1111 1227
f 1227 1343 1345
f 1345 1229 1227
f 1337 1339 1223
f 1223 1221 1337
f 1223 1107 1105
f 1105 1221 1223
f 1341 1339 1455
f 1341 1455 1457
f 1223 1339 1341
f 1341 1225 1223
f 1341 1343 1227
f 1227 1225 1341
f 643 759 645
f 759 761 645
f 529 527 645
f 645 527 643
f 645 761 763
f 763 647 645
f 647 531 645
f 645 531 529
f 2751 2865 2867
f 2751 2749 2865
f 2741 2625 2623
f 2741 2623 2739
f 2741 2855 2857
f 2739 2855 2741
f 2849 2851 2735
f 2735 2733 2849
f 2853 2855 2739
f 2853 2739 2737
f 2735 2851 2853
f 2853 2737 2735
f 2735 2737 2621
f 2621 2619 2735
f 2621 2623 2507
f 2507 2505 2621
f 2739 2623 2621
f 2737 2739 2621
f 2731 2847 2849
f 2849 2733 2731
f 2617 2733 2735
f 2735 2619 2617
f 2731 2733 2617
f 2617 2615 2731
f 2393 2507 2509
f 2393 2391 2507
f 2275 2391 2393
f 2277 2275 2393
f 2509 2511 2393
f 2393 2511 2395
f 2393 2279 2277
f 2395 2279 2393
f 2117 2001 1939
f 1939 2055 2117
f 2053 2055 1939
f 1937 2053 1939
f 2165 2049 2163
f 2049 2047 2163
f 2163 2281 2165
f 2279 2281 2163
f 1935 2051 2053
f 1935 2053 1937
f 2277 2279 2161
f 2161 2279 2163
f 2163 2047 2161
f 2161 2047 2045
f 1341 1457 1459
f 1459 1343 1341
f 1687 1803 1689
f 1803 1805 1689
f 2515 2517 2401
f 2401 2399 2515
f 2283 2399 2401
f 2285 2283 2401
f 2513 2399 2397
f 2515 2399 2513
f 2513 2511 2627
f 2627 2629 2513
f 2513 2397 2395
f 2395 2511 2513
f 2745 2747 2631
f 2631 2629 2745
f 2631 2515 2513
f 2513 2629 2631
f 2747 2749 2631
f 2631 2749 2633
f 2631 2517 2515
f 2633 2517 2631
f 1567 1683 1685
f 1685 1569 1567
f 1685 1571 1569
f 1687 1571 1685
f 2843 2727 2725
f 2725 2841 2843
f 2029 1913 1911
f 2027 2029 1911
f 1919 1917 2033
f 1919 2033 2035
f 2033 2149 2151
f 2035 2033 2151
f 2145 2143 2261
f 2261 2143 2259
f 2261 2259 2375
f 2261 2375 2377
f 2137 2255 2139
f 2253 2255 2137
f 2137 2139 2023
f 2023 2021 2137
f 2137 2021 2019
f 2019 2135 2137
f 1679 1563 1677
f 1677 1563 1561
f 1561 1559 1677
f 1677 1559 1675
f 1677 1791 1793
f 1675 1791 1677
f 1675 1559 1673
f 1673 1559 1557
f 1673 1791 1675
f 1789 1791 1673
f 2017 1901 1899
f 1899 2015 2017
f 2019 1903 2017
f 2017 1903 1901
f 1895 1893 2009
f 2009 2011 1895
f 1891 2007 2009
f 1893 1891 2009
f 1895 1779 1777
f 1777 1893 1895
f 1659 1775 1777
f 1661 1659 1777
f 1777 1775 1891
f 1777 1891 1893
f 2116 2119 2005
f 2005 2119 2121
f 2002 2116 2005
f 1889 2002 2005
f 2005 1891 1889
f 2005 2007 1891
f 1899 1897 2013
f 2013 2015 1899
f 2013 1897 1895
f 1895 2011 2013
f 2127 2011 2009
f 2009 2125 2127
f 2013 2011 2127
f 2127 2129 2013
f 2475 2359 2357
f 2357 2473 2475
f 2131 2015 2013
f 2013 2129 2131
f 2251 2253 2137
f 2137 2135 2251
f 1785 1783 1899
f 1899 1901 1785
f 1551 1437 1435
f 1553 1437 1551
f 2819 2821 2705
f 2705 2703 2819
f 2705 2821 2823
f 2823 2707 2705
f 1777 1779 1663
f 1663 1661 1777
f 1663 1545 1661
f 1547 1545 1663
f 1433 1431 1547
f 1547 1549 1433
f 1551 1435 1433
f 1433 1549 1551
f 1313 1315 1199
f 1197 1313 1199
f 641 759 643
f 641 757 759
f 641 527 525
f 643 527 641
f 409 407 523
f 523 525 409
f 641 525 523
f 523 639 641
f 401 399 515
f 515 517 401
f 515 399 397
f 397 513 515
f 1449 1565 1567
f 1449 1567 1451
f 1451 1335 1333
f 1449 1451 1333
f 387 385 503
f 503 385 501
f 389 387 503
f 503 505 389
f 505 507 389
f 389 507 391
f 621 619 735
f 735 737 621
f 621 505 503
f 503 619 621
f 397 395 511
f 511 513 397
f 511 395 393
f 393 509 511
f 391 507 393
f 393 507 509
f 847 963 849
f 849 963 965
f 617 501 499
f 499 615 617
f 503 501 617
f 617 619 503
f 1085 1201 1203
f 1203 1087 1085
f 1085 1087 971
f 1085 971 969
f 849 965 851
f 965 967 851
f 2725 2609 2607
f 2723 2725 2607
f 2607 2491 2489
f 2489 2605 2607
f 2605 2721 2607
f 2607 2721 2723
f 2839 2841 2725
f 2839 2725 2723
f 2723 2721 2839
f 2839 2721 2837
f 1591 1589 1707
f 1589 1705 1707
f 1707 1651 1591
f 1769 1651 1707
f 541 539 657
f 657 539 655
f 773 775 657
f 775 659 657
f 657 543 541
f 657 659 543
f 885 887 771
f 771 769 885
f 655 653 771
f 653 769 771
f 771 889 773
f 887 889 771
f 657 655 771
f 771 773 657
f 955 839 779
f 779 895 955
f 893 895 779
f 777 893 779
f 779 839 725
f 725 663 779
f 779 661 777
f 779 663 661
f 995 1111 997
f 997 1111 1113
f 997 999 883
f 997 883 881
f 1227 1111 1109
f 1109 1225 1227
f 1109 1107 1223
f 1223 1225 1109
f 879 995 997
f 997 881 879
f 765 649 647
f 765 647 763
f 879 881 765
f 765 763 879
f 765 767 651
f 651 649 765
f 883 767 765
f 881 883 765
f 1701 1585 1583
f 1583 1699 1701
f 1583 1585 1469
f 1583 1469 1467
f 1577 1575 1691
f 1691 1693 1577
f 1351 1235 1233
f 1233 1349 1351
f 1237 1235 1351
f 1351 1353 1237
f 1469 1353 1351
f 1467 1469 1351
f 1351 1349 1465
f 1465 1467 1351
f 1465 1347 1463
f 1349 1347 1465
f 421 419 535
f 535 537 421
f 653 537 535
f 651 653 535
f 535 419 417
f 417 533 535
f 533 649 535
f 535 649 651
f 997 1113 1115
f 1115 999 997
f 1115 1117 1001
f 1001 999 1115
f 2867 2927 2811
f 2751 2867 2811
f 2811 2695 2635
f 2635 2751 2811
f 2635 2749 2751
f 2633 2749 2635
f 2695 2581 2635
f 2581 2519 2635
f 2635 2517 2633
f 2635 2519 2517
f 2857 2859 2743
f 2741 2857 2743
f 2627 2625 2743
f 2743 2625 2741
f 2859 2861 2743
f 2743 2861 2745
f 2743 2629 2627
f 2745 2629 2743
f 2843 2845 2729
f 2729 2727 2843
f 2845 2847 2729
f 2729 2847 2731
f 2495 2497 2381
f 2381 2379 2495
f 2503 2619 2621
f 2621 2505 2503
f 2503 2505 2389
f 2389 2387 2503
f 2049 2051 1933
f 1933 2051 1935
f 1819 1705 1703
f 1819 1821 1705
f 1935 1937 1819
f 1937 1821 1819
f 1703 1701 1819
f 1819 1701 1817
f 1933 1935 1819
f 1819 1817 1933
f 2273 2387 2389
f 2273 2271 2387
f 2389 2391 2273
f 2273 2391 2275
f 2153 2269 2155
f 2269 2271 2155
f 2159 2275 2277
f 2159 2277 2161
f 1455 1571 1573
f 1457 1455 1573
f 1573 1687 1689
f 1573 1571 1687
f 1459 1457 1573
f 1573 1575 1459
f 1691 1575 1573
f 1689 1691 1573
f 2349 2287 2403
f 2463 2349 2403
f 2403 2287 2285
f 2403 2285 2401
f 2403 2581 2463
f 2403 2519 2581
f 2401 2517 2403
f 2517 2519 2403
f 1915 1917 1801
f 1801 1799 1915
f 1801 1683 1799
f 1685 1683 1801
f 1801 1917 1919
f 1919 1803 1801
f 1801 1803 1687
f 1801 1687 1685
f 1797 1681 1795
f 1795 1681 1679
f 1795 1913 1797
f 1911 1913 1795
f 1795 1679 1677
f 1677 1793 1795
f 1793 1909 1795
f 1795 1909 1911
f 2263 2147 2145
f 2263 2145 2261
f 2261 2377 2263
f 2377 2379 2263
f 2263 2149 2147
f 2265 2149 2263
f 2263 2379 2381
f 2381 2265 2263
f 2609 2611 2493
f 2493 2611 2495
f 2495 2379 2493
f 2493 2379 2377
f 2607 2609 2493
f 2493 2491 2607
f 2375 2491 2493
f 2377 2375 2493
f 1793 1791 1907
f 1907 1909 1793
f 1907 1791 1789
f 1907 1789 1905
f 1905 2021 1907
f 1907 2021 2023
f 2025 2027 1911
f 1911 1909 2025
f 2025 1909 1907
f 1907 2023 2025
f 2251 2135 2133
f 2133 2249 2251
f 2133 2135 2019
f 2133 2019 2017
f 2017 2015 2133
f 2133 2015 2131
f 2237 2119 2348
f 2121 2119 2237
f 2237 2348 2464
f 2237 2464 2353
f 2009 2007 2123
f 2123 2125 2009
f 2123 2241 2125
f 2239 2241 2123
f 2005 2121 2123
f 2123 2007 2005
f 2123 2121 2237
f 2237 2239 2123
f 2353 2469 2355
f 2355 2469 2471
f 2237 2353 2355
f 2355 2239 2237
f 2355 2473 2357
f 2471 2473 2355
f 2355 2241 2239
f 2357 2241 2355
f 2357 2359 2243
f 2243 2241 2357
f 2127 2125 2243
f 2125 2241 2243
f 2361 2245 2243
f 2243 2359 2361
f 2243 2129 2127
f 2243 2245 2129
f 2131 2129 2247
f 2129 2245 2247
f 2247 2249 2133
f 2133 2131 2247
f 2367 2253 2251
f 2367 2369 2253
f 1787 1903 1905
f 1905 1789 1787
f 1901 1903 1787
f 1785 1901 1787
f 1667 1783 1785
f 1785 1669 1667
f 1667 1553 1551
f 1669 1553 1667
f 2475 2473 2589
f 2589 2591 2475
f 2705 2707 2589
f 2707 2591 2589
f 2589 2471 2587
f 2589 2473 2471
f 2587 2703 2589
f 2589 2703 2705
f 2829 2831 2713
f 2831 2715 2713
f 2827 2829 2713
f 2713 2711 2827
f 2823 2825 2709
f 2709 2707 2823
f 2709 2825 2827
f 2827 2711 2709
f 1665 1547 1663
f 1665 1549 1547
f 1665 1779 1781
f 1663 1779 1665
f 1551 1549 1665
f 1667 1551 1665
f 1781 1783 1665
f 1665 1783 1667
f 1203 1201 1317
f 1317 1319 1203
f 1433 1435 1317
f 1435 1319 1317
f 1199 1315 1317
f 1317 1201 1199
f 1317 1315 1431
f 1317 1431 1433
f 873 989 991
f 873 991 875
f 759 757 873
f 875 759 873
f 755 757 641
f 641 639 755
f 873 757 755
f 755 871 873
f 755 639 753
f 639 637 753
f 753 871 755
f 753 869 871
f 407 405 521
f 523 407 521
f 521 639 523
f 521 637 639
f 521 405 403
f 403 519 521
f 403 517 519
f 401 517 403
f 753 637 635
f 635 751 753
f 635 637 521
f 521 519 635
f 1563 1565 1447
f 1447 1565 1449
f 1447 1449 1333
f 1333 1331 1447
f 1329 1331 1213
f 1331 1215 1213
f 1439 1437 1553
f 1553 1555 1439
f 623 507 505
f 623 505 621
f 621 737 623
f 623 737 739
f 509 507 623
f 625 509 623
f 623 739 741
f 741 625 623
f 627 625 741
f 741 743 627
f 511 509 627
f 627 509 625
f 733 849 851
f 851 735 733
f 735 619 733
f 733 619 617
f 733 731 847
f 733 847 849
f 733 615 731
f 617 615 733
f 1085 969 1083
f 969 967 1083
f 1083 1201 1085
f 1199 1201 1083
f 965 1081 1083
f 1083 967 965
f 1083 1081 1197
f 1083 1197 1199
f 853 737 735
f 853 735 851
f 851 967 853
f 853 967 969
f 739 737 853
f 853 855 739
f 969 971 853
f 971 855 853
f 2477 2359 2475
f 2361 2359 2477
f 2487 2605 2489
f 2603 2605 2487
f 2719 2835 2837
f 2837 2721 2719
f 2719 2721 2605
f 2719 2605 2603
f 2833 2835 2719
f 2717 2833 2719
f 1707 1705 1823
f 1705 1821 1823
f 1823 1883 1769
f 1823 1769 1707
f 1823 1937 1939
f 1823 1821 1937
f 1823 2001 1883
f 1939 2001 1823
f 877 761 759
f 877 759 875
f 763 761 877
f 879 763 877
f 1463 1347 1461
f 1461 1347 1345
f 1345 1343 1461
f 1461 1343 1459
f 1461 1575 1577
f 1459 1575 1461
f 1231 1229 1345
f 1345 1347 1231
f 1231 1113 1229
f 1115 1113 1231
f 1231 1349 1233
f 1231 1347 1349
f 1233 1117 1231
f 1231 1117 1115
f 1217 1331 1333
f 1217 1215 1331
f 1099 1215 1217
f 1217 1101 1099
f 2613 2497 2495
f 2495 2611 2613
f 2613 2611 2727
f 2613 2727 2729
f 2731 2615 2613
f 2729 2731 2613
f 2267 2269 2153
f 2267 2153 2151
f 2151 2149 2267
f 2267 2149 2265
f 2151 2153 2037
f 2037 2035 2151
f 2273 2275 2157
f 2157 2275 2159
f 2157 2271 2273
f 2155 2271 2157
f 2161 2045 2043
f 2159 2161 2043
f 2157 2159 2043
f 2043 2041 2157
f 1579 1463 1461
f 1461 1577 1579
f 1577 1693 1579
f 1579 1693 1695
f 1931 2047 2049
f 1931 2049 1933
f 2045 2047 1931
f 1929 2045 1931
f 2257 2259 2141
f 2259 2143 2141
f 2141 2143 2027
f 2141 2027 2025
f 2139 2255 2141
f 2141 2255 2257
f 2023 2139 2141
f 2025 2023 2141
f 2363 2361 2477
f 2477 2479 2363
f 2363 2245 2361
f 2247 2245 2363
f 1671 1553 1669
f 1671 1555 1553
f 1671 1785 1787
f 1671 1669 1785
f 1673 1557 1671
f 1557 1555 1671
f 1671 1789 1673
f 1787 1789 1671
f 2597 2711 2713
f 2597 2595 2711
f 2713 2715 2597
f 2597 2715 2599
f 633 751 635
f 633 749 751
f 519 517 633
f 635 519 633
f 633 517 515
f 633 515 631
f 747 863 865
f 865 749 747
f 747 749 633
f 633 631 747
f 1561 1563 1445
f 1445 1563 1447
f 1447 1331 1445
f 1445 1331 1329
f 1445 1559 1561
f 1443 1559 1445
f 1213 1215 1097
f 1097 1215 1099
f 867 869 753
f 753 751 867
f 751 749 867
f 867 749 865
f 741 739 857
f 739 855 857
f 857 855 971
f 857 971 973
f 971 1087 1089
f 973 971 1089
f 1089 1087 1203
f 1089 1203 1205
f 1435 1437 1321
f 1321 1319 1435
f 1203 1319 1321
f 1205 1203 1321
f 2709 2711 2593
f 2711 2595 2593
f 2593 2479 2477
f 2593 2595 2479
f 2593 2591 2707
f 2593 2707 2709
f 2475 2591 2593
f 2477 2475 2593
f 2371 2373 2257
f 2257 2255 2371
f 2489 2373 2371
f 2487 2489 2371
f 2371 2255 2253
f 2253 2369 2371
f 991 1107 993
f 993 1107 1109
f 875 991 993
f 877 875 993
f 993 1111 995
f 1109 1111 993
f 993 995 879
f 993 879 877
f 987 989 873
f 873 871 987
f 1105 989 987
f 1103 1105 987
f 1333 1335 1219
f 1217 1333 1219
f 1219 1101 1217
f 1103 1101 1219
f 1219 1335 1337
f 1337 1221 1219
f 1219 1221 1105
f 1219 1105 1103
f 2383 2265 2381
f 2267 2265 2383
f 1921 1805 1803
f 1921 1803 1919
f 1919 2035 1921
f 1921 2035 2037
f 1583 1467 1581
f 1581 1467 1465
f 1465 1463 1581
f 1581 1463 1579
f 1701 1699 1815
f 1817 1701 1815
f 1933 1817 1815
f 1931 1933 1815
f 1815 1929 1931
f 1815 1813 1929
f 2251 2249 2365
f 2367 2251 2365
f 2365 2249 2247
f 2365 2247 2363
f 2485 2487 2371
f 2371 2369 2485
f 2485 2369 2367
f 2485 2367 2483
f 745 863 747
f 861 863 745
f 1097 1099 983
f 983 981 1097
f 867 865 983
f 865 981 983
f 975 973 1089
f 1089 1091 975
f 975 1091 977
f 977 1091 1093
f 1557 1559 1441
f 1441 1559 1443
f 1439 1555 1441
f 1441 1555 1557
f 1211 1213 1097
f 1097 1095 1211
f 1323 1437 1439
f 1321 1437 1323
f 1323 1439 1441
f 1441 1325 1323
f 2617 2619 2501
f 2501 2619 2503
f 2043 2045 1927
f 1927 2045 1929
f 1929 1813 1927
f 1927 1813 1811
f 1927 2041 2043
f 1925 2041 1927
f 1815 1699 1697
f 1697 1813 1815
f 1697 1699 1583
f 1697 1583 1581
f 1811 1813 1697
f 1697 1695 1811
f 1579 1695 1697
f 1581 1579 1697
f 2481 2595 2597
f 2479 2595 2481
f 2363 2479 2481
f 2365 2363 2481
f 2597 2599 2481
f 2481 2599 2483
f 2481 2367 2365
f 2483 2367 2481
f 2601 2715 2717
f 2599 2715 2601
f 2485 2483 2601
f 2483 2599 2601
f 2719 2603 2601
f 2601 2717 2719
f 2601 2603 2487
f 2601 2487 2485
f 515 513 629
f 631 515 629
f 747 631 629
f 745 747 629
f 629 513 511
f 629 511 627
f 627 743 629
f 629 743 745
f 985 869 867
f 985 867 983
f 1099 1101 985
f 983 1099 985
f 871 869 985
f 987 871 985
f 985 1103 987
f 985 1101 1103
f 859 743 741
f 859 741 857
f 857 973 859
f 859 973 975
f 859 861 745
f 745 743 859
f 859 975 977
f 977 861 859
f 977 1093 979
f 1093 1095 979
f 979 863 861
f 979 861 977
f 1097 981 979
f 979 1095 1097
f 865 863 979
f 979 981 865
f 1211 1095 1209
f 1209 1095 1093
f 1327 1443 1445
f 1445 1329 1327
f 1327 1329 1213
f 1327 1213 1211
f 1441 1443 1327
f 1327 1325 1441
f 1327 1211 1209
f 1209 1325 1327
f 2499 2615 2617
f 2499 2617 2501
f 2499 2497 2613
f 2613 2615 2499
f 2381 2497 2499
f 2383 2381 2499
f 2385 2271 2269
f 2387 2271 2385
f 2503 2387 2385
f 2501 2503 2385
f 2385 2269 2267
f 2385 2267 2383
f 2499 2501 2385
f 2385 2383 2499
f 2039 2155 2157
f 2157 2041 2039
f 1925 1923 2039
f 2039 2041 1925
f 2039 2153 2155
f 2037 2153 2039
f 1921 2037 2039
f 1923 1921 2039
f 1689 1805 1807
f 1807 1691 1689
f 1807 1805 1921
f 1807 1921 1923
f 1695 1693 1809
f 1811 1695 1809
f 1927 1811 1809
f 1809 1925 1927
f 1809 1693 1691
f 1809 1691 1807
f 1809 1923 1925
f 1807 1923 1809
f 1093 1091 1207
f 1209 1093 1207
f 1323 1325 1207
f 1207 1325 1209
f 1089 1205 1207
f 1207 1091 1089
f 1207 1205 1321
f 1207 1321 1323
