ply
format ascii 1.0
element vertex 2930
property float x
property float y
property float z
property uchar red
property uchar green
property uchar blue
element face 5552
property list uchar int vertex_indices
end_header
0.0000 0.0000 0.0000 0 200 240
0.0000 0.0000 0.1500 0 200 240
0.0000 0.0000 0.3000 0 200 240
0.0000 0.0000 0.4500 0 200 240
0.0000 0.0000 0.6000 0 200 240
0.0000 0.0000 0.7500 0 200 240
0.0000 0.0000 0.9000 0 200 240
0.0000 0.0000 1.0500 0 200 240
0.0000 0.0000 1.2000 0 200 240
0.0000 0.0000 1.3500 0 200 240
0.0000 0.0000 1.5000 0 200 240
0.0000 0.0000 1.6500 0 200 240
0.0000 0.0000 1.8000 0 200 240
0.0000 0.0000 1.9500 0 200 240
0.0000 0.0000 2.1000 0 200 240
0.0000 0.0000 2.2500 0 200 240
0.0000 0.0000 2.4000 0 200 240
0.0000 0.0000 2.5500 0 200 240
0.0000 0.0000 2.7000 0 200 240
0.0000 0.0000 2.8500 0 200 240
0.0000 0.0000 3.0000 0 200 240
0.1500 0.0000 0.0000 0 200 240
0.1500 0.0000 0.1500 0 200 240
0.1500 0.0000 0.3000 0 200 240
0.1500 0.0000 0.4500 0 200 240
0.1500 0.0000 0.6000 0 200 240
0.1500 0.0000 0.7500 0 200 240
0.1500 0.0000 0.9000 0 200 240
0.1500 0.0000 1.0500 0 200 240
0.1500 0.0000 1.2000 0 200 240
0.1500 0.0000 1.3500 0 200 240
0.1500 0.0000 1.5000 0 200 240
0.1500 0.0000 1.6500 0 200 240
0.1500 0.0000 1.8000 0 200 240
0.1500 0.0000 1.9500 0 200 240
0.1500 0.0000 2.1000 0 200 240
0.1500 0.0000 2.2500 0 200 240
0.1500 0.0000 2.4000 0 200 240
0.1500 0.0000 2.5500 0 200 240
0.1500 0.0000 2.7000 0 200 240
0.1500 0.0000 2.8500 0 200 240
0.1500 0.0000 3.0000 0 200 240
0.3000 0.0000 0.0000 0 200 240
0.3000 0.0000 0.1500 0 200 240
0.3000 0.0000 0.3000 0 200 240
0.3000 0.0000 0.4500 0 200 240
0.3000 0.0000 0.6000 0 200 240
0.3000 0.0000 0.7500 0 200 240
0.3000 0.0000 0.9000 0 200 240
0.3000 0.0000 1.0500 0 200 240
0.3000 0.0000 1.2000 0 200 240
0.3000 0.0000 1.3500 0 200 240
0.3000 0.0000 1.5000 0 200 240
0.3000 0.0000 1.6500 0 200 240
0.3000 0.0000 1.8000 0 200 240
0.3000 0.0000 1.9500 0 200 240
0.3000 0.0000 2.1000 0 200 240
0.3000 0.0000 2.2500 0 200 240
0.3000 0.0000 2.4000 0 200 240
0.3000 0.0000 2.5500 0 200 240
0.3000 0.0000 2.7000 0 200 240
0.3000 0.0000 2.8500 0 200 240
0.3000 0.0000 3.0000 0 200 240
0.4500 0.0000 0.0000 0 200 240
0.4500 0.0000 0.1500 0 200 240
0.4500 0.0000 0.3000 0 200 240
0.4500 0.0000 0.4500 0 200 240
0.4500 0.0000 0.6000 0 200 240
0.4500 0.0000 0.7500 0 200 240
0.4500 0.0000 0.9000 0 200 240
0.4500 0.0000 1.0500 0 200 240
0.4500 0.0000 1.2000 0 200 240
0.4500 0.0000 1.3500 0 200 240
0.4500 0.0000 1.5000 0 200 240
0.4500 0.0000 1.6500 0 200 240
0.4500 0.0000 1.8000 0 200 240
0.4500 0.0000 1.9500 0 200 240
0.4500 0.0000 2.1000 0 200 240
0.4500 0.0000 2.2500 0 200 240
0.4500 0.0000 2.4000 0 200 240
0.4500 0.0000 2.5500 0 200 240
0.4500 0.0000 2.7000 0 200 240
0.4500 0.0000 2.8500 0 200 240
0.4500 0.0000 3.0000 0 200 240
0.6000 0.0000 0.0000 0 200 240
0.6000 0.0000 0.1500 0 200 240
0.6000 0.0000 0.3000 0 200 240
0.6000 0.0000 0.4500 0 200 240
0.6000 0.0000 0.6000 0 200 240
0.6000 0.0000 0.7500 0 200 240
0.6000 0.0000 0.9000 0 200 240
0.6000 0.0000 1.0500 0 200 240
0.6000 0.0000 1.2000 0 200 240
0.6000 0.0000 1.3500 0 200 240
0.6000 0.0000 1.5000 0 200 240
0.6000 0.0000 1.6500 0 200 240
0.6000 0.0000 1.8000 0 200 240
0.6000 0.0000 1.9500 0 200 240
0.6000 0.0000 2.1000 0 200 240
0.6000 0.0000 2.2500 0 200 240
0.6000 0.0000 2.4000 0 200 240
0.6000 0.0000 2.5500 0 200 240
0.6000 0.0000 2.7000 0 200 240
0.6000 0.0000 2.8500 0 200 240
0.6000 0.0000 3.0000 0 200 240
0.7500 0.0000 0.0000 0 200 240
0.7500 0.0000 0.1500 0 200 240
0.7500 0.0000 0.3000 0 200 240
0.7500 0.0000 0.4500 0 200 240
0.7500 0.0000 0.6000 0 200 240
0.7500 0.0000 0.7500 0 200 240
0.7500 0.0000 0.9000 0 200 240
0.7500 0.0000 1.0500 0 200 240
0.7500 0.0000 1.2000 0 200 240
0.7500 0.0000 1.3500 0 200 240
0.7500 0.0000 1.5000 0 200 240
0.7500 0.0000 1.6500 0 200 240
0.7500 0.0000 1.8000 0 200 240
0.7500 0.0000 1.9500 0 200 240
0.7500 0.0000 2.1000 0 200 240
0.7500 0.0000 2.2500 0 200 240
0.7500 0.0000 2.4000 0 200 240
0.7500 0.0000 2.5500 0 200 240
0.7500 0.0000 2.7000 0 200 240
0.7500 0.0000 2.8500 0 200 240
0.7500 0.0000 3.0000 0 200 240
0.9000 0.0000 0.0000 0 200 240
0.9000 0.0000 0.1500 0 200 240
0.9000 0.0000 0.3000 0 200 240
0.9000 0.0000 0.4500 0 200 240
0.9000 0.0000 0.6000 0 200 240
0.9000 0.0000 0.7500 0 200 240
0.9000 0.0000 0.9000 0 200 240
0.9000 0.0000 1.0500 0 200 240
0.9000 0.0000 1.2000 0 200 240
0.9000 0.0000 1.3500 0 200 240
0.9000 0.0000 1.5000 0 200 240
0.9000 0.0000 1.6500 0 200 240
0.9000 0.0000 1.8000 0 200 240
0.9000 0.0000 1.9500 0 200 240
0.9000 0.0000 2.1000 0 200 240
0.9000 0.0000 2.2500 0 200 240
0.9000 0.0000 2.4000 0 200 240
0.9000 0.0000 2.5500 0 200 240
0.9000 0.0000 2.7000 0 200 240
0.9000 0.0000 2.8500 0 200 240
0.9000 0.0000 3.0000 0 200 240
1.0500 0.0000 0.0000 0 200 240
1.0500 0.0000 0.1500 0 200 240
1.0500 0.0000 0.3000 0 200 240
1.0500 0.0000 0.4500 0 200 240
1.0500 0.0000 0.6000 0 200 240
1.0500 0.0000 0.7500 0 200 240
1.0500 0.0000 0.9000 0 200 240
1.0500 0.0000 1.0500 0 200 240
1.0500 0.0000 1.2000 0 200 240
1.0500 0.0000 1.3500 0 200 240
1.0500 0.0000 1.5000 0 200 240
1.0500 0.0000 1.6500 0 200 240
1.0500 0.0000 1.8000 0 200 240
1.0500 0.0000 1.9500 0 200 240
1.0500 0.0000 2.1000 0 200 240
1.0500 0.0000 2.2500 0 200 240
1.0500 0.0000 2.4000 0 200 240
1.0500 0.0000 2.5500 0 200 240
1.0500 0.0000 2.7000 0 200 240
1.0500 0.0000 2.8500 0 200 240
1.0500 0.0000 3.0000 0 200 240
1.2000 0.0000 0.0000 0 200 240
1.2000 0.0000 0.1500 0 200 240
1.2000 0.0000 0.3000 0 200 240
1.2000 0.0000 0.4500 0 200 240
1.2000 0.0000 0.6000 0 200 240
1.2000 0.0000 0.7500 0 200 240
1.2000 0.0000 0.9000 0 200 240
1.2000 0.0000 1.0500 0 200 240
1.2000 0.0000 1.2000 0 200 240
1.2000 0.0000 1.3500 0 200 240
1.2000 0.0000 1.5000 0 200 240
1.2000 0.0000 1.6500 0 200 240
1.2000 0.0000 1.8000 0 200 240
1.2000 0.0000 1.9500 0 200 240
1.2000 0.0000 2.1000 0 200 240
1.2000 0.0000 2.2500 0 200 240
1.2000 0.0000 2.4000 0 200 240
1.2000 0.0000 2.5500 0 200 240
1.2000 0.0000 2.7000 0 200 240
1.2000 0.0000 2.8500 0 200 240
1.2000 0.0000 3.0000 0 200 240
1.3500 0.0000 0.0000 0 200 240
1.3500 0.0000 0.1500 0 200 240
1.3500 0.0000 0.3000 0 200 240
1.3500 0.0000 0.4500 0 200 240
1.3500 0.0000 0.6000 0 200 240
1.3500 0.0000 0.7500 0 200 240
1.3500 0.0000 0.9000 0 200 240
1.3500 0.0000 1.0500 0 200 240
1.3500 0.0000 1.2000 0 200 240
1.3500 0.0000 1.3500 0 200 240
1.3500 0.0000 1.5000 0 200 240
1.3500 0.0000 1.6500 0 200 240
1.3500 0.0000 1.8000 0 200 240
1.3500 0.0000 1.9500 0 200 240
1.3500 0.0000 2.1000 0 200 240
1.3500 0.0000 2.2500 0 200 240
1.3500 0.0000 2.4000 0 200 240
1.3500 0.0000 2.5500 0 200 240
1.3500 0.0000 2.7000 0 200 240
1.3500 0.0000 2.8500 0 200 240
1.3500 0.0000 3.0000 0 200 240
1.5000 0.0000 0.0000 0 200 240
1.5000 0.0000 0.1500 0 200 240
1.5000 0.0000 0.3000 0 200 240
1.5000 0.0000 0.4500 0 200 240
1.5000 0.0000 0.6000 0 200 240
1.5000 0.0000 0.7500 0 200 240
1.5000 0.0000 0.9000 0 200 240
1.5000 0.0000 1.0500 0 200 240
1.5000 0.0000 1.2000 0 200 240
1.5000 0.0000 1.3500 0 200 240
1.5000 0.0000 1.5000 0 200 240
1.5000 0.0000 1.6500 0 200 240
1.5000 0.0000 1.8000 0 200 240
1.5000 0.0000 1.9500 0 200 240
1.5000 0.0000 2.1000 0 200 240
1.5000 0.0000 2.2500 0 200 240
1.5000 0.0000 2.4000 0 200 240
1.5000 0.0000 2.5500 0 200 240
1.5000 0.0000 2.7000 0 200 240
1.5000 0.0000 2.8500 0 200 240
1.5000 0.0000 3.0000 0 200 240
1.6500 0.0000 0.0000 0 200 240
1.6500 0.0000 0.1500 0 200 240
1.6500 0.0000 0.3000 0 200 240
1.6500 0.0000 0.4500 0 200 240
1.6500 0.0000 0.6000 0 200 240
1.6500 0.0000 0.7500 0 200 240
1.6500 0.0000 0.9000 0 200 240
1.6500 0.0000 1.0500 0 200 240
1.6500 0.0000 1.2000 0 200 240
1.6500 0.0000 1.3500 0 200 240
1.6500 0.0000 1.5000 0 200 240
1.6500 0.0000 1.6500 0 200 240
1.6500 0.0000 1.8000 0 200 240
1.6500 0.0000 1.9500 0 200 240
1.6500 0.0000 2.1000 0 200 240
1.6500 0.0000 2.2500 0 200 240
1.6500 0.0000 2.4000 0 200 240
1.6500 0.0000 2.5500 0 200 240
1.6500 0.0000 2.7000 0 200 240
1.6500 0.0000 2.8500 0 200 240
1.6500 0.0000 3.0000 0 200 240
1.8000 0.0000 0.0000 0 200 240
1.8000 0.0000 0.1500 0 200 240
1.8000 0.0000 0.3000 0 200 240
1.8000 0.0000 0.4500 0 200 240
1.8000 0.0000 0.6000 0 200 240
1.8000 0.0000 0.7500 0 200 240
1.8000 0.0000 0.9000 0 200 240
1.8000 0.0000 1.0500 0 200 240
1.8000 0.0000 1.2000 0 200 240
1.8000 0.0000 1.3500 0 200 240
1.8000 0.0000 1.5000 0 200 240
1.8000 0.0000 1.6500 0 200 240
1.8000 0.0000 1.8000 0 200 240
1.8000 0.0000 1.9500 0 200 240
1.8000 0.0000 2.1000 0 200 240
1.8000 0.0000 2.2500 0 200 240
1.8000 0.0000 2.4000 0 200 240
1.8000 0.0000 2.5500 0 200 240
1.8000 0.0000 2.7000 0 200 240
1.8000 0.0000 2.8500 0 200 240
1.8000 0.0000 3.0000 0 200 240
1.9500 0.0000 0.0000 0 200 240
1.9500 0.0000 0.1500 0 200 240
1.9500 0.0000 0.3000 0 200 240
1.9500 0.0000 0.4500 0 200 240
1.9500 0.0000 0.6000 0 200 240
1.9500 0.0000 0.7500 0 200 240
1.9500 0.0000 0.9000 0 200 240
1.9500 0.0000 1.0500 0 200 240
1.9500 0.0000 1.2000 0 200 240
1.9500 0.0000 1.3500 0 200 240
1.9500 0.0000 1.5000 0 200 240
1.9500 0.0000 1.6500 0 200 240
1.9500 0.0000 1.8000 0 200 240
1.9500 0.0000 1.9500 0 200 240
1.9500 0.0000 2.1000 0 200 240
1.9500 0.0000 2.2500 0 200 240
1.9500 0.0000 2.4000 0 200 240
1.9500 0.0000 2.5500 0 200 240
1.9500 0.0000 2.7000 0 200 240
1.9500 0.0000 2.8500 0 200 240
1.9500 0.0000 3.0000 0 200 240
2.1000 0.0000 0.0000 0 200 240
2.1000 0.0000 0.1500 0 200 240
2.1000 0.0000 0.3000 0 200 240
2.1000 0.0000 0.4500 0 200 240
2.1000 0.0000 0.6000 0 200 240
2.1000 0.0000 0.7500 0 200 240
2.1000 0.0000 0.9000 0 200 240
2.1000 0.0000 1.0500 0 200 240
2.1000 0.0000 1.2000 0 200 240
2.1000 0.0000 1.3500 0 200 240
2.1000 0.0000 1.5000 0 200 240
2.1000 0.0000 1.6500 0 200 240
2.1000 0.0000 1.8000 0 200 240
2.1000 0.0000 1.9500 0 200 240
2.1000 0.0000 2.1000 0 200 240
2.1000 0.0000 2.2500 0 200 240
2.1000 0.0000 2.4000 0 200 240
2.1000 0.0000 2.5500 0 200 240
2.1000 0.0000 2.7000 0 200 240
2.1000 0.0000 2.8500 0 200 240
2.1000 0.0000 3.0000 0 200 240
2.2500 0.0000 0.0000 0 200 240
2.2500 0.0000 0.1500 0 200 240
2.2500 0.0000 0.3000 0 200 240
2.2500 0.0000 0.4500 0 200 240
2.2500 0.0000 0.6000 0 200 240
2.2500 0.0000 0.7500 0 200 240
2.2500 0.0000 0.9000 0 200 240
2.2500 0.0000 1.0500 0 200 240
2.2500 0.0000 1.2000 0 200 240
2.2500 0.0000 1.3500 0 200 240
2.2500 0.0000 1.5000 0 200 240
2.2500 0.0000 1.6500 0 200 240
2.2500 0.0000 1.8000 0 200 240
2.2500 0.0000 1.9500 0 200 240
2.2500 0.0000 2.1000 0 200 240
2.2500 0.0000 2.2500 0 200 240
2.2500 0.0000 2.4000 0 200 240
2.2500 0.0000 2.5500 0 200 240
2.2500 0.0000 2.7000 0 200 240
2.2500 0.0000 2.8500 0 200 240
2.2500 0.0000 3.0000 0 200 240
2.4000 0.0000 0.0000 0 200 240
2.4000 0.0000 0.1500 0 200 240
2.4000 0.0000 0.3000 0 200 240
2.4000 0.0000 0.4500 0 200 240
2.4000 0.0000 0.6000 0 200 240
2.4000 0.0000 0.7500 0 200 240
2.4000 0.0000 0.9000 0 200 240
2.4000 0.0000 1.0500 0 200 240
2.4000 0.0000 1.2000 0 200 240
2.4000 0.0000 1.3500 0 200 240
2.4000 0.0000 1.5000 0 200 240
2.4000 0.0000 1.6500 0 200 240
2.4000 0.0000 1.8000 0 200 240
2.4000 0.0000 1.9500 0 200 240
2.4000 0.0000 2.1000 0 200 240
2.4000 0.0000 2.2500 0 200 240
2.4000 0.0000 2.4000 0 200 240
2.4000 0.0000 2.5500 0 200 240
2.4000 0.0000 2.7000 0 200 240
2.4000 0.0000 2.8500 0 200 240
2.4000 0.0000 3.0000 0 200 240
2.5500 0.0000 0.0000 0 200 240
2.5500 0.0000 0.1500 0 200 240
2.5500 0.0000 0.3000 0 200 240
2.5500 0.0000 0.4500 0 200 240
2.5500 0.0000 0.6000 0 200 240
2.5500 0.0000 0.7500 0 200 240
2.5500 0.0000 0.9000 0 200 240
2.5500 0.0000 1.0500 0 200 240
2.5500 0.0000 1.2000 0 200 240
2.5500 0.0000 1.3500 0 200 240
2.5500 0.0000 1.5000 0 200 240
2.5500 0.0000 1.6500 0 200 240
2.5500 0.0000 1.8000 0 200 240
2.5500 0.0000 1.9500 0 200 240
2.5500 0.0000 2.1000 0 200 240
2.5500 0.0000 2.2500 0 200 240
2.5500 0.0000 2.4000 0 200 240
2.5500 0.0000 2.5500 0 200 240
2.5500 0.0000 2.7000 0 200 240
2.5500 0.0000 2.8500 0 200 240
2.5500 0.0000 3.0000 0 200 240
0.0000 0.0800 3.0300 247 19 9
0.0000 0.0800 0.0000 247 19 9
0.1000 0.0800 3.0300 247 19 9
0.1000 0.0800 0.0000 247 19 9
0.2000 0.0800 3.0300 247 19 9
0.2000 0.0800 0.0000 247 19 9
0.3000 0.0800 3.0300 247 19 9
0.3000 0.0800 0.0000 247 19 9
0.4000 0.0800 3.0300 247 19 9
0.4000 0.0800 0.0000 247 19 9
0.5000 0.0800 3.0300 247 19 9
0.5000 0.0800 0.0000 247 19 9
0.6000 0.0800 3.0300 247 19 9
0.6000 0.0800 0.0000 247 19 9
0.7000 0.0800 3.0300 247 19 9
0.7000 0.0800 0.0000 247 19 9
0.8000 0.0800 3.0300 247 19 9
0.8000 0.0800 0.0000 247 19 9
0.9000 0.0800 3.0300 247 19 9
0.9000 0.0800 0.0000 247 19 9
1.0000 0.0800 3.0300 247 19 9
1.0000 0.0800 0.0000 247 19 9
1.1000 0.0800 3.0300 247 19 9
1.1000 0.0800 0.0000 247 19 9
1.2000 0.0800 3.0300 247 19 9
1.2000 0.0800 0.0000 247 19 9
1.3000 0.0800 3.0300 247 19 9
1.3000 0.0800 0.0000 247 19 9
1.4000 0.0800 3.0300 247 19 9
1.4000 0.0800 0.0000 247 19 9
1.5000 0.0800 3.0300 247 19 9
1.5000 0.0800 0.0000 247 19 9
1.6000 0.0800 3.0300 247 19 9
1.6000 0.0800 0.0000 247 19 9
1.7000 0.0800 3.0300 247 19 9
1.7000 0.0800 0.0000 247 19 9
1.8000 0.0800 3.0300 247 19 9
1.8000 0.0800 0.0000 247 19 9
1.9000 0.0800 3.0300 247 19 9
1.9000 0.0800 0.0000 247 19 9
2.0000 0.0800 3.0300 247 19 9
2.0000 0.0800 0.0000 247 19 9
2.1000 0.0800 3.0300 247 19 9
2.1000 0.0800 0.0000 247 19 9
2.2000 0.0800 3.0300 247 19 9
2.2000 0.0800 0.0000 247 19 9
2.3000 0.0800 3.0300 247 19 9
2.3000 0.0800 0.0000 247 19 9
2.4000 0.0800 3.0300 247 19 9
2.4000 0.0800 0.0000 247 19 9
2.5000 0.0800 3.0300 247 19 9
2.5000 0.0800 0.0000 247 19 9
2.6000 0.0800 3.0300 247 19 9
2.6000 0.0800 0.0000 247 19 9
2.6300 0.0800 0.0000 247 19 9
0.0000 0.0800 0.0000 247 19 9
2.6300 0.0800 0.1000 247 19 9
0.0000 0.0800 0.1000 247 19 9
2.6300 0.0800 0.2000 247 19 9
0.0000 0.0800 0.2000 247 19 9
2.6300 0.0800 0.3000 247 19 9
0.0000 0.0800 0.3000 247 19 9
2.6300 0.0800 0.4000 247 19 9
0.0000 0.0800 0.4000 247 19 9
2.6300 0.0800 0.5000 247 19 9
0.0000 0.0800 0.5000 247 19 9
2.6300 0.0800 0.6000 247 19 9
0.0000 0.0800 0.6000 247 19 9
2.6300 0.0800 0.7000 247 19 9
0.0000 0.0800 0.7000 247 19 9
2.6300 0.0800 0.8000 247 19 9
0.0000 0.0800 0.8000 247 19 9
2.6300 0.0800 0.9000 247 19 9
0.0000 0.0800 0.9000 247 19 9
2.6300 0.0800 1.0000 247 19 9
0.0000 0.0800 1.0000 247 19 9
2.6300 0.0800 1.1000 247 19 9
0.0000 0.0800 1.1000 247 19 9
2.6300 0.0800 1.2000 247 19 9
0.0000 0.0800 1.2000 247 19 9
2.6300 0.0800 1.3000 247 19 9
0.0000 0.0800 1.3000 247 19 9
2.6300 0.0800 1.4000 247 19 9
0.0000 0.0800 1.4000 247 19 9
2.6300 0.0800 1.5000 247 19 9
0.0000 0.0800 1.5000 247 19 9
2.6300 0.0800 1.6000 247 19 9
0.0000 0.0800 1.6000 247 19 9
2.6300 0.0800 1.7000 247 19 9
0.0000 0.0800 1.7000 247 19 9
2.6300 0.0800 1.8000 247 19 9
0.0000 0.0800 1.8000 247 19 9
2.6300 0.0800 1.9000 247 19 9
0.0000 0.0800 1.9000 247 19 9
2.6300 0.0800 2.0000 247 19 9
0.0000 0.0800 2.0000 247 19 9
2.6300 0.0800 2.1000 247 19 9
0.0000 0.0800 2.1000 247 19 9
2.6300 0.0800 2.2000 247 19 9
0.0000 0.0800 2.2000 247 19 9
2.6300 0.0800 2.3000 247 19 9
0.0000 0.0800 2.3000 247 19 9
2.6300 0.0800 2.4000 247 19 9
0.0000 0.0800 2.4000 247 19 9
2.6300 0.0800 2.5000 247 19 9
0.0000 0.0800 2.5000 247 19 9
2.6300 0.0800 2.6000 247 19 9
0.0000 0.0800 2.6000 247 19 9
2.6300 0.0800 2.7000 247 19 9
0.0000 0.0800 2.7000 247 19 9
2.6300 0.0800 2.8000 247 19 9
0.0000 0.0800 2.8000 247 19 9
2.6300 0.0800 2.9000 247 19 9
0.0000 0.0800 2.9000 247 19 9
2.6300 0.0800 3.0000 247 19 9
0.0000 0.0800 3.0000 247 19 9
0.0000 0.1748 3.0300 237 43 21
0.0000 0.1748 0.0000 237 43 21
0.1000 0.1748 3.0300 237 43 21
0.1000 0.1748 0.0000 237 43 21
0.2000 0.1748 3.0300 237 43 21
0.2000 0.1748 0.0000 237 43 21
0.3000 0.1748 3.0300 237 43 21
0.3000 0.1748 0.0000 237 43 21
0.4000 0.1748 3.0300 237 43 21
0.4000 0.1748 0.0000 237 43 21
0.5000 0.1748 3.0300 237 43 21
0.5000 0.1748 0.0000 237 43 21
0.6000 0.1748 3.0300 237 43 21
0.6000 0.1748 0.0000 237 43 21
0.7000 0.1748 3.0300 237 43 21
0.7000 0.1748 0.0000 237 43 21
0.8000 0.1748 3.0300 237 43 21
0.8000 0.1748 0.0000 237 43 21
0.9000 0.1748 3.0300 237 43 21
0.9000 0.1748 0.0000 237 43 21
1.0000 0.1748 3.0300 237 43 21
1.0000 0.1748 0.0000 237 43 21
1.1000 0.1748 3.0300 237 43 21
1.1000 0.1748 0.0000 237 43 21
1.2000 0.1748 3.0300 237 43 21
1.2000 0.1748 0.0000 237 43 21
1.3000 0.1748 3.0300 237 43 21
1.3000 0.1748 0.0000 237 43 21
1.4000 0.1748 3.0300 237 43 21
1.4000 0.1748 0.0000 237 43 21
1.5000 0.1748 3.0300 237 43 21
1.5000 0.1748 0.0000 237 43 21
1.6000 0.1748 3.0300 237 43 21
1.6000 0.1748 0.0000 237 43 21
1.7000 0.1748 3.0300 237 43 21
1.7000 0.1748 0.0000 237 43 21
1.8000 0.1748 3.0300 237 43 21
1.8000 0.1748 0.0000 237 43 21
1.9000 0.1748 3.0300 237 43 21
1.9000 0.1748 0.0000 237 43 21
2.0000 0.1748 3.0300 237 43 21
2.0000 0.1748 0.0000 237 43 21
2.1000 0.1748 3.0300 237 43 21
2.1000 0.1748 0.0000 237 43 21
2.2000 0.1748 3.0300 237 43 21
2.2000 0.1748 0.0000 237 43 21
2.3000 0.1748 3.0300 237 43 21
2.3000 0.1748 0.0000 237 43 21
2.4000 0.1748 3.0300 237 43 21
2.4000 0.1748 0.0000 237 43 21
2.5000 0.1748 3.0300 237 43 21
2.5000 0.1748 0.0000 237 43 21
2.6000 0.1748 3.0300 237 43 21
2.6000 0.1748 0.0000 237 43 21
2.6300 0.1748 0.0000 237 43 21
0.0000 0.1748 0.0000 237 43 21
2.6300 0.1748 0.1000 237 43 21
0.0000 0.1748 0.1000 237 43 21
2.6300 0.1748 0.2000 237 43 21
0.0000 0.1748 0.2000 237 43 21
2.6300 0.1748 0.3000 237 43 21
0.0000 0.1748 0.3000 237 43 21
2.6300 0.1748 0.4000 237 43 21
0.0000 0.1748 0.4000 237 43 21
2.6300 0.1748 0.5000 237 43 21
0.0000 0.1748 0.5000 237 43 21
2.6300 0.1748 0.6000 237 43 21
0.0000 0.1748 0.6000 237 43 21
2.6300 0.1748 0.7000 237 43 21
0.0000 0.1748 0.7000 237 43 21
2.6300 0.1748 0.8000 237 43 21
0.0000 0.1748 0.8000 237 43 21
2.6300 0.1748 0.9000 237 43 21
0.0000 0.1748 0.9000 237 43 21
2.6300 0.1748 1.0000 237 43 21
0.0000 0.1748 1.0000 237 43 21
2.6300 0.1748 1.1000 237 43 21
0.0000 0.1748 1.1000 237 43 21
2.6300 0.1748 1.2000 237 43 21
0.0000 0.1748 1.2000 237 43 21
2.6300 0.1748 1.3000 237 43 21
0.0000 0.1748 1.3000 237 43 21
2.6300 0.1748 1.4000 237 43 21
0.0000 0.1748 1.4000 237 43 21
2.6300 0.1748 1.5000 237 43 21
0.0000 0.1748 1.5000 237 43 21
2.6300 0.1748 1.6000 237 43 21
0.0000 0.1748 1.6000 237 43 21
2.6300 0.1748 1.7000 237 43 21
0.0000 0.1748 1.7000 237 43 21
2.6300 0.1748 1.8000 237 43 21
0.0000 0.1748 1.8000 237 43 21
2.6300 0.1748 1.9000 237 43 21
0.0000 0.1748 1.9000 237 43 21
2.6300 0.1748 2.0000 237 43 21
0.0000 0.1748 2.0000 237 43 21
2.6300 0.1748 2.1000 237 43 21
0.0000 0.1748 2.1000 237 43 21
2.6300 0.1748 2.2000 237 43 21
0.0000 0.1748 2.2000 237 43 21
2.6300 0.1748 2.3000 237 43 21
0.0000 0.1748 2.3000 237 43 21
2.6300 0.1748 2.4000 237 43 21
0.0000 0.1748 2.4000 237 43 21
2.6300 0.1748 2.5000 237 43 21
0.0000 0.1748 2.5000 237 43 21
2.6300 0.1748 2.6000 237 43 21
0.0000 0.1748 2.6000 237 43 21
2.6300 0.1748 2.7000 237 43 21
0.0000 0.1748 2.7000 237 43 21
2.6300 0.1748 2.8000 237 43 21
0.0000 0.1748 2.8000 237 43 21
2.6300 0.1748 2.9000 237 43 21
0.0000 0.1748 2.9000 237 43 21
2.6300 0.1748 3.0000 237 43 21
0.0000 0.1748 3.0000 237 43 21
0.0000 0.2695 3.0300 228 66 33
0.0000 0.2695 0.0000 228 66 33
0.1000 0.2695 3.0300 228 66 33
0.1000 0.2695 0.0000 228 66 33
0.2000 0.2695 3.0300 228 66 33
0.2000 0.2695 0.0000 228 66 33
0.3000 0.2695 3.0300 228 66 33
0.3000 0.2695 0.0000 228 66 33
0.4000 0.2695 3.0300 228 66 33
0.4000 0.2695 0.0000 228 66 33
0.5000 0.2695 3.0300 228 66 33
0.5000 0.2695 0.0000 228 66 33
0.6000 0.2695 3.0300 228 66 33
0.6000 0.2695 0.0000 228 66 33
0.7000 0.2695 3.0300 228 66 33
0.7000 0.2695 0.0000 228 66 33
0.8000 0.2695 3.0300 228 66 33
0.8000 0.2695 0.0000 228 66 33
0.9000 0.2695 3.0300 228 66 33
0.9000 0.2695 0.0000 228 66 33
1.0000 0.2695 3.0300 228 66 33
1.0000 0.2695 0.0000 228 66 33
1.1000 0.2695 3.0300 228 66 33
1.1000 0.2695 0.0000 228 66 33
1.2000 0.2695 3.0300 228 66 33
1.2000 0.2695 0.0000 228 66 33
1.3000 0.2695 3.0300 228 66 33
1.3000 0.2695 0.0000 228 66 33
1.4000 0.2695 3.0300 228 66 33
1.4000 0.2695 0.0000 228 66 33
1.5000 0.2695 3.0300 228 66 33
1.5000 0.2695 0.0000 228 66 33
1.6000 0.2695 3.0300 228 66 33
1.6000 0.2695 0.0000 228 66 33
1.7000 0.2695 3.0300 228 66 33
1.7000 0.2695 0.0000 228 66 33
1.8000 0.2695 3.0300 228 66 33
1.8000 0.2695 0.0000 228 66 33
1.9000 0.2695 3.0300 228 66 33
1.9000 0.2695 0.0000 228 66 33
2.0000 0.2695 3.0300 228 66 33
2.0000 0.2695 0.0000 228 66 33
2.1000 0.2695 3.0300 228 66 33
2.1000 0.2695 0.0000 228 66 33
2.2000 0.2695 3.0300 228 66 33
2.2000 0.2695 0.0000 228 66 33
2.3000 0.2695 3.0300 228 66 33
2.3000 0.2695 0.0000 228 66 33
2.4000 0.2695 3.0300 228 66 33
2.4000 0.2695 0.0000 228 66 33
2.5000 0.2695 3.0300 228 66 33
2.5000 0.2695 0.0000 228 66 33
2.6000 0.2695 3.0300 228 66 33
2.6000 0.2695 0.0000 228 66 33
2.6300 0.2695 0.0000 228 66 33
0.0000 0.2695 0.0000 228 66 33
2.6300 0.2695 0.1000 228 66 33
0.0000 0.2695 0.1000 228 66 33
2.6300 0.2695 0.2000 228 66 33
0.0000 0.2695 0.2000 228 66 33
2.6300 0.2695 0.3000 228 66 33
0.0000 0.2695 0.3000 228 66 33
2.6300 0.2695 0.4000 228 66 33
0.0000 0.2695 0.4000 228 66 33
2.6300 0.2695 0.5000 228 66 33
0.0000 0.2695 0.5000 228 66 33
2.6300 0.2695 0.6000 228 66 33
0.0000 0.2695 0.6000 228 66 33
2.6300 0.2695 0.7000 228 66 33
0.0000 0.2695 0.7000 228 66 33
2.6300 0.2695 0.8000 228 66 33
0.0000 0.2695 0.8000 228 66 33
2.6300 0.2695 0.9000 228 66 33
0.0000 0.2695 0.9000 228 66 33
2.6300 0.2695 1.0000 228 66 33
0.0000 0.2695 1.0000 228 66 33
2.6300 0.2695 1.1000 228 66 33
0.0000 0.2695 1.1000 228 66 33
2.6300 0.2695 1.2000 228 66 33
0.0000 0.2695 1.2000 228 66 33
2.6300 0.2695 1.3000 228 66 33
0.0000 0.2695 1.3000 228 66 33
2.6300 0.2695 1.4000 228 66 33
0.0000 0.2695 1.4000 228 66 33
2.6300 0.2695 1.5000 228 66 33
0.0000 0.2695 1.5000 228 66 33
2.6300 0.2695 1.6000 228 66 33
0.0000 0.2695 1.6000 228 66 33
2.6300 0.2695 1.7000 228 66 33
0.0000 0.2695 1.7000 228 66 33
2.6300 0.2695 1.8000 228 66 33
0.0000 0.2695 1.8000 228 66 33
2.6300 0.2695 1.9000 228 66 33
0.0000 0.2695 1.9000 228 66 33
2.6300 0.2695 2.0000 228 66 33
0.0000 0.2695 2.0000 228 66 33
2.6300 0.2695 2.1000 228 66 33
0.0000 0.2695 2.1000 228 66 33
2.6300 0.2695 2.2000 228 66 33
0.0000 0.2695 2.2000 228 66 33
2.6300 0.2695 2.3000 228 66 33
0.0000 0.2695 2.3000 228 66 33
2.6300 0.2695 2.4000 228 66 33
0.0000 0.2695 2.4000 228 66 33
2.6300 0.2695 2.5000 228 66 33
0.0000 0.2695 2.5000 228 66 33
2.6300 0.2695 2.6000 228 66 33
0.0000 0.2695 2.6000 228 66 33
2.6300 0.2695 2.7000 228 66 33
0.0000 0.2695 2.7000 228 66 33
2.6300 0.2695 2.8000 228 66 33
0.0000 0.2695 2.8000 228 66 33
2.6300 0.2695 2.9000 228 66 33
0.0000 0.2695 2.9000 228 66 33
2.6300 0.2695 3.0000 228 66 33
0.0000 0.2695 3.0000 228 66 33
0.0000 0.3643 3.0300 219 89 44
0.0000 0.3643 0.0000 219 89 44
0.1000 0.3643 3.0300 219 89 44
0.1000 0.3643 0.0000 219 89 44
0.2000 0.3643 3.0300 219 89 44
0.2000 0.3643 0.0000 219 89 44
0.3000 0.3643 3.0300 219 89 44
0.3000 0.3643 0.0000 219 89 44
0.4000 0.3643 3.0300 219 89 44
0.4000 0.3643 0.0000 219 89 44
0.5000 0.3643 3.0300 219 89 44
0.5000 0.3643 0.0000 219 89 44
0.6000 0.3643 3.0300 219 89 44
0.6000 0.3643 0.0000 219 89 44
0.7000 0.3643 3.0300 219 89 44
0.7000 0.3643 0.0000 219 89 44
0.8000 0.3643 3.0300 219 89 44
0.8000 0.3643 0.0000 219 89 44
0.9000 0.3643 3.0300 219 89 44
0.9000 0.3643 0.0000 219 89 44
1.0000 0.3643 3.0300 219 89 44
1.0000 0.3643 0.0000 219 89 44
1.1000 0.3643 3.0300 219 89 44
1.1000 0.3643 0.0000 219 89 44
1.2000 0.3643 3.0300 219 89 44
1.2000 0.3643 0.0000 219 89 44
1.3000 0.3643 3.0300 219 89 44
1.3000 0.3643 0.0000 219 89 44
1.4000 0.3643 3.0300 219 89 44
1.4000 0.3643 0.0000 219 89 44
1.5000 0.3643 3.0300 219 89 44
1.5000 0.3643 0.0000 219 89 44
1.6000 0.3643 3.0300 219 89 44
1.6000 0.3643 0.0000 219 89 44
1.7000 0.3643 3.0300 219 89 44
1.7000 0.3643 0.0000 219 89 44
1.8000 0.3643 3.0300 219 89 44
1.8000 0.3643 0.0000 219 89 44
1.9000 0.3643 3.0300 219 89 44
1.9000 0.3643 0.0000 219 89 44
2.0000 0.3643 3.0300 219 89 44
2.0000 0.3643 0.0000 219 89 44
2.1000 0.3643 3.0300 219 89 44
2.1000 0.3643 0.0000 219 89 44
2.2000 0.3643 3.0300 219 89 44
2.2000 0.3643 0.0000 219 89 44
2.3000 0.3643 3.0300 219 89 44
2.3000 0.3643 0.0000 219 89 44
2.4000 0.3643 3.0300 219 89 44
2.4000 0.3643 0.0000 219 89 44
2.5000 0.3643 3.0300 219 89 44
2.5000 0.3643 0.0000 219 89 44
2.6000 0.3643 3.0300 219 89 44
2.6000 0.3643 0.0000 219 89 44
2.6300 0.3643 0.0000 219 89 44
0.0000 0.3643 0.0000 219 89 44
2.6300 0.3643 0.1000 219 89 44
0.0000 0.3643 0.1000 219 89 44
2.6300 0.3643 0.2000 219 89 44
0.0000 0.3643 0.2000 219 89 44
2.6300 0.3643 0.3000 219 89 44
0.0000 0.3643 0.3000 219 89 44
2.6300 0.3643 0.4000 219 89 44
0.0000 0.3643 0.4000 219 89 44
2.6300 0.3643 0.5000 219 89 44
0.0000 0.3643 0.5000 219 89 44
2.6300 0.3643 0.6000 219 89 44
0.0000 0.3643 0.6000 219 89 44
2.6300 0.3643 0.7000 219 89 44
0.0000 0.3643 0.7000 219 89 44
2.6300 0.3643 0.8000 219 89 44
0.0000 0.3643 0.8000 219 89 44
2.6300 0.3643 0.9000 219 89 44
0.0000 0.3643 0.9000 219 89 44
2.6300 0.3643 1.0000 219 89 44
0.0000 0.3643 1.0000 219 89 44
2.6300 0.3643 1.1000 219 89 44
0.0000 0.3643 1.1000 219 89 44
2.6300 0.3643 1.2000 219 89 44
0.0000 0.3643 1.2000 219 89 44
2.6300 0.3643 1.3000 219 89 44
0.0000 0.3643 1.3000 219 89 44
2.6300 0.3643 1.4000 219 89 44
0.0000 0.3643 1.4000 219 89 44
2.6300 0.3643 1.5000 219 89 44
0.0000 0.3643 1.5000 219 89 44
2.6300 0.3643 1.6000 219 89 44
0.0000 0.3643 1.6000 219 89 44
2.6300 0.3643 1.7000 219 89 44
0.0000 0.3643 1.7000 219 89 44
2.6300 0.3643 1.8000 219 89 44
0.0000 0.3643 1.8000 219 89 44
2.6300 0.3643 1.9000 219 89 44
0.0000 0.3643 1.9000 219 89 44
2.6300 0.3643 2.0000 219 89 44
0.0000 0.3643 2.0000 219 89 44
2.6300 0.3643 2.1000 219 89 44
0.0000 0.3643 2.1000 219 89 44
2.6300 0.3643 2.2000 219 89 44
0.0000 0.3643 2.2000 219 89 44
2.6300 0.3643 2.3000 219 89 44
0.0000 0.3643 2.3000 219 89 44
2.6300 0.3643 2.4000 219 89 44
0.0000 0.3643 2.4000 219 89 44
2.6300 0.3643 2.5000 219 89 44
0.0000 0.3643 2.5000 219 89 44
2.6300 0.3643 2.6000 219 89 44
0.0000 0.3643 2.6000 219 89 44
2.6300 0.3643 2.7000 219 89 44
0.0000 0.3643 2.7000 219 89 44
2.6300 0.3643 2.8000 219 89 44
0.0000 0.3643 2.8000 219 89 44
2.6300 0.3643 2.9000 219 89 44
0.0000 0.3643 2.9000 219 89 44
2.6300 0.3643 3.0000 219 89 44
0.0000 0.3643 3.0000 219 89 44
0.0000 0.4590 3.0300 209 113 56
0.0000 0.4590 0.0000 209 113 56
0.1000 0.4590 3.0300 209 113 56
0.1000 0.4590 0.0000 209 113 56
0.2000 0.4590 3.0300 209 113 56
0.2000 0.4590 0.0000 209 113 56
0.3000 0.4590 3.0300 209 113 56
0.3000 0.4590 0.0000 209 113 56
0.4000 0.4590 3.0300 209 113 56
0.4000 0.4590 0.0000 209 113 56
0.5000 0.4590 3.0300 209 113 56
0.5000 0.4590 0.0000 209 113 56
0.6000 0.4590 3.0300 209 113 56
0.6000 0.4590 0.0000 209 113 56
0.7000 0.4590 3.0300 209 113 56
0.7000 0.4590 0.0000 209 113 56
0.8000 0.4590 3.0300 209 113 56
0.8000 0.4590 0.0000 209 113 56
0.9000 0.4590 3.0300 209 113 56
0.9000 0.4590 0.0000 209 113 56
1.0000 0.4590 3.0300 209 113 56
1.0000 0.4590 0.0000 209 113 56
1.1000 0.4590 3.0300 209 113 56
1.1000 0.4590 0.0000 209 113 56
1.2000 0.4590 3.0300 209 113 56
1.2000 0.4590 0.0000 209 113 56
1.3000 0.4590 3.0300 209 113 56
1.3000 0.4590 0.0000 209 113 56
1.4000 0.4590 3.0300 209 113 56
1.4000 0.4590 0.0000 209 113 56
1.5000 0.4590 3.0300 209 113 56
1.5000 0.4590 0.0000 209 113 56
1.6000 0.4590 3.0300 209 113 56
1.6000 0.4590 0.0000 209 113 56
1.7000 0.4590 3.0300 209 113 56
1.7000 0.4590 0.0000 209 113 56
1.8000 0.4590 3.0300 209 113 56
1.8000 0.4590 0.0000 209 113 56
1.9000 0.4590 3.0300 209 113 56
1.9000 0.4590 0.0000 209 113 56
2.0000 0.4590 3.0300 209 113 56
2.0000 0.4590 0.0000 209 113 56
2.1000 0.4590 3.0300 209 113 56
2.1000 0.4590 0.0000 209 113 56
2.2000 0.4590 3.0300 209 113 56
2.2000 0.4590 0.0000 209 113 56
2.3000 0.4590 3.0300 209 113 56
2.3000 0.4590 0.0000 209 113 56
2.4000 0.4590 3.0300 209 113 56
2.4000 0.4590 0.0000 209 113 56
2.5000 0.4590 3.0300 209 113 56
2.5000 0.4590 0.0000 209 113 56
2.6000 0.4590 3.0300 209 113 56
2.6000 0.4590 0.0000 209 113 56
2.6300 0.4590 0.0000 209 113 56
0.0000 0.4590 0.0000 209 113 56
2.6300 0.4590 0.1000 209 113 56
0.0000 0.4590 0.1000 209 113 56
2.6300 0.4590 0.2000 209 113 56
0.0000 0.4590 0.2000 209 113 56
2.6300 0.4590 0.3000 209 113 56
0.0000 0.4590 0.3000 209 113 56
2.6300 0.4590 0.4000 209 113 56
0.0000 0.4590 0.4000 209 113 56
2.6300 0.4590 0.5000 209 113 56
0.0000 0.4590 0.5000 209 113 56
2.6300 0.4590 0.6000 209 113 56
0.0000 0.4590 0.6000 209 113 56
2.6300 0.4590 0.7000 209 113 56
0.0000 0.4590 0.7000 209 113 56
2.6300 0.4590 0.8000 209 113 56
0.0000 0.4590 0.8000 209 113 56
2.6300 0.4590 0.9000 209 113 56
0.0000 0.4590 0.9000 209 113 56
2.6300 0.4590 1.0000 209 113 56
0.0000 0.4590 1.0000 209 113 56
2.6300 0.4590 1.1000 209 113 56
0.0000 0.4590 1.1000 209 113 56
2.6300 0.4590 1.2000 209 113 56
0.0000 0.4590 1.2000 209 113 56
2.6300 0.4590 1.3000 209 113 56
0.0000 0.4590 1.3000 209 113 56
2.6300 0.4590 1.4000 209 113 56
0.0000 0.4590 1.4000 209 113 56
2.6300 0.4590 1.5000 209 113 56
0.0000 0.4590 1.5000 209 113 56
2.6300 0.4590 1.6000 209 113 56
0.0000 0.4590 1.6000 209 113 56
2.6300 0.4590 1.7000 209 113 56
0.0000 0.4590 1.7000 209 113 56
2.6300 0.4590 1.8000 209 113 56
0.0000 0.4590 1.8000 209 113 56
2.6300 0.4590 1.9000 209 113 56
0.0000 0.4590 1.9000 209 113 56
2.6300 0.4590 2.0000 209 113 56
0.0000 0.4590 2.0000 209 113 56
2.6300 0.4590 2.1000 209 113 56
0.0000 0.4590 2.1000 209 113 56
2.6300 0.4590 2.2000 209 113 56
0.0000 0.4590 2.2000 209 113 56
2.6300 0.4590 2.3000 209 113 56
0.0000 0.4590 2.3000 209 113 56
2.6300 0.4590 2.4000 209 113 56
0.0000 0.4590 2.4000 209 113 56
2.6300 0.4590 2.5000 209 113 56
0.0000 0.4590 2.5000 209 113 56
2.6300 0.4590 2.6000 209 113 56
0.0000 0.4590 2.6000 209 113 56
2.6300 0.4590 2.7000 209 113 56
0.0000 0.4590 2.7000 209 113 56
2.6300 0.4590 2.8000 209 113 56
0.0000 0.4590 2.8000 209 113 56
2.6300 0.4590 2.9000 209 113 56
0.0000 0.4590 2.9000 209 113 56
2.6300 0.4590 3.0000 209 113 56
0.0000 0.4590 3.0000 209 113 56
0.0000 0.5538 3.0300 200 136 68
0.0000 0.5538 0.0000 200 136 68
0.1000 0.5538 3.0300 200 136 68
0.1000 0.5538 0.0000 200 136 68
0.2000 0.5538 3.0300 200 136 68
0.2000 0.5538 0.0000 200 136 68
0.3000 0.5538 3.0300 200 136 68
0.3000 0.5538 0.0000 200 136 68
0.4000 0.5538 3.0300 200 136 68
0.4000 0.5538 0.0000 200 136 68
0.5000 0.5538 3.0300 200 136 68
0.5000 0.5538 0.0000 200 136 68
0.6000 0.5538 3.0300 200 136 68
0.6000 0.5538 0.0000 200 136 68
0.7000 0.5538 3.0300 200 136 68
0.7000 0.5538 0.0000 200 136 68
0.8000 0.5538 3.0300 200 136 68
0.8000 0.5538 0.0000 200 136 68
0.9000 0.5538 3.0300 200 136 68
0.9000 0.5538 0.0000 200 136 68
1.0000 0.5538 3.0300 200 136 68
1.0000 0.5538 0.0000 200 136 68
1.1000 0.5538 3.0300 200 136 68
1.1000 0.5538 0.0000 200 136 68
1.2000 0.5538 3.0300 200 136 68
1.2000 0.5538 0.0000 200 136 68
1.3000 0.5538 3.0300 200 136 68
1.3000 0.5538 0.0000 200 136 68
1.4000 0.5538 3.0300 200 136 68
1.4000 0.5538 0.0000 200 136 68
1.5000 0.5538 3.0300 200 136 68
1.5000 0.5538 0.0000 200 136 68
1.6000 0.5538 3.0300 200 136 68
1.6000 0.5538 0.0000 200 136 68
1.7000 0.5538 3.0300 200 136 68
1.7000 0.5538 0.0000 200 136 68
1.8000 0.5538 3.0300 200 136 68
1.8000 0.5538 0.0000 200 136 68
1.9000 0.5538 3.0300 200 136 68
1.9000 0.5538 0.0000 200 136 68
2.0000 0.5538 3.0300 200 136 68
2.0000 0.5538 0.0000 200 136 68
2.1000 0.5538 3.0300 200 136 68
2.1000 0.5538 0.0000 200 136 68
2.2000 0.5538 3.0300 200 136 68
2.2000 0.5538 0.0000 200 136 68
2.3000 0.5538 3.0300 200 136 68
2.3000 0.5538 0.0000 200 136 68
2.4000 0.5538 3.0300 200 136 68
2.4000 0.5538 0.0000 200 136 68
2.5000 0.5538 3.0300 200 136 68
2.5000 0.5538 0.0000 200 136 68
2.6000 0.5538 3.0300 200 136 68
2.6000 0.5538 0.0000 200 136 68
2.6300 0.5538 0.0000 200 136 68
0.0000 0.5538 0.0000 200 136 68
2.6300 0.5538 0.1000 200 136 68
0.0000 0.5538 0.1000 200 136 68
2.6300 0.5538 0.2000 200 136 68
0.0000 0.5538 0.2000 200 136 68
2.6300 0.5538 0.3000 200 136 68
0.0000 0.5538 0.3000 200 136 68
2.6300 0.5538 0.4000 200 136 68
0.0000 0.5538 0.4000 200 136 68
2.6300 0.5538 0.5000 200 136 68
0.0000 0.5538 0.5000 200 136 68
2.6300 0.5538 0.6000 200 136 68
0.0000 0.5538 0.6000 200 136 68
2.6300 0.5538 0.7000 200 136 68
0.0000 0.5538 0.7000 200 136 68
2.6300 0.5538 0.8000 200 136 68
0.0000 0.5538 0.8000 200 136 68
2.6300 0.5538 0.9000 200 136 68
0.0000 0.5538 0.9000 200 136 68
2.6300 0.5538 1.0000 200 136 68
0.0000 0.5538 1.0000 200 136 68
2.6300 0.5538 1.1000 200 136 68
0.0000 0.5538 1.1000 200 136 68
2.6300 0.5538 1.2000 200 136 68
0.0000 0.5538 1.2000 200 136 68
2.6300 0.5538 1.3000 200 136 68
0.0000 0.5538 1.3000 200 136 68
2.6300 0.5538 1.4000 200 136 68
0.0000 0.5538 1.4000 200 136 68
2.6300 0.5538 1.5000 200 136 68
0.0000 0.5538 1.5000 200 136 68
2.6300 0.5538 1.6000 200 136 68
0.0000 0.5538 1.6000 200 136 68
2.6300 0.5538 1.7000 200 136 68
0.0000 0.5538 1.7000 200 136 68
2.6300 0.5538 1.8000 200 136 68
0.0000 0.5538 1.8000 200 136 68
2.6300 0.5538 1.9000 200 136 68
0.0000 0.5538 1.9000 200 136 68
2.6300 0.5538 2.0000 200 136 68
0.0000 0.5538 2.0000 200 136 68
2.6300 0.5538 2.1000 200 136 68
0.0000 0.5538 2.1000 200 136 68
2.6300 0.5538 2.2000 200 136 68
0.0000 0.5538 2.2000 200 136 68
2.6300 0.5538 2.3000 200 136 68
0.0000 0.5538 2.3000 200 136 68
2.6300 0.5538 2.4000 200 136 68
0.0000 0.5538 2.4000 200 136 68
2.6300 0.5538 2.5000 200 136 68
0.0000 0.5538 2.5000 200 136 68
2.6300 0.5538 2.6000 200 136 68
0.0000 0.5538 2.6000 200 136 68
2.6300 0.5538 2.7000 200 136 68
0.0000 0.5538 2.7000 200 136 68
2.6300 0.5538 2.8000 200 136 68
0.0000 0.5538 2.8000 200 136 68
2.6300 0.5538 2.9000 200 136 68
0.0000 0.5538 2.9000 200 136 68
2.6300 0.5538 3.0000 200 136 68
0.0000 0.5538 3.0000 200 136 68
0.0000 0.6486 3.0300 191 159 79
0.0000 0.6486 0.0000 191 159 79
0.1000 0.6486 3.0300 191 159 79
0.1000 0.6486 0.0000 191 159 79
0.2000 0.6486 3.0300 191 159 79
0.2000 0.6486 0.0000 191 159 79
0.3000 0.6486 3.0300 191 159 79
0.3000 0.6486 0.0000 191 159 79
0.4000 0.6486 3.0300 191 159 79
0.4000 0.6486 0.0000 191 159 79
0.5000 0.6486 3.0300 191 159 79
0.5000 0.6486 0.0000 191 159 79
0.6000 0.6486 3.0300 191 159 79
0.6000 0.6486 0.0000 191 159 79
0.7000 0.6486 3.0300 191 159 79
0.7000 0.6486 0.0000 191 159 79
0.8000 0.6486 3.0300 191 159 79
0.8000 0.6486 0.0000 191 159 79
0.9000 0.6486 3.0300 191 159 79
0.9000 0.6486 0.0000 191 159 79
1.0000 0.6486 3.0300 191 159 79
1.0000 0.6486 0.0000 191 159 79
1.1000 0.6486 3.0300 191 159 79
1.1000 0.6486 0.0000 191 159 79
1.2000 0.6486 3.0300 191 159 79
1.2000 0.6486 0.0000 191 159 79
1.3000 0.6486 3.0300 191 159 79
1.3000 0.6486 0.0000 191 159 79
1.4000 0.6486 3.0300 191 159 79
1.4000 0.6486 0.0000 191 159 79
1.5000 0.6486 3.0300 191 159 79
1.5000 0.6486 0.0000 191 159 79
1.6000 0.6486 3.0300 191 159 79
1.6000 0.6486 0.0000 191 159 79
1.7000 0.6486 3.0300 191 159 79
1.7000 0.6486 0.0000 191 159 79
1.8000 0.6486 3.0300 191 159 79
1.8000 0.6486 0.0000 191 159 79
1.9000 0.6486 3.0300 191 159 79
1.9000 0.6486 0.0000 191 159 79
2.0000 0.6486 3.0300 191 159 79
2.0000 0.6486 0.0000 191 159 79
2.1000 0.6486 3.0300 191 159 79
2.1000 0.6486 0.0000 191 159 79
2.2000 0.6486 3.0300 191 159 79
2.2000 0.6486 0.0000 191 159 79
2.3000 0.6486 3.0300 191 159 79
2.3000 0.6486 0.0000 191 159 79
2.4000 0.6486 3.0300 191 159 79
2.4000 0.6486 0.0000 191 159 79
2.5000 0.6486 3.0300 191 159 79
2.5000 0.6486 0.0000 191 159 79
2.6000 0.6486 3.0300 191 159 79
2.6000 0.6486 0.0000 191 159 79
2.6300 0.6486 0.0000 191 159 79
0.0000 0.6486 0.0000 191 159 79
2.6300 0.6486 0.1000 191 159 79
0.0000 0.6486 0.1000 191 159 79
2.6300 0.6486 0.2000 191 159 79
0.0000 0.6486 0.2000 191 159 79
2.6300 0.6486 0.3000 191 159 79
0.0000 0.6486 0.3000 191 159 79
2.6300 0.6486 0.4000 191 159 79
0.0000 0.6486 0.4000 191 159 79
2.6300 0.6486 0.5000 191 159 79
0.0000 0.6486 0.5000 191 159 79
2.6300 0.6486 0.6000 191 159 79
0.0000 0.6486 0.6000 191 159 79
2.6300 0.6486 0.7000 191 159 79
0.0000 0.6486 0.7000 191 159 79
2.6300 0.6486 0.8000 191 159 79
0.0000 0.6486 0.8000 191 159 79
2.6300 0.6486 0.9000 191 159 79
0.0000 0.6486 0.9000 191 159 79
2.6300 0.6486 1.0000 191 159 79
0.0000 0.6486 1.0000 191 159 79
2.6300 0.6486 1.1000 191 159 79
0.0000 0.6486 1.1000 191 159 79
2.6300 0.6486 1.2000 191 159 79
0.0000 0.6486 1.2000 191 159 79
2.6300 0.6486 1.3000 191 159 79
0.0000 0.6486 1.3000 191 159 79
2.6300 0.6486 1.4000 191 159 79
0.0000 0.6486 1.4000 191 159 79
2.6300 0.6486 1.5000 191 159 79
0.0000 0.6486 1.5000 191 159 79
2.6300 0.6486 1.6000 191 159 79
0.0000 0.6486 1.6000 191 159 79
2.6300 0.6486 1.7000 191 159 79
0.0000 0.6486 1.7000 191 159 79
2.6300 0.6486 1.8000 191 159 79
0.0000 0.6486 1.8000 191 159 79
2.6300 0.6486 1.9000 191 159 79
0.0000 0.6486 1.9000 191 159 79
2.6300 0.6486 2.0000 191 159 79
0.0000 0.6486 2.0000 191 159 79
2.6300 0.6486 2.1000 191 159 79
0.0000 0.6486 2.1000 191 159 79
2.6300 0.6486 2.2000 191 159 79
0.0000 0.6486 2.2000 191 159 79
2.6300 0.6486 2.3000 191 159 79
0.0000 0.6486 2.3000 191 159 79
2.6300 0.6486 2.4000 191 159 79
0.0000 0.6486 2.4000 191 159 79
2.6300 0.6486 2.5000 191 159 79
0.0000 0.6486 2.5000 191 159 79
2.6300 0.6486 2.6000 191 159 79
0.0000 0.6486 2.6000 191 159 79
2.6300 0.6486 2.7000 191 159 79
0.0000 0.6486 2.7000 191 159 79
2.6300 0.6486 2.8000 191 159 79
0.0000 0.6486 2.8000 191 159 79
2.6300 0.6486 2.9000 191 159 79
0.0000 0.6486 2.9000 191 159 79
2.6300 0.6486 3.0000 191 159 79
0.0000 0.6486 3.0000 191 159 79
0.0000 0.7433 3.0300 181 183 91
0.0000 0.7433 0.0000 181 183 91
0.1000 0.7433 3.0300 181 183 91
0.1000 0.7433 0.0000 181 183 91
0.2000 0.7433 3.0300 181 183 91
0.2000 0.7433 0.0000 181 183 91
0.3000 0.7433 3.0300 181 183 91
0.3000 0.7433 0.0000 181 183 91
0.4000 0.7433 3.0300 181 183 91
0.4000 0.7433 0.0000 181 183 91
0.5000 0.7433 3.0300 181 183 91
0.5000 0.7433 0.0000 181 183 91
0.6000 0.7433 3.0300 181 183 91
0.6000 0.7433 0.0000 181 183 91
0.7000 0.7433 3.0300 181 183 91
0.7000 0.7433 0.0000 181 183 91
0.8000 0.7433 3.0300 181 183 91
0.8000 0.7433 0.0000 181 183 91
0.9000 0.7433 3.0300 181 183 91
0.9000 0.7433 0.0000 181 183 91
1.0000 0.7433 3.0300 181 183 91
1.0000 0.7433 0.0000 181 183 91
1.1000 0.7433 3.0300 181 183 91
1.1000 0.7433 0.0000 181 183 91
1.2000 0.7433 3.0300 181 183 91
1.2000 0.7433 0.0000 181 183 91
1.3000 0.7433 3.0300 181 183 91
1.3000 0.7433 0.0000 181 183 91
1.4000 0.7433 3.0300 181 183 91
1.4000 0.7433 0.0000 181 183 91
1.5000 0.7433 3.0300 181 183 91
1.5000 0.7433 0.0000 181 183 91
1.6000 0.7433 3.0300 181 183 91
1.6000 0.7433 0.0000 181 183 91
1.7000 0.7433 3.0300 181 183 91
1.7000 0.7433 0.0000 181 183 91
1.8000 0.7433 3.0300 181 183 91
1.8000 0.7433 0.0000 181 183 91
1.9000 0.7433 3.0300 181 183 91
1.9000 0.7433 0.0000 181 183 91
2.0000 0.7433 3.0300 181 183 91
2.0000 0.7433 0.0000 181 183 91
2.1000 0.7433 3.0300 181 183 91
2.1000 0.7433 0.0000 181 183 91
2.2000 0.7433 3.0300 181 183 91
2.2000 0.7433 0.0000 181 183 91
2.3000 0.7433 3.0300 181 183 91
2.3000 0.7433 0.0000 181 183 91
2.4000 0.7433 3.0300 181 183 91
2.4000 0.7433 0.0000 181 183 91
2.5000 0.7433 3.0300 181 183 91
2.5000 0.7433 0.0000 181 183 91
2.6000 0.7433 3.0300 181 183 91
2.6000 0.7433 0.0000 181 183 91
2.6300 0.7433 0.0000 181 183 91
0.0000 0.7433 0.0000 181 183 91
2.6300 0.7433 0.1000 181 183 91
0.0000 0.7433 0.1000 181 183 91
2.6300 0.7433 0.2000 181 183 91
0.0000 0.7433 0.2000 181 183 91
2.6300 0.7433 0.3000 181 183 91
0.0000 0.7433 0.3000 181 183 91
2.6300 0.7433 0.4000 181 183 91
0.0000 0.7433 0.4000 181 183 91
2.6300 0.7433 0.5000 181 183 91
0.0000 0.7433 0.5000 181 183 91
2.6300 0.7433 0.6000 181 183 91
0.0000 0.7433 0.6000 181 183 91
2.6300 0.7433 0.7000 181 183 91
0.0000 0.7433 0.7000 181 183 91
2.6300 0.7433 0.8000 181 183 91
0.0000 0.7433 0.8000 181 183 91
2.6300 0.7433 0.9000 181 183 91
0.0000 0.7433 0.9000 181 183 91
2.6300 0.7433 1.0000 181 183 91
0.0000 0.7433 1.0000 181 183 91
2.6300 0.7433 1.1000 181 183 91
0.0000 0.7433 1.1000 181 183 91
2.6300 0.7433 1.2000 181 183 91
0.0000 0.7433 1.2000 181 183 91
2.6300 0.7433 1.3000 181 183 91
0.0000 0.7433 1.3000 181 183 91
2.6300 0.7433 1.4000 181 183 91
0.0000 0.7433 1.4000 181 183 91
2.6300 0.7433 1.5000 181 183 91
0.0000 0.7433 1.5000 181 183 91
2.6300 0.7433 1.6000 181 183 91
0.0000 0.7433 1.6000 181 183 91
2.6300 0.7433 1.7000 181 183 91
0.0000 0.7433 1.7000 181 183 91
2.6300 0.7433 1.8000 181 183 91
0.0000 0.7433 1.8000 181 183 91
2.6300 0.7433 1.9000 181 183 91
0.0000 0.7433 1.9000 181 183 91
2.6300 0.7433 2.0000 181 183 91
0.0000 0.7433 2.0000 181 183 91
2.6300 0.7433 2.1000 181 183 91
0.0000 0.7433 2.1000 181 183 91
2.6300 0.7433 2.2000 181 183 91
0.0000 0.7433 2.2000 181 183 91
2.6300 0.7433 2.3000 181 183 91
0.0000 0.7433 2.3000 181 183 91
2.6300 0.7433 2.4000 181 183 91
0.0000 0.7433 2.4000 181 183 91
2.6300 0.7433 2.5000 181 183 91
0.0000 0.7433 2.5000 181 183 91
2.6300 0.7433 2.6000 181 183 91
0.0000 0.7433 2.6000 181 183 91
2.6300 0.7433 2.7000 181 183 91
0.0000 0.7433 2.7000 181 183 91
2.6300 0.7433 2.8000 181 183 91
0.0000 0.7433 2.8000 181 183 91
2.6300 0.7433 2.9000 181 183 91
0.0000 0.7433 2.9000 181 183 91
2.6300 0.7433 3.0000 181 183 91
0.0000 0.7433 3.0000 181 183 91
0.0000 0.8381 3.0300 172 206 103
0.0000 0.8381 0.0000 172 206 103
0.1000 0.8381 3.0300 172 206 103
0.1000 0.8381 0.0000 172 206 103
0.2000 0.8381 3.0300 172 206 103
0.2000 0.8381 0.0000 172 206 103
0.3000 0.8381 3.0300 172 206 103
0.3000 0.8381 0.0000 172 206 103
0.4000 0.8381 3.0300 172 206 103
0.4000 0.8381 0.0000 172 206 103
0.5000 0.8381 3.0300 172 206 103
0.5000 0.8381 0.0000 172 206 103
0.6000 0.8381 3.0300 172 206 103
0.6000 0.8381 0.0000 172 206 103
0.7000 0.8381 3.0300 172 206 103
0.7000 0.8381 0.0000 172 206 103
0.8000 0.8381 3.0300 172 206 103
0.8000 0.8381 0.0000 172 206 103
0.9000 0.8381 3.0300 172 206 103
0.9000 0.8381 0.0000 172 206 103
1.0000 0.8381 3.0300 172 206 103
1.0000 0.8381 0.0000 172 206 103
1.1000 0.8381 3.0300 172 206 103
1.1000 0.8381 0.0000 172 206 103
1.2000 0.8381 3.0300 172 206 103
1.2000 0.8381 0.0000 172 206 103
1.3000 0.8381 3.0300 172 206 103
1.3000 0.8381 0.0000 172 206 103
1.4000 0.8381 3.0300 172 206 103
1.4000 0.8381 0.0000 172 206 103
1.5000 0.8381 3.0300 172 206 103
1.5000 0.8381 0.0000 172 206 103
1.6000 0.8381 3.0300 172 206 103
1.6000 0.8381 0.0000 172 206 103
1.7000 0.8381 3.0300 172 206 103
1.7000 0.8381 0.0000 172 206 103
1.8000 0.8381 3.0300 172 206 103
1.8000 0.8381 0.0000 172 206 103
1.9000 0.8381 3.0300 172 206 103
1.9000 0.8381 0.0000 172 206 103
2.0000 0.8381 3.0300 172 206 103
2.0000 0.8381 0.0000 172 206 103
2.1000 0.8381 3.0300 172 206 103
2.1000 0.8381 0.0000 172 206 103
2.2000 0.8381 3.0300 172 206 103
2.2000 0.8381 0.0000 172 206 103
2.3000 0.8381 3.0300 172 206 103
2.3000 0.8381 0.0000 172 206 103
2.4000 0.8381 3.0300 172 206 103
2.4000 0.8381 0.0000 172 206 103
2.5000 0.8381 3.0300 172 206 103
2.5000 0.8381 0.0000 172 206 103
2.6000 0.8381 3.0300 172 206 103
2.6000 0.8381 0.0000 172 206 103
2.6300 0.8381 0.0000 172 206 103
0.0000 0.8381 0.0000 172 206 103
2.6300 0.8381 0.1000 172 206 103
0.0000 0.8381 0.1000 172 206 103
2.6300 0.8381 0.2000 172 206 103
0.0000 0.8381 0.2000 172 206 103
2.6300 0.8381 0.3000 172 206 103
0.0000 0.8381 0.3000 172 206 103
2.6300 0.8381 0.4000 172 206 103
0.0000 0.8381 0.4000 172 206 103
2.6300 0.8381 0.5000 172 206 103
0.0000 0.8381 0.5000 172 206 103
2.6300 0.8381 0.6000 172 206 103
0.0000 0.8381 0.6000 172 206 103
2.6300 0.8381 0.7000 172 206 103
0.0000 0.8381 0.7000 172 206 103
2.6300 0.8381 0.8000 172 206 103
0.0000 0.8381 0.8000 172 206 103
2.6300 0.8381 0.9000 172 206 103
0.0000 0.8381 0.9000 172 206 103
2.6300 0.8381 1.0000 172 206 103
0.0000 0.8381 1.0000 172 206 103
2.6300 0.8381 1.1000 172 206 103
0.0000 0.8381 1.1000 172 206 103
2.6300 0.8381 1.2000 172 206 103
0.0000 0.8381 1.2000 172 206 103
2.6300 0.8381 1.3000 172 206 103
0.0000 0.8381 1.3000 172 206 103
2.6300 0.8381 1.4000 172 206 103
0.0000 0.8381 1.4000 172 206 103
2.6300 0.8381 1.5000 172 206 103
0.0000 0.8381 1.5000 172 206 103
2.6300 0.8381 1.6000 172 206 103
0.0000 0.8381 1.6000 172 206 103
2.6300 0.8381 1.7000 172 206 103
0.0000 0.8381 1.7000 172 206 103
2.6300 0.8381 1.8000 172 206 103
0.0000 0.8381 1.8000 172 206 103
2.6300 0.8381 1.9000 172 206 103
0.0000 0.8381 1.9000 172 206 103
2.6300 0.8381 2.0000 172 206 103
0.0000 0.8381 2.0000 172 206 103
2.6300 0.8381 2.1000 172 206 103
0.0000 0.8381 2.1000 172 206 103
2.6300 0.8381 2.2000 172 206 103
0.0000 0.8381 2.2000 172 206 103
2.6300 0.8381 2.3000 172 206 103
0.0000 0.8381 2.3000 172 206 103
2.6300 0.8381 2.4000 172 206 103
0.0000 0.8381 2.4000 172 206 103
2.6300 0.8381 2.5000 172 206 103
0.0000 0.8381 2.5000 172 206 103
2.6300 0.8381 2.6000 172 206 103
0.0000 0.8381 2.6000 172 206 103
2.6300 0.8381 2.7000 172 206 103
0.0000 0.8381 2.7000 172 206 103
2.6300 0.8381 2.8000 172 206 103
0.0000 0.8381 2.8000 172 206 103
2.6300 0.8381 2.9000 172 206 103
0.0000 0.8381 2.9000 172 206 103
2.6300 0.8381 3.0000 172 206 103
0.0000 0.8381 3.0000 172 206 103
0.0000 0.9329 3.0300 163 229 114
0.0000 0.9329 0.0000 163 229 114
0.1000 0.9329 3.0300 163 229 114
0.1000 0.9329 0.0000 163 229 114
0.2000 0.9329 3.0300 163 229 114
0.2000 0.9329 0.0000 163 229 114
0.3000 0.9329 3.0300 163 229 114
0.3000 0.9329 0.0000 163 229 114
0.4000 0.9329 3.0300 163 229 114
0.4000 0.9329 0.0000 163 229 114
0.5000 0.9329 3.0300 163 229 114
0.5000 0.9329 0.0000 163 229 114
0.6000 0.9329 3.0300 163 229 114
0.6000 0.9329 0.0000 163 229 114
0.7000 0.9329 3.0300 163 229 114
0.7000 0.9329 0.0000 163 229 114
0.8000 0.9329 3.0300 163 229 114
0.8000 0.9329 0.0000 163 229 114
0.9000 0.9329 3.0300 163 229 114
0.9000 0.9329 0.0000 163 229 114
1.0000 0.9329 3.0300 163 229 114
1.0000 0.9329 0.0000 163 229 114
1.1000 0.9329 3.0300 163 229 114
1.1000 0.9329 0.0000 163 229 114
1.2000 0.9329 3.0300 163 229 114
1.2000 0.9329 0.0000 163 229 114
1.3000 0.9329 3.0300 163 229 114
1.3000 0.9329 0.0000 163 229 114
1.4000 0.9329 3.0300 163 229 114
1.4000 0.9329 0.0000 163 229 114
1.5000 0.9329 3.0300 163 229 114
1.5000 0.9329 0.0000 163 229 114
1.6000 0.9329 3.0300 163 229 114
1.6000 0.9329 0.0000 163 229 114
1.7000 0.9329 3.0300 163 229 114
1.7000 0.9329 0.0000 163 229 114
1.8000 0.9329 3.0300 163 229 114
1.8000 0.9329 0.0000 163 229 114
1.9000 0.9329 3.0300 163 229 114
1.9000 0.9329 0.0000 163 229 114
2.0000 0.9329 3.0300 163 229 114
2.0000 0.9329 0.0000 163 229 114
2.1000 0.9329 3.0300 163 229 114
2.1000 0.9329 0.0000 163 229 114
2.2000 0.9329 3.0300 163 229 114
2.2000 0.9329 0.0000 163 229 114
2.3000 0.9329 3.0300 163 229 114
2.3000 0.9329 0.0000 163 229 114
2.4000 0.9329 3.0300 163 229 114
2.4000 0.9329 0.0000 163 229 114
2.5000 0.9329 3.0300 163 229 114
2.5000 0.9329 0.0000 163 229 114
2.6000 0.9329 3.0300 163 229 114
2.6000 0.9329 0.0000 163 229 114
2.6300 0.9329 0.0000 163 229 114
0.0000 0.9329 0.0000 163 229 114
2.6300 0.9329 0.1000 163 229 114
0.0000 0.9329 0.1000 163 229 114
2.6300 0.9329 0.2000 163 229 114
0.0000 0.9329 0.2000 163 229 114
2.6300 0.9329 0.3000 163 229 114
0.0000 0.9329 0.3000 163 229 114
2.6300 0.9329 0.4000 163 229 114
0.0000 0.9329 0.4000 163 229 114
2.6300 0.9329 0.5000 163 229 114
0.0000 0.9329 0.5000 163 229 114
2.6300 0.9329 0.6000 163 229 114
0.0000 0.9329 0.6000 163 229 114
2.6300 0.9329 0.7000 163 229 114
0.0000 0.9329 0.7000 163 229 114
2.6300 0.9329 0.8000 163 229 114
0.0000 0.9329 0.8000 163 229 114
2.6300 0.9329 0.9000 163 229 114
0.0000 0.9329 0.9000 163 229 114
2.6300 0.9329 1.0000 163 229 114
0.0000 0.9329 1.0000 163 229 114
2.6300 0.9329 1.1000 163 229 114
0.0000 0.9329 1.1000 163 229 114
2.6300 0.9329 1.2000 163 229 114
0.0000 0.9329 1.2000 163 229 114
2.6300 0.9329 1.3000 163 229 114
0.0000 0.9329 1.3000 163 229 114
2.6300 0.9329 1.4000 163 229 114
0.0000 0.9329 1.4000 163 229 114
2.6300 0.9329 1.5000 163 229 114
0.0000 0.9329 1.5000 163 229 114
2.6300 0.9329 1.6000 163 229 114
0.0000 0.9329 1.6000 163 229 114
2.6300 0.9329 1.7000 163 229 114
0.0000 0.9329 1.7000 163 229 114
2.6300 0.9329 1.8000 163 229 114
0.0000 0.9329 1.8000 163 229 114
2.6300 0.9329 1.9000 163 229 114
0.0000 0.9329 1.9000 163 229 114
2.6300 0.9329 2.0000 163 229 114
0.0000 0.9329 2.0000 163 229 114
2.6300 0.9329 2.1000 163 229 114
0.0000 0.9329 2.1000 163 229 114
2.6300 0.9329 2.2000 163 229 114
0.0000 0.9329 2.2000 163 229 114
2.6300 0.9329 2.3000 163 229 114
0.0000 0.9329 2.3000 163 229 114
2.6300 0.9329 2.4000 163 229 114
0.0000 0.9329 2.4000 163 229 114
2.6300 0.9329 2.5000 163 229 114
0.0000 0.9329 2.5000 163 229 114
2.6300 0.9329 2.6000 163 229 114
0.0000 0.9329 2.6000 163 229 114
2.6300 0.9329 2.7000 163 229 114
0.0000 0.9329 2.7000 163 229 114
2.6300 0.9329 2.8000 163 229 114
0.0000 0.9329 2.8000 163 229 114
2.6300 0.9329 2.9000 163 229 114
0.0000 0.9329 2.9000 163 229 114
2.6300 0.9329 3.0000 163 229 114
0.0000 0.9329 3.0000 163 229 114
0.0000 1.0276 3.0300 153 253 126
0.0000 1.0276 0.0000 153 253 126
0.1000 1.0276 3.0300 153 253 126
0.1000 1.0276 0.0000 153 253 126
0.2000 1.0276 3.0300 153 253 126
0.2000 1.0276 0.0000 153 253 126
0.3000 1.0276 3.0300 153 253 126
0.3000 1.0276 0.0000 153 253 126
0.4000 1.0276 3.0300 153 253 126
0.4000 1.0276 0.0000 153 253 126
0.5000 1.0276 3.0300 153 253 126
0.5000 1.0276 0.0000 153 253 126
0.6000 1.0276 3.0300 153 253 126
0.6000 1.0276 0.0000 153 253 126
0.7000 1.0276 3.0300 153 253 126
0.7000 1.0276 0.0000 153 253 126
0.8000 1.0276 3.0300 153 253 126
0.8000 1.0276 0.0000 153 253 126
0.9000 1.0276 3.0300 153 253 126
0.9000 1.0276 0.0000 153 253 126
1.0000 1.0276 3.0300 153 253 126
1.0000 1.0276 0.0000 153 253 126
1.1000 1.0276 3.0300 153 253 126
1.1000 1.0276 0.0000 153 253 126
1.2000 1.0276 3.0300 153 253 126
1.2000 1.0276 0.0000 153 253 126
1.3000 1.0276 3.0300 153 253 126
1.3000 1.0276 0.0000 153 253 126
1.4000 1.0276 3.0300 153 253 126
1.4000 1.0276 0.0000 153 253 126
1.5000 1.0276 3.0300 153 253 126
1.5000 1.0276 0.0000 153 253 126
1.6000 1.0276 3.0300 153 253 126
1.6000 1.0276 0.0000 153 253 126
1.7000 1.0276 3.0300 153 253 126
1.7000 1.0276 0.0000 153 253 126
1.8000 1.0276 3.0300 153 253 126
1.8000 1.0276 0.0000 153 253 126
1.9000 1.0276 3.0300 153 253 126
1.9000 1.0276 0.0000 153 253 126
2.0000 1.0276 3.0300 153 253 126
2.0000 1.0276 0.0000 153 253 126
2.1000 1.0276 3.0300 153 253 126
2.1000 1.0276 0.0000 153 253 126
2.2000 1.0276 3.0300 153 253 126
2.2000 1.0276 0.0000 153 253 126
2.3000 1.0276 3.0300 153 253 126
2.3000 1.0276 0.0000 153 253 126
2.4000 1.0276 3.0300 153 253 126
2.4000 1.0276 0.0000 153 253 126
2.5000 1.0276 3.0300 153 253 126
2.5000 1.0276 0.0000 153 253 126
2.6000 1.0276 3.0300 153 253 126
2.6000 1.0276 0.0000 153 253 126
2.6300 1.0276 0.0000 153 253 126
0.0000 1.0276 0.0000 153 253 126
2.6300 1.0276 0.1000 153 253 126
0.0000 1.0276 0.1000 153 253 126
2.6300 1.0276 0.2000 153 253 126
0.0000 1.0276 0.2000 153 253 126
2.6300 1.0276 0.3000 153 253 126
0.0000 1.0276 0.3000 153 253 126
2.6300 1.0276 0.4000 153 253 126
0.0000 1.0276 0.4000 153 253 126
2.6300 1.0276 0.5000 153 253 126
0.0000 1.0276 0.5000 153 253 126
2.6300 1.0276 0.6000 153 253 126
0.0000 1.0276 0.6000 153 253 126
2.6300 1.0276 0.7000 153 253 126
0.0000 1.0276 0.7000 153 253 126
2.6300 1.0276 0.8000 153 253 126
0.0000 1.0276 0.8000 153 253 126
2.6300 1.0276 0.9000 153 253 126
0.0000 1.0276 0.9000 153 253 126
2.6300 1.0276 1.0000 153 253 126
0.0000 1.0276 1.0000 153 253 126
2.6300 1.0276 1.1000 153 253 126
0.0000 1.0276 1.1000 153 253 126
2.6300 1.0276 1.2000 153 253 126
0.0000 1.0276 1.2000 153 253 126
2.6300 1.0276 1.3000 153 253 126
0.0000 1.0276 1.3000 153 253 126
2.6300 1.0276 1.4000 153 253 126
0.0000 1.0276 1.4000 153 253 126
2.6300 1.0276 1.5000 153 253 126
0.0000 1.0276 1.5000 153 253 126
2.6300 1.0276 1.6000 153 253 126
0.0000 1.0276 1.6000 153 253 126
2.6300 1.0276 1.7000 153 253 126
0.0000 1.0276 1.7000 153 253 126
2.6300 1.0276 1.8000 153 253 126
0.0000 1.0276 1.8000 153 253 126
2.6300 1.0276 1.9000 153 253 126
0.0000 1.0276 1.9000 153 253 126
2.6300 1.0276 2.0000 153 253 126
0.0000 1.0276 2.0000 153 253 126
2.6300 1.0276 2.1000 153 253 126
0.0000 1.0276 2.1000 153 253 126
2.6300 1.0276 2.2000 153 253 126
0.0000 1.0276 2.2000 153 253 126
2.6300 1.0276 2.3000 153 253 126
0.0000 1.0276 2.3000 153 253 126
2.6300 1.0276 2.4000 153 253 126
0.0000 1.0276 2.4000 153 253 126
2.6300 1.0276 2.5000 153 253 126
0.0000 1.0276 2.5000 153 253 126
2.6300 1.0276 2.6000 153 253 126
0.0000 1.0276 2.6000 153 253 126
2.6300 1.0276 2.7000 153 253 126
0.0000 1.0276 2.7000 153 253 126
2.6300 1.0276 2.8000 153 253 126
0.0000 1.0276 2.8000 153 253 126
2.6300 1.0276 2.9000 153 253 126
0.0000 1.0276 2.9000 153 253 126
2.6300 1.0276 3.0000 153 253 126
0.0000 1.0276 3.0000 153 253 126
0.0000 1.1224 3.0300 144 233 138
0.0000 1.1224 0.0000 144 233 138
0.1000 1.1224 3.0300 144 233 138
0.1000 1.1224 0.0000 144 233 138
0.2000 1.1224 3.0300 144 233 138
0.2000 1.1224 0.0000 144 233 138
0.3000 1.1224 3.0300 144 233 138
0.3000 1.1224 0.0000 144 233 138
0.4000 1.1224 3.0300 144 233 138
0.4000 1.1224 0.0000 144 233 138
0.5000 1.1224 3.0300 144 233 138
0.5000 1.1224 0.0000 144 233 138
0.6000 1.1224 3.0300 144 233 138
0.6000 1.1224 0.0000 144 233 138
0.7000 1.1224 3.0300 144 233 138
0.7000 1.1224 0.0000 144 233 138
0.8000 1.1224 3.0300 144 233 138
0.8000 1.1224 0.0000 144 233 138
0.9000 1.1224 3.0300 144 233 138
0.9000 1.1224 0.0000 144 233 138
1.0000 1.1224 3.0300 144 233 138
1.0000 1.1224 0.0000 144 233 138
1.1000 1.1224 3.0300 144 233 138
1.1000 1.1224 0.0000 144 233 138
1.2000 1.1224 3.0300 144 233 138
1.2000 1.1224 0.0000 144 233 138
1.3000 1.1224 3.0300 144 233 138
1.3000 1.1224 0.0000 144 233 138
1.4000 1.1224 3.0300 144 233 138
1.4000 1.1224 0.0000 144 233 138
1.5000 1.1224 3.0300 144 233 138
1.5000 1.1224 0.0000 144 233 138
1.6000 1.1224 3.0300 144 233 138
1.6000 1.1224 0.0000 144 233 138
1.7000 1.1224 3.0300 144 233 138
1.7000 1.1224 0.0000 144 233 138
1.8000 1.1224 3.0300 144 233 138
1.8000 1.1224 0.0000 144 233 138
1.9000 1.1224 3.0300 144 233 138
1.9000 1.1224 0.0000 144 233 138
2.0000 1.1224 3.0300 144 233 138
2.0000 1.1224 0.0000 144 233 138
2.1000 1.1224 3.0300 144 233 138
2.1000 1.1224 0.0000 144 233 138
2.2000 1.1224 3.0300 144 233 138
2.2000 1.1224 0.0000 144 233 138
2.3000 1.1224 3.0300 144 233 138
2.3000 1.1224 0.0000 144 233 138
2.4000 1.1224 3.0300 144 233 138
2.4000 1.1224 0.0000 144 233 138
2.5000 1.1224 3.0300 144 233 138
2.5000 1.1224 0.0000 144 233 138
2.6000 1.1224 3.0300 144 233 138
2.6000 1.1224 0.0000 144 233 138
2.6300 1.1224 0.0000 144 233 138
0.0000 1.1224 0.0000 144 233 138
2.6300 1.1224 0.1000 144 233 138
0.0000 1.1224 0.1000 144 233 138
2.6300 1.1224 0.2000 144 233 138
0.0000 1.1224 0.2000 144 233 138
2.6300 1.1224 0.3000 144 233 138
0.0000 1.1224 0.3000 144 233 138
2.6300 1.1224 0.4000 144 233 138
0.0000 1.1224 0.4000 144 233 138
2.6300 1.1224 0.5000 144 233 138
0.0000 1.1224 0.5000 144 233 138
2.6300 1.1224 0.6000 144 233 138
0.0000 1.1224 0.6000 144 233 138
2.6300 1.1224 0.7000 144 233 138
0.0000 1.1224 0.7000 144 233 138
2.6300 1.1224 0.8000 144 233 138
0.0000 1.1224 0.8000 144 233 138
2.6300 1.1224 0.9000 144 233 138
0.0000 1.1224 0.9000 144 233 138
2.6300 1.1224 1.0000 144 233 138
0.0000 1.1224 1.0000 144 233 138
2.6300 1.1224 1.1000 144 233 138
0.0000 1.1224 1.1000 144 233 138
2.6300 1.1224 1.2000 144 233 138
0.0000 1.1224 1.2000 144 233 138
2.6300 1.1224 1.3000 144 233 138
0.0000 1.1224 1.3000 144 233 138
2.6300 1.1224 1.4000 144 233 138
0.0000 1.1224 1.4000 144 233 138
2.6300 1.1224 1.5000 144 233 138
0.0000 1.1224 1.5000 144 233 138
2.6300 1.1224 1.6000 144 233 138
0.0000 1.1224 1.6000 144 233 138
2.6300 1.1224 1.7000 144 233 138
0.0000 1.1224 1.7000 144 233 138
2.6300 1.1224 1.8000 144 233 138
0.0000 1.1224 1.8000 144 233 138
2.6300 1.1224 1.9000 144 233 138
0.0000 1.1224 1.9000 144 233 138
2.6300 1.1224 2.0000 144 233 138
0.0000 1.1224 2.0000 144 233 138
2.6300 1.1224 2.1000 144 233 138
0.0000 1.1224 2.1000 144 233 138
2.6300 1.1224 2.2000 144 233 138
0.0000 1.1224 2.2000 144 233 138
2.6300 1.1224 2.3000 144 233 138
0.0000 1.1224 2.3000 144 233 138
2.6300 1.1224 2.4000 144 233 138
0.0000 1.1224 2.4000 144 233 138
2.6300 1.1224 2.5000 144 233 138
0.0000 1.1224 2.5000 144 233 138
2.6300 1.1224 2.6000 144 233 138
0.0000 1.1224 2.6000 144 233 138
2.6300 1.1224 2.7000 144 233 138
0.0000 1.1224 2.7000 144 233 138
2.6300 1.1224 2.8000 144 233 138
0.0000 1.1224 2.8000 144 233 138
2.6300 1.1224 2.9000 144 233 138
0.0000 1.1224 2.9000 144 233 138
2.6300 1.1224 3.0000 144 233 138
0.0000 1.1224 3.0000 144 233 138
0.0000 1.2171 3.0300 135 210 149
0.0000 1.2171 0.0000 135 210 149
0.1000 1.2171 3.0300 135 210 149
0.1000 1.2171 0.0000 135 210 149
0.2000 1.2171 3.0300 135 210 149
0.2000 1.2171 0.0000 135 210 149
0.3000 1.2171 3.0300 135 210 149
0.3000 1.2171 0.0000 135 210 149
0.4000 1.2171 3.0300 135 210 149
0.4000 1.2171 0.0000 135 210 149
0.5000 1.2171 3.0300 135 210 149
0.5000 1.2171 0.0000 135 210 149
0.6000 1.2171 3.0300 135 210 149
0.6000 1.2171 0.0000 135 210 149
0.7000 1.2171 3.0300 135 210 149
0.7000 1.2171 0.0000 135 210 149
0.8000 1.2171 3.0300 135 210 149
0.8000 1.2171 0.0000 135 210 149
0.9000 1.2171 3.0300 135 210 149
0.9000 1.2171 0.0000 135 210 149
1.0000 1.2171 3.0300 135 210 149
1.0000 1.2171 0.0000 135 210 149
1.1000 1.2171 3.0300 135 210 149
1.1000 1.2171 0.0000 135 210 149
1.2000 1.2171 3.0300 135 210 149
1.2000 1.2171 0.0000 135 210 149
1.3000 1.2171 3.0300 135 210 149
1.3000 1.2171 0.0000 135 210 149
1.4000 1.2171 3.0300 135 210 149
1.4000 1.2171 0.0000 135 210 149
1.5000 1.2171 3.0300 135 210 149
1.5000 1.2171 0.0000 135 210 149
1.6000 1.2171 3.0300 135 210 149
1.6000 1.2171 0.0000 135 210 149
1.7000 1.2171 3.0300 135 210 149
1.7000 1.2171 0.0000 135 210 149
1.8000 1.2171 3.0300 135 210 149
1.8000 1.2171 0.0000 135 210 149
1.9000 1.2171 3.0300 135 210 149
1.9000 1.2171 0.0000 135 210 149
2.0000 1.2171 3.0300 135 210 149
2.0000 1.2171 0.0000 135 210 149
2.1000 1.2171 3.0300 135 210 149
2.1000 1.2171 0.0000 135 210 149
2.2000 1.2171 3.0300 135 210 149
2.2000 1.2171 0.0000 135 210 149
2.3000 1.2171 3.0300 135 210 149
2.3000 1.2171 0.0000 135 210 149
2.4000 1.2171 3.0300 135 210 149
2.4000 1.2171 0.0000 135 210 149
2.5000 1.2171 3.0300 135 210 149
2.5000 1.2171 0.0000 135 210 149
2.6000 1.2171 3.0300 135 210 149
2.6000 1.2171 0.0000 135 210 149
2.6300 1.2171 0.0000 135 210 149
0.0000 1.2171 0.0000 135 210 149
2.6300 1.2171 0.1000 135 210 149
0.0000 1.2171 0.1000 135 210 149
2.6300 1.2171 0.2000 135 210 149
0.0000 1.2171 0.2000 135 210 149
2.6300 1.2171 0.3000 135 210 149
0.0000 1.2171 0.3000 135 210 149
2.6300 1.2171 0.4000 135 210 149
0.0000 1.2171 0.4000 135 210 149
2.6300 1.2171 0.5000 135 210 149
0.0000 1.2171 0.5000 135 210 149
2.6300 1.2171 0.6000 135 210 149
0.0000 1.2171 0.6000 135 210 149
2.6300 1.2171 0.7000 135 210 149
0.0000 1.2171 0.7000 135 210 149
2.6300 1.2171 0.8000 135 210 149
0.0000 1.2171 0.8000 135 210 149
2.6300 1.2171 0.9000 135 210 149
0.0000 1.2171 0.9000 135 210 149
2.6300 1.2171 1.0000 135 210 149
0.0000 1.2171 1.0000 135 210 149
2.6300 1.2171 1.1000 135 210 149
0.0000 1.2171 1.1000 135 210 149
2.6300 1.2171 1.2000 135 210 149
0.0000 1.2171 1.2000 135 210 149
2.6300 1.2171 1.3000 135 210 149
0.0000 1.2171 1.3000 135 210 149
2.6300 1.2171 1.4000 135 210 149
0.0000 1.2171 1.4000 135 210 149
2.6300 1.2171 1.5000 135 210 149
0.0000 1.2171 1.5000 135 210 149
2.6300 1.2171 1.6000 135 210 149
0.0000 1.2171 1.6000 135 210 149
2.6300 1.2171 1.7000 135 210 149
0.0000 1.2171 1.7000 135 210 149
2.6300 1.2171 1.8000 135 210 149
0.0000 1.2171 1.8000 135 210 149
2.6300 1.2171 1.9000 135 210 149
0.0000 1.2171 1.9000 135 210 149
2.6300 1.2171 2.0000 135 210 149
0.0000 1.2171 2.0000 135 210 149
2.6300 1.2171 2.1000 135 210 149
0.0000 1.2171 2.1000 135 210 149
2.6300 1.2171 2.2000 135 210 149
0.0000 1.2171 2.2000 135 210 149
2.6300 1.2171 2.3000 135 210 149
0.0000 1.2171 2.3000 135 210 149
2.6300 1.2171 2.4000 135 210 149
0.0000 1.2171 2.4000 135 210 149
2.6300 1.2171 2.5000 135 210 149
0.0000 1.2171 2.5000 135 210 149
2.6300 1.2171 2.6000 135 210 149
0.0000 1.2171 2.6000 135 210 149
2.6300 1.2171 2.7000 135 210 149
0.0000 1.2171 2.7000 135 210 149
2.6300 1.2171 2.8000 135 210 149
0.0000 1.2171 2.8000 135 210 149
2.6300 1.2171 2.9000 135 210 149
0.0000 1.2171 2.9000 135 210 149
2.6300 1.2171 3.0000 135 210 149
0.0000 1.2171 3.0000 135 210 149
0.0000 1.3119 3.0300 125 186 161
0.0000 1.3119 0.0000 125 186 161
0.1000 1.3119 3.0300 125 186 161
0.1000 1.3119 0.0000 125 186 161
0.2000 1.3119 3.0300 125 186 161
0.2000 1.3119 0.0000 125 186 161
0.3000 1.3119 3.0300 125 186 161
0.3000 1.3119 0.0000 125 186 161
0.4000 1.3119 3.0300 125 186 161
0.4000 1.3119 0.0000 125 186 161
0.5000 1.3119 3.0300 125 186 161
0.5000 1.3119 0.0000 125 186 161
0.6000 1.3119 3.0300 125 186 161
0.6000 1.3119 0.0000 125 186 161
0.7000 1.3119 3.0300 125 186 161
0.7000 1.3119 0.0000 125 186 161
0.8000 1.3119 3.0300 125 186 161
0.8000 1.3119 0.0000 125 186 161
0.9000 1.3119 3.0300 125 186 161
0.9000 1.3119 0.0000 125 186 161
1.0000 1.3119 3.0300 125 186 161
1.0000 1.3119 0.0000 125 186 161
1.1000 1.3119 3.0300 125 186 161
1.1000 1.3119 0.0000 125 186 161
1.2000 1.3119 3.0300 125 186 161
1.2000 1.3119 0.0000 125 186 161
1.3000 1.3119 3.0300 125 186 161
1.3000 1.3119 0.0000 125 186 161
1.4000 1.3119 3.0300 125 186 161
1.4000 1.3119 0.0000 125 186 161
1.5000 1.3119 3.0300 125 186 161
1.5000 1.3119 0.0000 125 186 161
1.6000 1.3119 3.0300 125 186 161
1.6000 1.3119 0.0000 125 186 161
1.7000 1.3119 3.0300 125 186 161
1.7000 1.3119 0.0000 125 186 161
1.8000 1.3119 3.0300 125 186 161
1.8000 1.3119 0.0000 125 186 161
1.9000 1.3119 3.0300 125 186 161
1.9000 1.3119 0.0000 125 186 161
2.0000 1.3119 3.0300 125 186 161
2.0000 1.3119 0.0000 125 186 161
2.1000 1.3119 3.0300 125 186 161
2.1000 1.3119 0.0000 125 186 161
2.2000 1.3119 3.0300 125 186 161
2.2000 1.3119 0.0000 125 186 161
2.3000 1.3119 3.0300 125 186 161
2.3000 1.3119 0.0000 125 186 161
2.4000 1.3119 3.0300 125 186 161
2.4000 1.3119 0.0000 125 186 161
2.5000 1.3119 3.0300 125 186 161
2.5000 1.3119 0.0000 125 186 161
2.6000 1.3119 3.0300 125 186 161
2.6000 1.3119 0.0000 125 186 161
2.6300 1.3119 0.0000 125 186 161
0.0000 1.3119 0.0000 125 186 161
2.6300 1.3119 0.1000 125 186 161
0.0000 1.3119 0.1000 125 186 161
2.6300 1.3119 0.2000 125 186 161
0.0000 1.3119 0.2000 125 186 161
2.6300 1.3119 0.3000 125 186 161
0.0000 1.3119 0.3000 125 186 161
2.6300 1.3119 0.4000 125 186 161
0.0000 1.3119 0.4000 125 186 161
2.6300 1.3119 0.5000 125 186 161
0.0000 1.3119 0.5000 125 186 161
2.6300 1.3119 0.6000 125 186 161
0.0000 1.3119 0.6000 125 186 161
2.6300 1.3119 0.7000 125 186 161
0.0000 1.3119 0.7000 125 186 161
2.6300 1.3119 0.8000 125 186 161
0.0000 1.3119 0.8000 125 186 161
2.6300 1.3119 0.9000 125 186 161
0.0000 1.3119 0.9000 125 186 161
2.6300 1.3119 1.0000 125 186 161
0.0000 1.3119 1.0000 125 186 161
2.6300 1.3119 1.1000 125 186 161
0.0000 1.3119 1.1000 125 186 161
2.6300 1.3119 1.2000 125 186 161
0.0000 1.3119 1.2000 125 186 161
2.6300 1.3119 1.3000 125 186 161
0.0000 1.3119 1.3000 125 186 161
2.6300 1.3119 1.4000 125 186 161
0.0000 1.3119 1.4000 125 186 161
2.6300 1.3119 1.5000 125 186 161
0.0000 1.3119 1.5000 125 186 161
2.6300 1.3119 1.6000 125 186 161
0.0000 1.3119 1.6000 125 186 161
2.6300 1.3119 1.7000 125 186 161
0.0000 1.3119 1.7000 125 186 161
2.6300 1.3119 1.8000 125 186 161
0.0000 1.3119 1.8000 125 186 161
2.6300 1.3119 1.9000 125 186 161
0.0000 1.3119 1.9000 125 186 161
2.6300 1.3119 2.0000 125 186 161
0.0000 1.3119 2.0000 125 186 161
2.6300 1.3119 2.1000 125 186 161
0.0000 1.3119 2.1000 125 186 161
2.6300 1.3119 2.2000 125 186 161
0.0000 1.3119 2.2000 125 186 161
2.6300 1.3119 2.3000 125 186 161
0.0000 1.3119 2.3000 125 186 161
2.6300 1.3119 2.4000 125 186 161
0.0000 1.3119 2.4000 125 186 161
2.6300 1.3119 2.5000 125 186 161
0.0000 1.3119 2.5000 125 186 161
2.6300 1.3119 2.6000 125 186 161
0.0000 1.3119 2.6000 125 186 161
2.6300 1.3119 2.7000 125 186 161
0.0000 1.3119 2.7000 125 186 161
2.6300 1.3119 2.8000 125 186 161
0.0000 1.3119 2.8000 125 186 161
2.6300 1.3119 2.9000 125 186 161
0.0000 1.3119 2.9000 125 186 161
2.6300 1.3119 3.0000 125 186 161
0.0000 1.3119 3.0000 125 186 161
0.0000 1.4067 3.0300 116 163 173
0.0000 1.4067 0.0000 116 163 173
0.1000 1.4067 3.0300 116 163 173
0.1000 1.4067 0.0000 116 163 173
0.2000 1.4067 3.0300 116 163 173
0.2000 1.4067 0.0000 116 163 173
0.3000 1.4067 3.0300 116 163 173
0.3000 1.4067 0.0000 116 163 173
0.4000 1.4067 3.0300 116 163 173
0.4000 1.4067 0.0000 116 163 173
0.5000 1.4067 3.0300 116 163 173
0.5000 1.4067 0.0000 116 163 173
0.6000 1.4067 3.0300 116 163 173
0.6000 1.4067 0.0000 116 163 173
0.7000 1.4067 3.0300 116 163 173
0.7000 1.4067 0.0000 116 163 173
0.8000 1.4067 3.0300 116 163 173
0.8000 1.4067 0.0000 116 163 173
0.9000 1.4067 3.0300 116 163 173
0.9000 1.4067 0.0000 116 163 173
1.0000 1.4067 3.0300 116 163 173
1.0000 1.4067 0.0000 116 163 173
1.1000 1.4067 3.0300 116 163 173
1.1000 1.4067 0.0000 116 163 173
1.2000 1.4067 3.0300 116 163 173
1.2000 1.4067 0.0000 116 163 173
1.3000 1.4067 3.0300 116 163 173
1.3000 1.4067 0.0000 116 163 173
1.4000 1.4067 3.0300 116 163 173
1.4000 1.4067 0.0000 116 163 173
1.5000 1.4067 3.0300 116 163 173
1.5000 1.4067 0.0000 116 163 173
1.6000 1.4067 3.0300 116 163 173
1.6000 1.4067 0.0000 116 163 173
1.7000 1.4067 3.0300 116 163 173
1.7000 1.4067 0.0000 116 163 173
1.8000 1.4067 3.0300 116 163 173
1.8000 1.4067 0.0000 116 163 173
1.9000 1.4067 3.0300 116 163 173
1.9000 1.4067 0.0000 116 163 173
2.0000 1.4067 3.0300 116 163 173
2.0000 1.4067 0.0000 116 163 173
2.1000 1.4067 3.0300 116 163 173
2.1000 1.4067 0.0000 116 163 173
2.2000 1.4067 3.0300 116 163 173
2.2000 1.4067 0.0000 116 163 173
2.3000 1.4067 3.0300 116 163 173
2.3000 1.4067 0.0000 116 163 173
2.4000 1.4067 3.0300 116 163 173
2.4000 1.4067 0.0000 116 163 173
2.5000 1.4067 3.0300 116 163 173
2.5000 1.4067 0.0000 116 163 173
2.6000 1.4067 3.0300 116 163 173
2.6000 1.4067 0.0000 116 163 173
2.6300 1.4067 0.0000 116 163 173
0.0000 1.4067 0.0000 116 163 173
2.6300 1.4067 0.1000 116 163 173
0.0000 1.4067 0.1000 116 163 173
2.6300 1.4067 0.2000 116 163 173
0.0000 1.4067 0.2000 116 163 173
2.6300 1.4067 0.3000 116 163 173
0.0000 1.4067 0.3000 116 163 173
2.6300 1.4067 0.4000 116 163 173
0.0000 1.4067 0.4000 116 163 173
2.6300 1.4067 0.5000 116 163 173
0.0000 1.4067 0.5000 116 163 173
2.6300 1.4067 0.6000 116 163 173
0.0000 1.4067 0.6000 116 163 173
2.6300 1.4067 0.7000 116 163 173
0.0000 1.4067 0.7000 116 163 173
2.6300 1.4067 0.8000 116 163 173
0.0000 1.4067 0.8000 116 163 173
2.6300 1.4067 0.9000 116 163 173
0.0000 1.4067 0.9000 116 163 173
2.6300 1.4067 1.0000 116 163 173
0.0000 1.4067 1.0000 116 163 173
2.6300 1.4067 1.1000 116 163 173
0.0000 1.4067 1.1000 116 163 173
2.6300 1.4067 1.2000 116 163 173
0.0000 1.4067 1.2000 116 163 173
2.6300 1.4067 1.3000 116 163 173
0.0000 1.4067 1.3000 116 163 173
2.6300 1.4067 1.4000 116 163 173
0.0000 1.4067 1.4000 116 163 173
2.6300 1.4067 1.5000 116 163 173
0.0000 1.4067 1.5000 116 163 173
2.6300 1.4067 1.6000 116 163 173
0.0000 1.4067 1.6000 116 163 173
2.6300 1.4067 1.7000 116 163 173
0.0000 1.4067 1.7000 116 163 173
2.6300 1.4067 1.8000 116 163 173
0.0000 1.4067 1.8000 116 163 173
2.6300 1.4067 1.9000 116 163 173
0.0000 1.4067 1.9000 116 163 173
2.6300 1.4067 2.0000 116 163 173
0.0000 1.4067 2.0000 116 163 173
2.6300 1.4067 2.1000 116 163 173
0.0000 1.4067 2.1000 116 163 173
2.6300 1.4067 2.2000 116 163 173
0.0000 1.4067 2.2000 116 163 173
2.6300 1.4067 2.3000 116 163 173
0.0000 1.4067 2.3000 116 163 173
2.6300 1.4067 2.4000 116 163 173
0.0000 1.4067 2.4000 116 163 173
2.6300 1.4067 2.5000 116 163 173
0.0000 1.4067 2.5000 116 163 173
2.6300 1.4067 2.6000 116 163 173
0.0000 1.4067 2.6000 116 163 173
2.6300 1.4067 2.7000 116 163 173
0.0000 1.4067 2.7000 116 163 173
2.6300 1.4067 2.8000 116 163 173
0.0000 1.4067 2.8000 116 163 173
2.6300 1.4067 2.9000 116 163 173
0.0000 1.4067 2.9000 116 163 173
2.6300 1.4067 3.0000 116 163 173
0.0000 1.4067 3.0000 116 163 173
0.0000 1.5014 3.0300 107 140 184
0.0000 1.5014 0.0000 107 140 184
0.1000 1.5014 3.0300 107 140 184
0.1000 1.5014 0.0000 107 140 184
0.2000 1.5014 3.0300 107 140 184
0.2000 1.5014 0.0000 107 140 184
0.3000 1.5014 3.0300 107 140 184
0.3000 1.5014 0.0000 107 140 184
0.4000 1.5014 3.0300 107 140 184
0.4000 1.5014 0.0000 107 140 184
0.5000 1.5014 3.0300 107 140 184
0.5000 1.5014 0.0000 107 140 184
0.6000 1.5014 3.0300 107 140 184
0.6000 1.5014 0.0000 107 140 184
0.7000 1.5014 3.0300 107 140 184
0.7000 1.5014 0.0000 107 140 184
0.8000 1.5014 3.0300 107 140 184
0.8000 1.5014 0.0000 107 140 184
0.9000 1.5014 3.0300 107 140 184
0.9000 1.5014 0.0000 107 140 184
1.0000 1.5014 3.0300 107 140 184
1.0000 1.5014 0.0000 107 140 184
1.1000 1.5014 3.0300 107 140 184
1.1000 1.5014 0.0000 107 140 184
1.2000 1.5014 3.0300 107 140 184
1.2000 1.5014 0.0000 107 140 184
1.3000 1.5014 3.0300 107 140 184
1.3000 1.5014 0.0000 107 140 184
1.4000 1.5014 3.0300 107 140 184
1.4000 1.5014 0.0000 107 140 184
1.5000 1.5014 3.0300 107 140 184
1.5000 1.5014 0.0000 107 140 184
1.6000 1.5014 3.0300 107 140 184
1.6000 1.5014 0.0000 107 140 184
1.7000 1.5014 3.0300 107 140 184
1.7000 1.5014 0.0000 107 140 184
1.8000 1.5014 3.0300 107 140 184
1.8000 1.5014 0.0000 107 140 184
1.9000 1.5014 3.0300 107 140 184
1.9000 1.5014 0.0000 107 140 184
2.0000 1.5014 3.0300 107 140 184
2.0000 1.5014 0.0000 107 140 184
2.1000 1.5014 3.0300 107 140 184
2.1000 1.5014 0.0000 107 140 184
2.2000 1.5014 3.0300 107 140 184
2.2000 1.5014 0.0000 107 140 184
2.3000 1.5014 3.0300 107 140 184
2.3000 1.5014 0.0000 107 140 184
2.4000 1.5014 3.0300 107 140 184
2.4000 1.5014 0.0000 107 140 184
2.5000 1.5014 3.0300 107 140 184
2.5000 1.5014 0.0000 107 140 184
2.6000 1.5014 3.0300 107 140 184
2.6000 1.5014 0.0000 107 140 184
2.6300 1.5014 0.0000 107 140 184
0.0000 1.5014 0.0000 107 140 184
2.6300 1.5014 0.1000 107 140 184
0.0000 1.5014 0.1000 107 140 184
2.6300 1.5014 0.2000 107 140 184
0.0000 1.5014 0.2000 107 140 184
2.6300 1.5014 0.3000 107 140 184
0.0000 1.5014 0.3000 107 140 184
2.6300 1.5014 0.4000 107 140 184
0.0000 1.5014 0.4000 107 140 184
2.6300 1.5014 0.5000 107 140 184
0.0000 1.5014 0.5000 107 140 184
2.6300 1.5014 0.6000 107 140 184
0.0000 1.5014 0.6000 107 140 184
2.6300 1.5014 0.7000 107 140 184
0.0000 1.5014 0.7000 107 140 184
2.6300 1.5014 0.8000 107 140 184
0.0000 1.5014 0.8000 107 140 184
2.6300 1.5014 0.9000 107 140 184
0.0000 1.5014 0.9000 107 140 184
2.6300 1.5014 1.0000 107 140 184
0.0000 1.5014 1.0000 107 140 184
2.6300 1.5014 1.1000 107 140 184
0.0000 1.5014 1.1000 107 140 184
2.6300 1.5014 1.2000 107 140 184
0.0000 1.5014 1.2000 107 140 184
2.6300 1.5014 1.3000 107 140 184
0.0000 1.5014 1.3000 107 140 184
2.6300 1.5014 1.4000 107 140 184
0.0000 1.5014 1.4000 107 140 184
2.6300 1.5014 1.5000 107 140 184
0.0000 1.5014 1.5000 107 140 184
2.6300 1.5014 1.6000 107 140 184
0.0000 1.5014 1.6000 107 140 184
2.6300 1.5014 1.7000 107 140 184
0.0000 1.5014 1.7000 107 140 184
2.6300 1.5014 1.8000 107 140 184
0.0000 1.5014 1.8000 107 140 184
2.6300 1.5014 1.9000 107 140 184
0.0000 1.5014 1.9000 107 140 184
2.6300 1.5014 2.0000 107 140 184
0.0000 1.5014 2.0000 107 140 184
2.6300 1.5014 2.1000 107 140 184
0.0000 1.5014 2.1000 107 140 184
2.6300 1.5014 2.2000 107 140 184
0.0000 1.5014 2.2000 107 140 184
2.6300 1.5014 2.3000 107 140 184
0.0000 1.5014 2.3000 107 140 184
2.6300 1.5014 2.4000 107 140 184
0.0000 1.5014 2.4000 107 140 184
2.6300 1.5014 2.5000 107 140 184
0.0000 1.5014 2.5000 107 140 184
2.6300 1.5014 2.6000 107 140 184
0.0000 1.5014 2.6000 107 140 184
2.6300 1.5014 2.7000 107 140 184
0.0000 1.5014 2.7000 107 140 184
2.6300 1.5014 2.8000 107 140 184
0.0000 1.5014 2.8000 107 140 184
2.6300 1.5014 2.9000 107 140 184
0.0000 1.5014 2.9000 107 140 184
2.6300 1.5014 3.0000 107 140 184
0.0000 1.5014 3.0000 107 140 184
0.0000 1.5962 3.0300 97 116 196
0.0000 1.5962 0.0000 97 116 196
0.1000 1.5962 3.0300 97 116 196
0.1000 1.5962 0.0000 97 116 196
0.2000 1.5962 3.0300 97 116 196
0.2000 1.5962 0.0000 97 116 196
0.3000 1.5962 3.0300 97 116 196
0.3000 1.5962 0.0000 97 116 196
0.4000 1.5962 3.0300 97 116 196
0.4000 1.5962 0.0000 97 116 196
0.5000 1.5962 3.0300 97 116 196
0.5000 1.5962 0.0000 97 116 196
0.6000 1.5962 3.0300 97 116 196
0.6000 1.5962 0.0000 97 116 196
0.7000 1.5962 3.0300 97 116 196
0.7000 1.5962 0.0000 97 116 196
0.8000 1.5962 3.0300 97 116 196
0.8000 1.5962 0.0000 97 116 196
0.9000 1.5962 3.0300 97 116 196
0.9000 1.5962 0.0000 97 116 196
1.0000 1.5962 3.0300 97 116 196
1.0000 1.5962 0.0000 97 116 196
1.1000 1.5962 3.0300 97 116 196
1.1000 1.5962 0.0000 97 116 196
1.2000 1.5962 3.0300 97 116 196
1.2000 1.5962 0.0000 97 116 196
1.3000 1.5962 3.0300 97 116 196
1.3000 1.5962 0.0000 97 116 196
1.4000 1.5962 3.0300 97 116 196
1.4000 1.5962 0.0000 97 116 196
1.5000 1.5962 3.0300 97 116 196
1.5000 1.5962 0.0000 97 116 196
1.6000 1.5962 3.0300 97 116 196
1.6000 1.5962 0.0000 97 116 196
1.7000 1.5962 3.0300 97 116 196
1.7000 1.5962 0.0000 97 116 196
1.8000 1.5962 3.0300 97 116 196
1.8000 1.5962 0.0000 97 116 196
1.9000 1.5962 3.0300 97 116 196
1.9000 1.5962 0.0000 97 116 196
2.0000 1.5962 3.0300 97 116 196
2.0000 1.5962 0.0000 97 116 196
2.1000 1.5962 3.0300 97 116 196
2.1000 1.5962 0.0000 97 116 196
2.2000 1.5962 3.0300 97 116 196
2.2000 1.5962 0.0000 97 116 196
2.3000 1.5962 3.0300 97 116 196
2.3000 1.5962 0.0000 97 116 196
2.4000 1.5962 3.0300 97 116 196
2.4000 1.5962 0.0000 97 116 196
2.5000 1.5962 3.0300 97 116 196
2.5000 1.5962 0.0000 97 116 196
2.6000 1.5962 3.0300 97 116 196
2.6000 1.5962 0.0000 97 116 196
2.6300 1.5962 0.0000 97 116 196
0.0000 1.5962 0.0000 97 116 196
2.6300 1.5962 0.1000 97 116 196
0.0000 1.5962 0.1000 97 116 196
2.6300 1.5962 0.2000 97 116 196
0.0000 1.5962 0.2000 97 116 196
2.6300 1.5962 0.3000 97 116 196
0.0000 1.5962 0.3000 97 116 196
2.6300 1.5962 0.4000 97 116 196
0.0000 1.5962 0.4000 97 116 196
2.6300 1.5962 0.5000 97 116 196
0.0000 1.5962 0.5000 97 116 196
2.6300 1.5962 0.6000 97 116 196
0.0000 1.5962 0.6000 97 116 196
2.6300 1.5962 0.7000 97 116 196
0.0000 1.5962 0.7000 97 116 196
2.6300 1.5962 0.8000 97 116 196
0.0000 1.5962 0.8000 97 116 196
2.6300 1.5962 0.9000 97 116 196
0.0000 1.5962 0.9000 97 116 196
2.6300 1.5962 1.0000 97 116 196
0.0000 1.5962 1.0000 97 116 196
2.6300 1.5962 1.1000 97 116 196
0.0000 1.5962 1.1000 97 116 196
2.6300 1.5962 1.2000 97 116 196
0.0000 1.5962 1.2000 97 116 196
2.6300 1.5962 1.3000 97 116 196
0.0000 1.5962 1.3000 97 116 196
2.6300 1.5962 1.4000 97 116 196
0.0000 1.5962 1.4000 97 116 196
2.6300 1.5962 1.5000 97 116 196
0.0000 1.5962 1.5000 97 116 196
2.6300 1.5962 1.6000 97 116 196
0.0000 1.5962 1.6000 97 116 196
2.6300 1.5962 1.7000 97 116 196
0.0000 1.5962 1.7000 97 116 196
2.6300 1.5962 1.8000 97 116 196
0.0000 1.5962 1.8000 97 116 196
2.6300 1.5962 1.9000 97 116 196
0.0000 1.5962 1.9000 97 116 196
2.6300 1.5962 2.0000 97 116 196
0.0000 1.5962 2.0000 97 116 196
2.6300 1.5962 2.1000 97 116 196
0.0000 1.5962 2.1000 97 116 196
2.6300 1.5962 2.2000 97 116 196
0.0000 1.5962 2.2000 97 116 196
2.6300 1.5962 2.3000 97 116 196
0.0000 1.5962 2.3000 97 116 196
2.6300 1.5962 2.4000 97 116 196
0.0000 1.5962 2.4000 97 116 196
2.6300 1.5962 2.5000 97 116 196
0.0000 1.5962 2.5000 97 116 196
2.6300 1.5962 2.6000 97 116 196
0.0000 1.5962 2.6000 97 116 196
2.6300 1.5962 2.7000 97 116 196
0.0000 1.5962 2.7000 97 116 196
2.6300 1.5962 2.8000 97 116 196
0.0000 1.5962 2.8000 97 116 196
2.6300 1.5962 2.9000 97 116 196
0.0000 1.5962 2.9000 97 116 196
2.6300 1.5962 3.0000 97 116 196
0.0000 1.5962 3.0000 97 116 196
0.0000 1.6910 3.0300 88 93 208
0.0000 1.6910 0.0000 88 93 208
0.1000 1.6910 3.0300 88 93 208
0.1000 1.6910 0.0000 88 93 208
0.2000 1.6910 3.0300 88 93 208
0.2000 1.6910 0.0000 88 93 208
0.3000 1.6910 3.0300 88 93 208
0.3000 1.6910 0.0000 88 93 208
0.4000 1.6910 3.0300 88 93 208
0.4000 1.6910 0.0000 88 93 208
0.5000 1.6910 3.0300 88 93 208
0.5000 1.6910 0.0000 88 93 208
0.6000 1.6910 3.0300 88 93 208
0.6000 1.6910 0.0000 88 93 208
0.7000 1.6910 3.0300 88 93 208
0.7000 1.6910 0.0000 88 93 208
0.8000 1.6910 3.0300 88 93 208
0.8000 1.6910 0.0000 88 93 208
0.9000 1.6910 3.0300 88 93 208
0.9000 1.6910 0.0000 88 93 208
1.0000 1.6910 3.0300 88 93 208
1.0000 1.6910 0.0000 88 93 208
1.1000 1.6910 3.0300 88 93 208
1.1000 1.6910 0.0000 88 93 208
1.2000 1.6910 3.0300 88 93 208
1.2000 1.6910 0.0000 88 93 208
1.3000 1.6910 3.0300 88 93 208
1.3000 1.6910 0.0000 88 93 208
1.4000 1.6910 3.0300 88 93 208
1.4000 1.6910 0.0000 88 93 208
1.5000 1.6910 3.0300 88 93 208
1.5000 1.6910 0.0000 88 93 208
1.6000 1.6910 3.0300 88 93 208
1.6000 1.6910 0.0000 88 93 208
1.7000 1.6910 3.0300 88 93 208
1.7000 1.6910 0.0000 88 93 208
1.8000 1.6910 3.0300 88 93 208
1.8000 1.6910 0.0000 88 93 208
1.9000 1.6910 3.0300 88 93 208
1.9000 1.6910 0.0000 88 93 208
2.0000 1.6910 3.0300 88 93 208
2.0000 1.6910 0.0000 88 93 208
2.1000 1.6910 3.0300 88 93 208
2.1000 1.6910 0.0000 88 93 208
2.2000 1.6910 3.0300 88 93 208
2.2000 1.6910 0.0000 88 93 208
2.3000 1.6910 3.0300 88 93 208
2.3000 1.6910 0.0000 88 93 208
2.4000 1.6910 3.0300 88 93 208
2.4000 1.6910 0.0000 88 93 208
2.5000 1.6910 3.0300 88 93 208
2.5000 1.6910 0.0000 88 93 208
2.6000 1.6910 3.0300 88 93 208
2.6000 1.6910 0.0000 88 93 208
2.6300 1.6910 0.0000 88 93 208
0.0000 1.6910 0.0000 88 93 208
2.6300 1.6910 0.1000 88 93 208
0.0000 1.6910 0.1000 88 93 208
2.6300 1.6910 0.2000 88 93 208
0.0000 1.6910 0.2000 88 93 208
2.6300 1.6910 0.3000 88 93 208
0.0000 1.6910 0.3000 88 93 208
2.6300 1.6910 0.4000 88 93 208
0.0000 1.6910 0.4000 88 93 208
2.6300 1.6910 0.5000 88 93 208
0.0000 1.6910 0.5000 88 93 208
2.6300 1.6910 0.6000 88 93 208
0.0000 1.6910 0.6000 88 93 208
2.6300 1.6910 0.7000 88 93 208
0.0000 1.6910 0.7000 88 93 208
2.6300 1.6910 0.8000 88 93 208
0.0000 1.6910 0.8000 88 93 208
2.6300 1.6910 0.9000 88 93 208
0.0000 1.6910 0.9000 88 93 208
2.6300 1.6910 1.0000 88 93 208
0.0000 1.6910 1.0000 88 93 208
2.6300 1.6910 1.1000 88 93 208
0.0000 1.6910 1.1000 88 93 208
2.6300 1.6910 1.2000 88 93 208
0.0000 1.6910 1.2000 88 93 208
2.6300 1.6910 1.3000 88 93 208
0.0000 1.6910 1.3000 88 93 208
2.6300 1.6910 1.4000 88 93 208
0.0000 1.6910 1.4000 88 93 208
2.6300 1.6910 1.5000 88 93 208
0.0000 1.6910 1.5000 88 93 208
2.6300 1.6910 1.6000 88 93 208
0.0000 1.6910 1.6000 88 93 208
2.6300 1.6910 1.7000 88 93 208
0.0000 1.6910 1.7000 88 93 208
2.6300 1.6910 1.8000 88 93 208
0.0000 1.6910 1.8000 88 93 208
2.6300 1.6910 1.9000 88 93 208
0.0000 1.6910 1.9000 88 93 208
2.6300 1.6910 2.0000 88 93 208
0.0000 1.6910 2.0000 88 93 208
2.6300 1.6910 2.1000 88 93 208
0.0000 1.6910 2.1000 88 93 208
2.6300 1.6910 2.2000 88 93 208
0.0000 1.6910 2.2000 88 93 208
2.6300 1.6910 2.3000 88 93 208
0.0000 1.6910 2.3000 88 93 208
2.6300 1.6910 2.4000 88 93 208
0.0000 1.6910 2.4000 88 93 208
2.6300 1.6910 2.5000 88 93 208
0.0000 1.6910 2.5000 88 93 208
2.6300 1.6910 2.6000 88 93 208
0.0000 1.6910 2.6000 88 93 208
2.6300 1.6910 2.7000 88 93 208
0.0000 1.6910 2.7000 88 93 208
2.6300 1.6910 2.8000 88 93 208
0.0000 1.6910 2.8000 88 93 208
2.6300 1.6910 2.9000 88 93 208
0.0000 1.6910 2.9000 88 93 208
2.6300 1.6910 3.0000 88 93 208
0.0000 1.6910 3.0000 88 93 208
0.0000 1.7857 3.0300 79 70 219
0.0000 1.7857 0.0000 79 70 219
0.1000 1.7857 3.0300 79 70 219
0.1000 1.7857 0.0000 79 70 219
0.2000 1.7857 3.0300 79 70 219
0.2000 1.7857 0.0000 79 70 219
0.3000 1.7857 3.0300 79 70 219
0.3000 1.7857 0.0000 79 70 219
0.4000 1.7857 3.0300 79 70 219
0.4000 1.7857 0.0000 79 70 219
0.5000 1.7857 3.0300 79 70 219
0.5000 1.7857 0.0000 79 70 219
0.6000 1.7857 3.0300 79 70 219
0.6000 1.7857 0.0000 79 70 219
0.7000 1.7857 3.0300 79 70 219
0.7000 1.7857 0.0000 79 70 219
0.8000 1.7857 3.0300 79 70 219
0.8000 1.7857 0.0000 79 70 219
0.9000 1.7857 3.0300 79 70 219
0.9000 1.7857 0.0000 79 70 219
1.0000 1.7857 3.0300 79 70 219
1.0000 1.7857 0.0000 79 70 219
1.1000 1.7857 3.0300 79 70 219
1.1000 1.7857 0.0000 79 70 219
1.2000 1.7857 3.0300 79 70 219
1.2000 1.7857 0.0000 79 70 219
1.3000 1.7857 3.0300 79 70 219
1.3000 1.7857 0.0000 79 70 219
1.4000 1.7857 3.0300 79 70 219
1.4000 1.7857 0.0000 79 70 219
1.5000 1.7857 3.0300 79 70 219
1.5000 1.7857 0.0000 79 70 219
1.6000 1.7857 3.0300 79 70 219
1.6000 1.7857 0.0000 79 70 219
1.7000 1.7857 3.0300 79 70 219
1.7000 1.7857 0.0000 79 70 219
1.8000 1.7857 3.0300 79 70 219
1.8000 1.7857 0.0000 79 70 219
1.9000 1.7857 3.0300 79 70 219
1.9000 1.7857 0.0000 79 70 219
2.0000 1.7857 3.0300 79 70 219
2.0000 1.7857 0.0000 79 70 219
2.1000 1.7857 3.0300 79 70 219
2.1000 1.7857 0.0000 79 70 219
2.2000 1.7857 3.0300 79 70 219
2.2000 1.7857 0.0000 79 70 219
2.3000 1.7857 3.0300 79 70 219
2.3000 1.7857 0.0000 79 70 219
2.4000 1.7857 3.0300 79 70 219
2.4000 1.7857 0.0000 79 70 219
2.5000 1.7857 3.0300 79 70 219
2.5000 1.7857 0.0000 79 70 219
2.6000 1.7857 3.0300 79 70 219
2.6000 1.7857 0.0000 79 70 219
2.6300 1.7857 0.0000 79 70 219
0.0000 1.7857 0.0000 79 70 219
2.6300 1.7857 0.1000 79 70 219
0.0000 1.7857 0.1000 79 70 219
2.6300 1.7857 0.2000 79 70 219
0.0000 1.7857 0.2000 79 70 219
2.6300 1.7857 0.3000 79 70 219
0.0000 1.7857 0.3000 79 70 219
2.6300 1.7857 0.4000 79 70 219
0.0000 1.7857 0.4000 79 70 219
2.6300 1.7857 0.5000 79 70 219
0.0000 1.7857 0.5000 79 70 219
2.6300 1.7857 0.6000 79 70 219
0.0000 1.7857 0.6000 79 70 219
2.6300 1.7857 0.7000 79 70 219
0.0000 1.7857 0.7000 79 70 219
2.6300 1.7857 0.8000 79 70 219
0.0000 1.7857 0.8000 79 70 219
2.6300 1.7857 0.9000 79 70 219
0.0000 1.7857 0.9000 79 70 219
2.6300 1.7857 1.0000 79 70 219
0.0000 1.7857 1.0000 79 70 219
2.6300 1.7857 1.1000 79 70 219
0.0000 1.7857 1.1000 79 70 219
2.6300 1.7857 1.2000 79 70 219
0.0000 1.7857 1.2000 79 70 219
2.6300 1.7857 1.3000 79 70 219
0.0000 1.7857 1.3000 79 70 219
2.6300 1.7857 1.4000 79 70 219
0.0000 1.7857 1.4000 79 70 219
2.6300 1.7857 1.5000 79 70 219
0.0000 1.7857 1.5000 79 70 219
2.6300 1.7857 1.6000 79 70 219
0.0000 1.7857 1.6000 79 70 219
2.6300 1.7857 1.7000 79 70 219
0.0000 1.7857 1.7000 79 70 219
2.6300 1.7857 1.8000 79 70 219
0.0000 1.7857 1.8000 79 70 219
2.6300 1.7857 1.9000 79 70 219
0.0000 1.7857 1.9000 79 70 219
2.6300 1.7857 2.0000 79 70 219
0.0000 1.7857 2.0000 79 70 219
2.6300 1.7857 2.1000 79 70 219
0.0000 1.7857 2.1000 79 70 219
2.6300 1.7857 2.2000 79 70 219
0.0000 1.7857 2.2000 79 70 219
2.6300 1.7857 2.3000 79 70 219
0.0000 1.7857 2.3000 79 70 219
2.6300 1.7857 2.4000 79 70 219
0.0000 1.7857 2.4000 79 70 219
2.6300 1.7857 2.5000 79 70 219
0.0000 1.7857 2.5000 79 70 219
2.6300 1.7857 2.6000 79 70 219
0.0000 1.7857 2.6000 79 70 219
2.6300 1.7857 2.7000 79 70 219
0.0000 1.7857 2.7000 79 70 219
2.6300 1.7857 2.8000 79 70 219
0.0000 1.7857 2.8000 79 70 219
2.6300 1.7857 2.9000 79 70 219
0.0000 1.7857 2.9000 79 70 219
2.6300 1.7857 3.0000 79 70 219
0.0000 1.7857 3.0000 79 70 219
0.0000 1.8805 3.0300 69 46 231
0.0000 1.8805 0.0000 69 46 231
0.1000 1.8805 3.0300 69 46 231
0.1000 1.8805 0.0000 69 46 231
0.2000 1.8805 3.0300 69 46 231
0.2000 1.8805 0.0000 69 46 231
0.3000 1.8805 3.0300 69 46 231
0.3000 1.8805 0.0000 69 46 231
0.4000 1.8805 3.0300 69 46 231
0.4000 1.8805 0.0000 69 46 231
0.5000 1.8805 3.0300 69 46 231
0.5000 1.8805 0.0000 69 46 231
0.6000 1.8805 3.0300 69 46 231
0.6000 1.8805 0.0000 69 46 231
0.7000 1.8805 3.0300 69 46 231
0.7000 1.8805 0.0000 69 46 231
0.8000 1.8805 3.0300 69 46 231
0.8000 1.8805 0.0000 69 46 231
0.9000 1.8805 3.0300 69 46 231
0.9000 1.8805 0.0000 69 46 231
1.0000 1.8805 3.0300 69 46 231
1.0000 1.8805 0.0000 69 46 231
1.1000 1.8805 3.0300 69 46 231
1.1000 1.8805 0.0000 69 46 231
1.2000 1.8805 3.0300 69 46 231
1.2000 1.8805 0.0000 69 46 231
1.3000 1.8805 3.0300 69 46 231
1.3000 1.8805 0.0000 69 46 231
1.4000 1.8805 3.0300 69 46 231
1.4000 1.8805 0.0000 69 46 231
1.5000 1.8805 3.0300 69 46 231
1.5000 1.8805 0.0000 69 46 231
1.6000 1.8805 3.0300 69 46 231
1.6000 1.8805 0.0000 69 46 231
1.7000 1.8805 3.0300 69 46 231
1.7000 1.8805 0.0000 69 46 231
1.8000 1.8805 3.0300 69 46 231
1.8000 1.8805 0.0000 69 46 231
1.9000 1.8805 3.0300 69 46 231
1.9000 1.8805 0.0000 69 46 231
2.0000 1.8805 3.0300 69 46 231
2.0000 1.8805 0.0000 69 46 231
2.1000 1.8805 3.0300 69 46 231
2.1000 1.8805 0.0000 69 46 231
2.2000 1.8805 3.0300 69 46 231
2.2000 1.8805 0.0000 69 46 231
2.3000 1.8805 3.0300 69 46 231
2.3000 1.8805 0.0000 69 46 231
2.4000 1.8805 3.0300 69 46 231
2.4000 1.8805 0.0000 69 46 231
2.5000 1.8805 3.0300 69 46 231
2.5000 1.8805 0.0000 69 46 231
2.6000 1.8805 3.0300 69 46 231
2.6000 1.8805 0.0000 69 46 231
2.6300 1.8805 0.0000 69 46 231
0.0000 1.8805 0.0000 69 46 231
2.6300 1.8805 0.1000 69 46 231
0.0000 1.8805 0.1000 69 46 231
2.6300 1.8805 0.2000 69 46 231
0.0000 1.8805 0.2000 69 46 231
2.6300 1.8805 0.3000 69 46 231
0.0000 1.8805 0.3000 69 46 231
2.6300 1.8805 0.4000 69 46 231
0.0000 1.8805 0.4000 69 46 231
2.6300 1.8805 0.5000 69 46 231
0.0000 1.8805 0.5000 69 46 231
2.6300 1.8805 0.6000 69 46 231
0.0000 1.8805 0.6000 69 46 231
2.6300 1.8805 0.7000 69 46 231
0.0000 1.8805 0.7000 69 46 231
2.6300 1.8805 0.8000 69 46 231
0.0000 1.8805 0.8000 69 46 231
2.6300 1.8805 0.9000 69 46 231
0.0000 1.8805 0.9000 69 46 231
2.6300 1.8805 1.0000 69 46 231
0.0000 1.8805 1.0000 69 46 231
2.6300 1.8805 1.1000 69 46 231
0.0000 1.8805 1.1000 69 46 231
2.6300 1.8805 1.2000 69 46 231
0.0000 1.8805 1.2000 69 46 231
2.6300 1.8805 1.3000 69 46 231
0.0000 1.8805 1.3000 69 46 231
2.6300 1.8805 1.4000 69 46 231
0.0000 1.8805 1.4000 69 46 231
2.6300 1.8805 1.5000 69 46 231
0.0000 1.8805 1.5000 69 46 231
2.6300 1.8805 1.6000 69 46 231
0.0000 1.8805 1.6000 69 46 231
2.6300 1.8805 1.7000 69 46 231
0.0000 1.8805 1.7000 69 46 231
2.6300 1.8805 1.8000 69 46 231
0.0000 1.8805 1.8000 69 46 231
2.6300 1.8805 1.9000 69 46 231
0.0000 1.8805 1.9000 69 46 231
2.6300 1.8805 2.0000 69 46 231
0.0000 1.8805 2.0000 69 46 231
2.6300 1.8805 2.1000 69 46 231
0.0000 1.8805 2.1000 69 46 231
2.6300 1.8805 2.2000 69 46 231
0.0000 1.8805 2.2000 69 46 231
2.6300 1.8805 2.3000 69 46 231
0.0000 1.8805 2.3000 69 46 231
2.6300 1.8805 2.4000 69 46 231
0.0000 1.8805 2.4000 69 46 231
2.6300 1.8805 2.5000 69 46 231
0.0000 1.8805 2.5000 69 46 231
2.6300 1.8805 2.6000 69 46 231
0.0000 1.8805 2.6000 69 46 231
2.6300 1.8805 2.7000 69 46 231
0.0000 1.8805 2.7000 69 46 231
2.6300 1.8805 2.8000 69 46 231
0.0000 1.8805 2.8000 69 46 231
2.6300 1.8805 2.9000 69 46 231
0.0000 1.8805 2.9000 69 46 231
2.6300 1.8805 3.0000 69 46 231
0.0000 1.8805 3.0000 69 46 231
0.0000 1.9752 3.0300 60 23 243
0.0000 1.9752 0.0000 60 23 243
0.1000 1.9752 3.0300 60 23 243
0.1000 1.9752 0.0000 60 23 243
0.2000 1.9752 3.0300 60 23 243
0.2000 1.9752 0.0000 60 23 243
0.3000 1.9752 3.0300 60 23 243
0.3000 1.9752 0.0000 60 23 243
0.4000 1.9752 3.0300 60 23 243
0.4000 1.9752 0.0000 60 23 243
0.5000 1.9752 3.0300 60 23 243
0.5000 1.9752 0.0000 60 23 243
0.6000 1.9752 3.0300 60 23 243
0.6000 1.9752 0.0000 60 23 243
0.7000 1.9752 3.0300 60 23 243
0.7000 1.9752 0.0000 60 23 243
0.8000 1.9752 3.0300 60 23 243
0.8000 1.9752 0.0000 60 23 243
0.9000 1.9752 3.0300 60 23 243
0.9000 1.9752 0.0000 60 23 243
1.0000 1.9752 3.0300 60 23 243
1.0000 1.9752 0.0000 60 23 243
1.1000 1.9752 3.0300 60 23 243
1.1000 1.9752 0.0000 60 23 243
1.2000 1.9752 3.0300 60 23 243
1.2000 1.9752 0.0000 60 23 243
1.3000 1.9752 3.0300 60 23 243
1.3000 1.9752 0.0000 60 23 243
1.4000 1.9752 3.0300 60 23 243
1.4000 1.9752 0.0000 60 23 243
1.5000 1.9752 3.0300 60 23 243
1.5000 1.9752 0.0000 60 23 243
1.6000 1.9752 3.0300 60 23 243
1.6000 1.9752 0.0000 60 23 243
1.7000 1.9752 3.0300 60 23 243
1.7000 1.9752 0.0000 60 23 243
1.8000 1.9752 3.0300 60 23 243
1.8000 1.9752 0.0000 60 23 243
1.9000 1.9752 3.0300 60 23 243
1.9000 1.9752 0.0000 60 23 243
2.0000 1.9752 3.0300 60 23 243
2.0000 1.9752 0.0000 60 23 243
2.1000 1.9752 3.0300 60 23 243
2.1000 1.9752 0.0000 60 23 243
2.2000 1.9752 3.0300 60 23 243
2.2000 1.9752 0.0000 60 23 243
2.3000 1.9752 3.0300 60 23 243
2.3000 1.9752 0.0000 60 23 243
2.4000 1.9752 3.0300 60 23 243
2.4000 1.9752 0.0000 60 23 243
2.5000 1.9752 3.0300 60 23 243
2.5000 1.9752 0.0000 60 23 243
2.6000 1.9752 3.0300 60 23 243
2.6000 1.9752 0.0000 60 23 243
2.6300 1.9752 0.0000 60 23 243
0.0000 1.9752 0.0000 60 23 243
2.6300 1.9752 0.1000 60 23 243
0.0000 1.9752 0.1000 60 23 243
2.6300 1.9752 0.2000 60 23 243
0.0000 1.9752 0.2000 60 23 243
2.6300 1.9752 0.3000 60 23 243
0.0000 1.9752 0.3000 60 23 243
2.6300 1.9752 0.4000 60 23 243
0.0000 1.9752 0.4000 60 23 243
2.6300 1.9752 0.5000 60 23 243
0.0000 1.9752 0.5000 60 23 243
2.6300 1.9752 0.6000 60 23 243
0.0000 1.9752 0.6000 60 23 243
2.6300 1.9752 0.7000 60 23 243
0.0000 1.9752 0.7000 60 23 243
2.6300 1.9752 0.8000 60 23 243
0.0000 1.9752 0.8000 60 23 243
2.6300 1.9752 0.9000 60 23 243
0.0000 1.9752 0.9000 60 23 243
2.6300 1.9752 1.0000 60 23 243
0.0000 1.9752 1.0000 60 23 243
2.6300 1.9752 1.1000 60 23 243
0.0000 1.9752 1.1000 60 23 243
2.6300 1.9752 1.2000 60 23 243
0.0000 1.9752 1.2000 60 23 243
2.6300 1.9752 1.3000 60 23 243
0.0000 1.9752 1.3000 60 23 243
2.6300 1.9752 1.4000 60 23 243
0.0000 1.9752 1.4000 60 23 243
2.6300 1.9752 1.5000 60 23 243
0.0000 1.9752 1.5000 60 23 243
2.6300 1.9752 1.6000 60 23 243
0.0000 1.9752 1.6000 60 23 243
2.6300 1.9752 1.7000 60 23 243
0.0000 1.9752 1.7000 60 23 243
2.6300 1.9752 1.8000 60 23 243
0.0000 1.9752 1.8000 60 23 243
2.6300 1.9752 1.9000 60 23 243
0.0000 1.9752 1.9000 60 23 243
2.6300 1.9752 2.0000 60 23 243
0.0000 1.9752 2.0000 60 23 243
2.6300 1.9752 2.1000 60 23 243
0.0000 1.9752 2.1000 60 23 243
2.6300 1.9752 2.2000 60 23 243
0.0000 1.9752 2.2000 60 23 243
2.6300 1.9752 2.3000 60 23 243
0.0000 1.9752 2.3000 60 23 243
2.6300 1.9752 2.4000 60 23 243
0.0000 1.9752 2.4000 60 23 243
2.6300 1.9752 2.5000 60 23 243
0.0000 1.9752 2.5000 60 23 243
2.6300 1.9752 2.6000 60 23 243
0.0000 1.9752 2.6000 60 23 243
2.6300 1.9752 2.7000 60 23 243
0.0000 1.9752 2.7000 60 23 243
2.6300 1.9752 2.8000 60 23 243
0.0000 1.9752 2.8000 60 23 243
2.6300 1.9752 2.9000 60 23 243
0.0000 1.9752 2.9000 60 23 243
2.6300 1.9752 3.0000 60 23 243
0.0000 1.9752 3.0000 60 23 243
0.0000 2.0700 3.0300 50 0 255
0.0000 2.0700 0.0000 50 0 255
0.1000 2.0700 3.0300 50 0 255
0.1000 2.0700 0.0000 50 0 255
0.2000 2.0700 3.0300 50 0 255
0.2000 2.0700 0.0000 50 0 255
0.3000 2.0700 3.0300 50 0 255
0.3000 2.0700 0.0000 50 0 255
0.4000 2.0700 3.0300 50 0 255
0.4000 2.0700 0.0000 50 0 255
0.5000 2.0700 3.0300 50 0 255
0.5000 2.0700 0.0000 50 0 255
0.6000 2.0700 3.0300 50 0 255
0.6000 2.0700 0.0000 50 0 255
0.7000 2.0700 3.0300 50 0 255
0.7000 2.0700 0.0000 50 0 255
0.8000 2.0700 3.0300 50 0 255
0.8000 2.0700 0.0000 50 0 255
0.9000 2.0700 3.0300 50 0 255
0.9000 2.0700 0.0000 50 0 255
1.0000 2.0700 3.0300 50 0 255
1.0000 2.0700 0.0000 50 0 255
1.1000 2.0700 3.0300 50 0 255
1.1000 2.0700 0.0000 50 0 255
1.2000 2.0700 3.0300 50 0 255
1.2000 2.0700 0.0000 50 0 255
1.3000 2.0700 3.0300 50 0 255
1.3000 2.0700 0.0000 50 0 255
1.4000 2.0700 3.0300 50 0 255
1.4000 2.0700 0.0000 50 0 255
1.5000 2.0700 3.0300 50 0 255
1.5000 2.0700 0.0000 50 0 255
1.6000 2.0700 3.0300 50 0 255
1.6000 2.0700 0.0000 50 0 255
1.7000 2.0700 3.0300 50 0 255
1.7000 2.0700 0.0000 50 0 255
1.8000 2.0700 3.0300 50 0 255
1.8000 2.0700 0.0000 50 0 255
1.9000 2.0700 3.0300 50 0 255
1.9000 2.0700 0.0000 50 0 255
2.0000 2.0700 3.0300 50 0 255
2.0000 2.0700 0.0000 50 0 255
2.1000 2.0700 3.0300 50 0 255
2.1000 2.0700 0.0000 50 0 255
2.2000 2.0700 3.0300 50 0 255
2.2000 2.0700 0.0000 50 0 255
2.3000 2.0700 3.0300 50 0 255
2.3000 2.0700 0.0000 50 0 255
2.4000 2.0700 3.0300 50 0 255
2.4000 2.0700 0.0000 50 0 255
2.5000 2.0700 3.0300 50 0 255
2.5000 2.0700 0.0000 50 0 255
2.6000 2.0700 3.0300 50 0 255
2.6000 2.0700 0.0000 50 0 255
2.6300 2.0700 0.0000 50 0 255
0.0000 2.0700 0.0000 50 0 255
2.6300 2.0700 0.1000 50 0 255
0.0000 2.0700 0.1000 50 0 255
2.6300 2.0700 0.2000 50 0 255
0.0000 2.0700 0.2000 50 0 255
2.6300 2.0700 0.3000 50 0 255
0.0000 2.0700 0.3000 50 0 255
2.6300 2.0700 0.4000 50 0 255
0.0000 2.0700 0.4000 50 0 255
2.6300 2.0700 0.5000 50 0 255
0.0000 2.0700 0.5000 50 0 255
2.6300 2.0700 0.6000 50 0 255
0.0000 2.0700 0.6000 50 0 255
2.6300 2.0700 0.7000 50 0 255
0.0000 2.0700 0.7000 50 0 255
2.6300 2.0700 0.8000 50 0 255
0.0000 2.0700 0.8000 50 0 255
2.6300 2.0700 0.9000 50 0 255
0.0000 2.0700 0.9000 50 0 255
2.6300 2.0700 1.0000 50 0 255
0.0000 2.0700 1.0000 50 0 255
2.6300 2.0700 1.1000 50 0 255
0.0000 2.0700 1.1000 50 0 255
2.6300 2.0700 1.2000 50 0 255
0.0000 2.0700 1.2000 50 0 255
2.6300 2.0700 1.3000 50 0 255
0.0000 2.0700 1.3000 50 0 255
2.6300 2.0700 1.4000 50 0 255
0.0000 2.0700 1.4000 50 0 255
2.6300 2.0700 1.5000 50 0 255
0.0000 2.0700 1.5000 50 0 255
2.6300 2.0700 1.6000 50 0 255
0.0000 2.0700 1.6000 50 0 255
2.6300 2.0700 1.7000 50 0 255
0.0000 2.0700 1.7000 50 0 255
2.6300 2.0700 1.8000 50 0 255
0.0000 2.0700 1.8000 50 0 255
2.6300 2.0700 1.9000 50 0 255
0.0000 2.0700 1.9000 50 0 255
2.6300 2.0700 2.0000 50 0 255
0.0000 2.0700 2.0000 50 0 255
2.6300 2.0700 2.1000 50 0 255
0.0000 2.0700 2.1000 50 0 255
2.6300 2.0700 2.2000 50 0 255
0.0000 2.0700 2.2000 50 0 255
2.6300 2.0700 2.3000 50 0 255
0.0000 2.0700 2.3000 50 0 255
2.6300 2.0700 2.4000 50 0 255
0.0000 2.0700 2.4000 50 0 255
2.6300 2.0700 2.5000 50 0 255
0.0000 2.0700 2.5000 50 0 255
2.6300 2.0700 2.6000 50 0 255
0.0000 2.0700 2.6000 50 0 255
2.6300 2.0700 2.7000 50 0 255
0.0000 2.0700 2.7000 50 0 255
2.6300 2.0700 2.8000 50 0 255
0.0000 2.0700 2.8000 50 0 255
2.6300 2.0700 2.9000 50 0 255
0.0000 2.0700 2.9000 50 0 255
2.6300 2.0700 3.0000 50 0 255
0.0000 2.0700 3.0000 50 0 255
3 21 0 1
3 1 22 21
3 43 42 21
3 21 22 43
3 41 62 61
3 61 40 41
3 189 168 190
3 168 169 190
3 2 3 24
3 24 23 2
3 2 22 1
3 23 22 2
3 43 22 44
3 44 22 23
3 126 105 106
3 126 106 127
3 148 168 147
3 148 169 168
3 148 147 126
3 126 127 148
3 29 7 8
3 28 7 29
3 19 20 41
3 41 40 19
3 124 125 146
3 146 145 124
3 167 188 166
3 188 187 166
3 146 167 166
3 166 145 146
3 210 189 190
3 190 211 210
3 45 23 24
3 44 23 45
3 155 156 177
3 177 176 155
3 60 61 82
3 82 81 60
3 61 62 82
3 82 62 83
3 39 40 61
3 39 61 60
3 39 18 19
3 19 40 39
3 39 17 18
3 38 17 39
3 31 10 11
3 32 31 11
3 53 32 33
3 33 54 53
3 11 12 33
3 33 32 11
3 12 13 33
3 33 13 34
3 51 50 30
3 30 50 29
3 9 10 30
3 30 10 31
3 30 8 9
3 29 8 30
3 73 94 72
3 72 94 93
3 52 53 74
3 74 73 52
3 52 73 72
3 72 51 52
3 52 31 32
3 52 32 53
3 52 51 30
3 30 31 52
3 60 81 59
3 59 81 80
3 39 60 59
3 59 38 39
3 37 38 59
3 59 58 37
3 16 17 38
3 16 38 37
3 16 36 15
3 37 36 16
3 14 15 35
3 15 36 35
3 35 13 14
3 34 13 35
3 35 36 57
3 57 56 35
3 37 58 57
3 57 36 37
3 55 54 33
3 33 34 55
3 55 34 35
3 35 56 55
3 53 54 75
3 74 53 75
3 124 145 123
3 145 144 123
3 165 145 166
3 165 144 145
3 166 187 186
3 165 166 186
3 186 207 206
3 206 185 186
3 206 207 228
3 228 227 206
3 186 187 208
3 208 207 186
3 363 362 341
3 341 342 363
3 320 321 341
3 341 321 342
3 356 377 376
3 376 355 356
3 333 313 334
3 312 313 333
3 347 325 326
3 346 325 347
3 327 326 305
3 305 306 327
3 327 306 307
3 307 328 327
3 347 326 327
3 327 348 347
3 349 370 369
3 369 348 349
3 327 328 349
3 349 348 327
3 329 328 307
3 307 308 329
3 358 357 336
3 336 337 358
3 338 359 358
3 358 337 338
3 338 337 316
3 316 317 338
3 336 315 316
3 316 337 336
3 296 317 316
3 295 296 316
3 316 315 294
3 294 295 316
3 232 231 210
3 210 211 232
3 252 231 232
3 232 253 252
3 294 273 274
3 274 295 294
3 274 273 252
3 252 253 274
3 274 296 295
3 275 296 274
3 106 105 85
3 85 105 84
3 107 106 85
3 85 86 107
3 4 5 25
3 5 26 25
3 24 3 25
3 25 3 4
3 27 5 6
3 27 26 5
3 27 7 28
3 6 7 27
3 49 28 29
3 29 50 49
3 27 28 49
3 49 48 27
3 149 169 148
3 170 169 149
3 149 171 170
3 150 171 149
3 177 178 198
3 198 178 199
3 343 364 363
3 363 342 343
3 342 321 343
3 343 321 322
3 365 364 343
3 343 344 365
3 343 323 344
3 322 323 343
3 301 300 279
3 279 280 301
3 322 321 301
3 301 321 300
3 301 323 322
3 302 323 301
3 155 176 175
3 175 154 155
3 256 276 255
3 256 277 276
3 95 94 73
3 95 73 74
3 95 74 75
3 75 96 95
3 135 136 157
3 157 156 135
3 177 156 157
3 157 178 177
3 101 100 79
3 79 80 101
3 59 80 79
3 79 58 59
3 57 58 79
3 79 78 57
3 79 100 99
3 99 78 79
3 121 141 120
3 142 141 121
3 99 100 121
3 121 120 99
3 121 100 101
3 101 122 121
3 162 161 140
3 140 141 162
3 140 161 160
3 160 139 140
3 77 56 57
3 57 78 77
3 77 78 99
3 99 98 77
3 80 81 102
3 101 80 102
3 102 122 101
3 123 122 102
3 164 165 186
3 186 185 164
3 209 187 188
3 208 187 209
3 360 359 338
3 338 339 360
3 334 313 335
3 335 313 314
3 356 355 335
3 335 355 334
3 354 375 374
3 354 374 353
3 376 375 354
3 354 355 376
3 353 332 354
3 354 332 333
3 334 355 354
3 333 334 354
3 344 323 324
3 345 344 324
3 324 325 346
3 324 346 345
3 324 323 302
3 302 303 324
3 345 346 366
3 346 367 366
3 365 344 366
3 366 344 345
3 368 346 347
3 368 367 346
3 347 348 368
3 368 348 369
3 259 260 281
3 281 280 259
3 301 280 281
3 281 302 301
3 281 303 302
3 281 282 303
3 264 285 284
3 284 263 264
3 284 306 305
3 285 306 284
3 307 306 286
3 286 306 285
3 205 185 206
3 184 185 205
3 206 227 226
3 205 206 226
3 292 293 314
3 314 313 292
3 292 313 312
3 292 312 291
3 297 296 275
3 297 275 276
3 276 277 297
3 297 277 298
3 299 321 320
3 300 321 299
3 279 300 299
3 299 278 279
3 298 277 299
3 277 278 299
3 274 253 254
3 254 275 274
3 255 276 254
3 276 275 254
3 64 42 43
3 63 42 64
3 64 43 44
3 44 65 64
3 84 63 64
3 85 84 64
3 64 86 85
3 64 65 86
3 107 86 108
3 86 87 108
3 108 87 88
3 88 109 108
3 45 24 46
3 46 24 25
3 66 44 45
3 66 65 44
3 66 87 86
3 86 65 66
3 46 67 66
3 66 45 46
3 66 67 88
3 88 87 66
3 110 131 130
3 130 109 110
3 110 132 131
3 111 132 110
3 127 106 128
3 128 106 107
3 148 127 128
3 149 148 128
3 261 240 241
3 241 262 261
3 260 239 261
3 261 239 240
3 281 260 261
3 261 282 281
3 258 280 279
3 259 280 258
3 192 213 191
3 213 212 191
3 170 171 191
3 191 171 192
3 191 211 190
3 212 211 191
3 190 169 191
3 191 169 170
3 238 260 259
3 238 239 260
3 218 239 238
3 238 217 218
3 256 255 235
3 255 234 235
3 235 234 213
3 235 213 214
3 235 214 215
3 215 236 235
3 138 139 160
3 160 159 138
3 97 98 119
3 119 118 97
3 99 120 119
3 119 98 99
3 140 139 119
3 139 118 119
3 120 141 119
3 119 141 140
3 76 96 75
3 97 96 76
3 77 98 76
3 76 98 97
3 76 54 55
3 75 54 76
3 55 56 76
3 76 56 77
3 104 125 103
3 103 125 124
3 103 124 123
3 103 123 102
3 83 104 103
3 82 83 103
3 103 81 82
3 102 81 103
3 163 141 142
3 162 141 163
3 163 183 162
3 184 183 163
3 164 185 163
3 163 185 184
3 143 142 121
3 121 122 143
3 123 144 143
3 143 122 123
3 143 164 163
3 163 142 143
3 143 144 165
3 143 165 164
3 249 228 229
3 229 250 249
3 228 207 229
3 229 207 208
3 299 320 319
3 319 298 299
3 319 320 341
3 319 341 340
3 341 362 361
3 340 341 361
3 360 339 361
3 361 339 340
3 349 328 350
3 350 328 329
3 329 330 350
3 350 330 351
3 261 262 283
3 283 282 261
3 283 263 284
3 262 263 283
3 265 285 264
3 286 285 265
3 204 184 205
3 204 183 184
3 204 205 226
3 226 225 204
3 182 183 204
3 204 203 182
3 182 161 162
3 162 183 182
3 160 161 182
3 182 181 160
3 204 225 224
3 224 203 204
3 292 291 271
3 291 270 271
3 272 293 271
3 271 293 292
3 249 250 271
3 271 270 249
3 271 251 272
3 271 250 251
3 373 372 352
3 352 372 351
3 352 374 373
3 353 374 352
3 351 330 352
3 352 330 331
3 352 332 353
3 331 332 352
3 233 212 213
3 213 234 233
3 233 255 254
3 233 234 255
3 232 211 233
3 233 211 212
3 233 253 232
3 254 253 233
3 71 50 51
3 71 51 72
3 70 48 49
3 70 69 48
3 90 69 70
3 91 90 70
3 49 50 70
3 70 50 71
3 89 111 110
3 89 90 111
3 89 109 88
3 110 109 89
3 47 26 27
3 27 48 47
3 25 26 47
3 46 25 47
3 129 150 149
3 129 149 128
3 129 107 108
3 128 107 129
3 108 109 129
3 129 109 130
3 175 176 197
3 197 196 175
3 218 217 197
3 217 196 197
3 197 176 177
3 197 177 198
3 241 240 219
3 219 220 241
3 198 199 219
3 199 220 219
3 219 239 218
3 240 239 219
3 197 198 219
3 219 218 197
3 179 178 157
3 157 158 179
3 242 262 241
3 242 263 262
3 241 220 242
3 242 220 221
3 257 277 256
3 257 278 277
3 279 278 257
3 258 279 257
3 257 256 235
3 235 236 257
3 257 236 237
3 237 258 257
3 215 216 237
3 237 236 215
3 237 259 258
3 238 259 237
3 237 217 238
3 237 216 217
3 133 154 153
3 153 132 133
3 131 132 153
3 152 131 153
3 151 150 129
3 129 130 151
3 130 131 151
3 151 131 152
3 157 136 137
3 137 158 157
3 138 159 137
3 137 159 158
3 230 250 229
3 251 250 230
3 230 208 209
3 229 208 230
3 338 317 318
3 318 339 338
3 319 340 318
3 340 339 318
3 318 317 296
3 318 296 297
3 297 298 318
3 318 298 319
3 350 351 371
3 351 372 371
3 371 370 349
3 371 349 350
3 326 325 304
3 305 326 304
3 304 325 324
3 324 303 304
3 284 305 304
3 283 284 304
3 303 282 304
3 304 282 283
3 182 203 202
3 202 181 182
3 311 312 333
3 333 332 311
3 291 312 311
3 290 291 311
3 245 265 244
3 245 266 265
3 269 270 291
3 269 291 290
3 112 132 111
3 133 132 112
3 112 90 91
3 111 90 112
3 155 154 134
3 134 154 133
3 134 133 112
3 112 113 134
3 134 156 155
3 135 156 134
3 72 93 92
3 71 72 92
3 92 91 70
3 70 71 92
3 112 91 92
3 92 113 112
3 114 136 135
3 115 136 114
3 93 94 114
3 114 94 115
3 114 135 134
3 134 113 114
3 114 113 92
3 92 93 114
3 68 69 90
3 68 90 89
3 88 67 68
3 89 88 68
3 48 69 68
3 47 48 68
3 68 67 46
3 68 46 47
3 200 220 199
3 221 220 200
3 199 178 200
3 200 178 179
3 160 181 180
3 180 159 160
3 179 158 180
3 158 159 180
3 242 221 243
3 221 222 243
3 264 263 243
3 243 263 242
3 265 264 243
3 244 265 243
3 174 154 175
3 153 154 174
3 174 152 153
3 173 152 174
3 172 171 150
3 172 150 151
3 151 152 172
3 172 152 173
3 116 94 95
3 115 94 116
3 137 136 116
3 116 136 115
3 245 244 223
3 223 224 245
3 223 244 243
3 243 222 223
3 223 203 224
3 202 203 223
3 310 332 331
3 311 332 310
3 310 290 311
3 310 289 290
3 329 308 309
3 309 330 329
3 331 330 309
3 310 331 309
3 309 289 310
3 288 289 309
3 287 286 265
3 265 266 287
3 287 308 307
3 287 307 286
3 287 266 267
3 287 267 288
3 287 288 309
3 309 308 287
3 224 225 246
3 245 224 246
3 246 266 245
3 267 266 246
3 223 222 201
3 201 202 223
3 201 181 202
3 180 181 201
3 201 221 200
3 201 222 221
3 200 179 201
3 201 179 180
3 217 216 195
3 195 196 217
3 175 196 195
3 174 175 195
3 193 213 192
3 214 213 193
3 192 171 193
3 193 171 172
3 95 96 117
3 116 95 117
3 117 138 137
3 117 137 116
3 97 118 117
3 117 96 97
3 117 139 138
3 117 118 139
3 247 225 226
3 246 225 247
3 194 173 174
3 194 174 195
3 194 216 215
3 195 216 194
3 172 173 194
3 193 172 194
3 215 214 194
3 194 214 193
3 268 267 246
3 268 246 247
3 268 289 288
3 288 267 268
3 269 290 268
3 290 289 268
3 249 270 248
3 248 270 269
3 248 227 228
3 248 228 249
3 248 269 268
3 268 247 248
3 226 227 248
3 247 226 248
3 491 489 605
3 605 607 491
3 605 489 487
3 487 603 605
3 589 473 471
3 471 587 589
3 605 603 719
3 719 721 605
3 837 721 719
3 719 835 837
3 487 485 601
3 601 603 487
3 2575 2691 2693
3 2693 2577 2575
3 2584 2466 2581
3 2581 2697 2584
3 2234 2120 2233
3 2233 2349 2234
3 2117 2115 2233
3 2115 2231 2233
3 1761 1763 1647
3 1647 1645 1761
3 1533 1531 1647
3 1647 1649 1533
3 1647 1763 1765
3 1765 1649 1647
3 2229 2231 2115
3 2229 2115 2113
3 1247 1193 1361
3 1361 1363 1247
3 1075 1193 1247
3 1247 1131 1075
3 1015 961 1075
3 1075 1131 1015
3 901 899 1015
3 1015 1017 901
3 843 961 1015
3 1015 899 843
3 843 783 729
3 899 783 843
3 789 905 907
3 907 791 789
3 789 787 903
3 903 905 789
3 451 449 565
3 565 567 451
3 2873 2875 2759
3 2759 2757 2873
3 1481 1363 1479
3 1481 1365 1363
3 1657 1771 1827
3 1827 1711 1657
3 1827 1943 1945
3 1945 1829 1827
3 1713 1711 1827
3 1827 1829 1713
3 1599 1483 1481
3 1481 1597 1599
3 1599 1597 1713
3 1713 1715 1599
3 1831 1947 1949
3 1949 1833 1831
3 1831 1829 1945
3 1945 1947 1831
3 1713 1829 1831
3 1831 1715 1713
3 1651 1649 1765
3 1765 1767 1651
3 1533 1649 1651
3 1651 1535 1533
3 1308 1192 1305
3 1305 1421 1308
3 1305 1192 1076
3 1076 1189 1305
3 1305 1187 1303
3 1189 1187 1305
3 1419 1421 1305
3 1305 1303 1419
3 1533 1535 1419
3 1419 1417 1533
3 1076 960 1073
3 1073 1189 1076
3 1073 1187 1189
3 1071 1187 1073
3 1073 960 842
3 842 957 1073
3 957 955 1073
3 1073 955 1071
3 1071 955 953
3 953 1069 1071
3 953 955 839
3 839 837 953
3 1415 1531 1533
3 1533 1417 1415
3 1419 1303 1301
3 1301 1417 1419
3 1415 1417 1301
3 1301 1299 1415
3 1415 1299 1297
3 1297 1413 1415
3 1297 1183 1181
3 1299 1183 1297
3 939 941 825
3 939 825 823
3 599 715 717
3 717 601 599
3 717 835 719
3 717 833 835
3 719 603 717
3 717 603 601
3 717 715 831
3 831 833 717
3 2233 2120 2002
3 2002 2117 2233
3 2002 1886 2001
3 2001 2117 2002
3 2001 2115 2117
3 1999 2115 2001
3 2465 2463 2579
3 2579 2581 2465
3 2347 2349 2233
3 2233 2231 2347
3 2347 2463 2465
3 2465 2349 2347
3 1529 1645 1647
3 1647 1531 1529
3 1529 1531 1415
3 1415 1413 1529
3 1987 1985 2101
3 2101 2103 1987
3 1987 2103 2105
3 2105 1989 1987
3 2223 2107 2105
3 2105 2221 2223
3 1881 1767 1765
3 1881 1883 1767
3 2799 2915 2917
3 2917 2801 2799
3 2223 2221 2339
3 2339 2221 2337
3 2101 2217 2219
3 2219 2103 2101
3 2105 2103 2219
3 2219 2221 2105
3 2337 2221 2219
3 2335 2337 2219
3 2219 2217 2333
3 2333 2335 2219
3 2333 2217 2215
3 2215 2331 2333
3 1595 1539 1657
3 1657 1711 1595
3 1595 1711 1713
3 1713 1597 1595
3 1481 1479 1595
3 1595 1597 1481
3 1477 1539 1595
3 1595 1479 1477
3 1477 1363 1361
3 1479 1363 1477
3 1015 1131 1133
3 1133 1017 1015
3 789 791 675
3 675 673 789
3 785 899 901
3 785 783 899
3 903 787 785
3 785 901 903
3 1029 913 911
3 911 1027 1029
3 797 795 911
3 911 913 797
3 1259 1375 1377
3 1377 1261 1259
3 1251 1253 1137
3 1137 1135 1251
3 1019 1135 1137
3 1137 1021 1019
3 1019 905 903
3 1021 905 1019
3 1019 1017 1133
3 1133 1135 1019
3 901 1017 1019
3 903 901 1019
3 557 441 439
3 439 555 557
3 437 553 439
3 439 553 555
3 671 787 789
3 789 673 671
3 557 555 671
3 671 673 557
3 785 787 671
3 671 669 785
3 671 553 669
3 555 553 671
3 675 791 793
3 793 677 675
3 1045 1043 1159
3 1159 1161 1045
3 1273 1275 1159
3 1159 1157 1273
3 569 455 453
3 569 571 455
3 569 453 451
3 451 567 569
3 1283 1399 1401
3 1401 1285 1283
3 447 445 563
3 445 561 563
3 565 449 563
3 563 449 447
3 2523 2469 2583
3 2583 2639 2523
3 2641 2757 2759
3 2759 2643 2641
3 2183 2185 2069
3 2069 2067 2183
3 2767 2883 2885
3 2885 2769 2767
3 2881 2883 2767
3 2767 2765 2881
3 2885 2887 2771
3 2771 2769 2885
3 2771 2653 2769
3 2655 2653 2771
3 1887 1943 1827
3 1827 1771 1887
3 2061 2059 2175
3 2175 2177 2061
3 1945 1943 2061
3 2061 1943 2059
3 1509 1625 1627
3 1627 1511 1509
3 1537 1421 1419
3 1419 1535 1537
3 1424 1308 1537
3 1308 1421 1537
3 723 607 605
3 605 721 723
3 723 721 837
3 723 837 839
3 842 726 841
3 841 957 842
3 841 955 957
3 839 955 841
3 1185 1299 1301
3 1185 1183 1299
3 1185 1187 1071
3 1071 1069 1185
3 1303 1187 1185
3 1301 1303 1185
3 1059 1175 1061
3 1175 1177 1061
3 1061 945 943
3 943 1059 1061
3 1067 1183 1185
3 1185 1069 1067
3 1181 1183 1065
3 1065 1183 1067
3 1287 1285 1401
3 1401 1403 1287
3 1171 1055 1169
3 1055 1053 1169
3 1169 1285 1287
3 1287 1171 1169
3 1057 941 939
3 939 1055 1057
3 1057 1059 943
3 943 941 1057
3 595 479 477
3 477 593 595
3 477 475 591
3 591 593 477
3 591 589 705
3 705 707 591
3 591 473 589
3 475 473 591
3 709 711 595
3 595 593 709
3 823 825 709
3 709 707 823
3 709 593 591
3 591 707 709
3 601 485 483
3 599 601 483
3 481 479 597
3 597 479 595
3 483 481 597
3 597 599 483
3 827 711 709
3 709 825 827
3 825 941 827
3 827 941 943
3 943 945 827
3 827 945 829
3 1767 1883 1885
3 1769 1767 1885
3 1885 1772 1654
3 1654 1769 1885
3 1885 1999 2001
3 1885 1883 1999
3 1885 1886 1772
3 2001 1886 1885
3 2929 2814 2700
3 2700 2813 2929
3 2584 2697 2700
3 2700 2697 2813
3 2811 2925 2927
3 2811 2809 2925
3 2811 2927 2929
3 2929 2813 2811
3 2807 2921 2923
3 2805 2921 2807
3 2693 2691 2807
3 2807 2809 2693
3 2923 2925 2807
3 2925 2809 2807
3 2799 2801 2685
3 2685 2683 2799
3 2685 2569 2567
3 2567 2683 2685
3 2581 2466 2352
3 2465 2581 2352
3 2234 2349 2352
3 2352 2349 2465
3 2345 2231 2229
3 2347 2231 2345
3 1751 1867 1869
3 1869 1753 1751
3 1519 1403 1517
3 1517 1403 1401
3 1401 1399 1517
3 1517 1399 1515
3 1287 1403 1405
3 1405 1289 1287
3 1291 1289 1405
3 1405 1407 1291
3 1409 1407 1525
3 1407 1523 1525
3 1877 1875 1991
3 1991 1993 1877
3 1991 1989 2105
3 2105 2107 1991
3 1991 1875 1873
3 1873 1989 1991
3 1643 1645 1529
3 1529 1527 1643
3 1869 1867 1983
3 1983 1985 1869
3 2109 1993 1991
3 1991 2107 2109
3 2109 2107 2223
3 2223 2225 2109
3 2113 2115 1997
3 1997 2115 1999
3 1997 1883 1881
3 1999 1883 1997
3 1879 1763 1761
3 1879 1761 1877
3 1877 1993 1879
3 1879 1993 1995
3 1765 1763 1879
3 1881 1765 1879
3 1997 1881 1879
3 1879 1995 1997
3 2341 2223 2339
3 2341 2225 2223
3 2329 2331 2215
3 2215 2213 2329
3 2675 2677 2561
3 2561 2559 2675
3 2443 2559 2561
3 2561 2445 2443
3 2451 2337 2335
3 2453 2337 2451
3 2567 2569 2451
3 2451 2569 2453
3 559 445 443
3 559 561 445
3 675 677 559
3 677 561 559
3 443 441 559
3 559 441 557
3 559 673 675
3 557 673 559
3 667 783 785
3 785 669 667
3 729 783 667
3 665 729 667
3 1599 1715 1717
3 1717 1601 1599
3 1831 1833 1717
3 1717 1715 1831
3 1717 1833 1835
3 1835 1719 1717
3 1487 1371 1485
3 1371 1369 1485
3 1485 1483 1599
3 1599 1601 1485
3 1603 1601 1717
3 1717 1719 1603
3 1603 1487 1485
3 1485 1601 1603
3 1023 1141 1025
3 1023 1139 1141
3 1023 1021 1137
3 1137 1139 1023
3 907 905 1023
3 1023 905 1021
3 1141 1139 1255
3 1257 1141 1255
3 1137 1253 1255
3 1255 1139 1137
3 1255 1369 1371
3 1253 1369 1255
3 1367 1365 1481
3 1481 1483 1367
3 1485 1369 1367
3 1367 1483 1485
3 1367 1253 1251
3 1367 1369 1253
3 1249 1365 1367
3 1367 1251 1249
3 1251 1135 1249
3 1249 1135 1133
3 1247 1363 1249
3 1363 1365 1249
3 1249 1131 1247
3 1133 1131 1249
3 909 1027 911
3 1025 1027 909
3 911 795 909
3 909 795 793
3 1023 1025 909
3 909 907 1023
3 909 791 907
3 793 791 909
3 1047 931 929
3 929 1045 1047
3 809 695 693
3 809 811 695
3 1159 1043 1041
3 1041 1157 1159
3 1145 1261 1263
3 1263 1147 1145
3 1267 1269 1153
3 1153 1151 1267
3 1391 1275 1273
3 1273 1389 1391
3 589 587 703
3 705 589 703
3 457 455 573
3 455 571 573
3 573 571 687
3 687 689 573
3 805 689 687
3 687 803 805
3 809 693 691
3 691 807 809
3 691 689 805
3 805 807 691
3 1149 1147 1263
3 1263 1265 1149
3 1267 1151 1149
3 1149 1265 1267
3 1035 1151 1153
3 1153 1037 1035
3 1149 1151 1035
3 1035 1033 1149
3 797 913 915
3 799 797 915
3 579 463 461
3 461 577 579
3 693 695 579
3 577 693 579
3 465 463 579
3 579 581 465
3 1277 1161 1159
3 1159 1275 1277
3 1277 1275 1391
3 1391 1393 1277
3 1509 1511 1395
3 1395 1393 1509
3 1277 1393 1395
3 1395 1279 1277
3 1283 1285 1167
3 1167 1285 1169
3 1169 1053 1167
3 1167 1053 1051
3 679 795 797
3 797 681 679
3 679 565 563
3 679 681 565
3 679 677 793
3 793 795 679
3 563 561 679
3 679 561 677
3 2765 2649 2763
3 2649 2647 2763
3 2763 2879 2881
3 2881 2765 2763
3 2759 2875 2877
3 2761 2759 2877
3 2877 2879 2763
3 2763 2761 2877
3 2645 2529 2527
3 2527 2643 2645
3 2645 2643 2759
3 2645 2759 2761
3 2763 2647 2645
3 2645 2761 2763
3 2755 2757 2641
3 2641 2639 2755
3 2873 2757 2755
3 2871 2873 2755
3 2533 2535 2417
3 2417 2535 2419
3 2531 2647 2649
3 2531 2649 2533
3 2531 2533 2417
3 2417 2415 2531
3 2531 2529 2645
3 2645 2647 2531
3 2291 2177 2175
3 2293 2177 2291
3 2641 2643 2525
3 2525 2643 2527
3 2523 2639 2525
3 2525 2639 2641
3 2531 2415 2413
3 2413 2529 2531
3 2415 2299 2413
3 2413 2299 2297
3 2295 2177 2293
3 2179 2177 2295
3 2651 2653 2537
3 2537 2535 2651
3 2767 2769 2651
3 2769 2653 2651
3 2651 2535 2533
3 2533 2649 2651
3 2651 2765 2767
3 2651 2649 2765
3 2785 2899 2901
3 2783 2899 2785
3 2901 2903 2785
3 2903 2787 2785
3 2777 2893 2895
3 2895 2779 2777
3 2895 2897 2781
3 2781 2779 2895
3 2897 2899 2781
3 2781 2899 2783
3 2175 2059 2005
3 2005 2119 2175
3 2005 1943 1887
3 2059 1943 2005
3 2063 1947 1945
3 2063 1945 2061
3 2061 2177 2063
3 2063 2177 2179
3 1949 1947 2063
3 2065 1949 2063
3 2181 2179 2295
3 2295 2297 2181
3 2063 2179 2181
3 2181 2065 2063
3 2297 2299 2181
3 2181 2299 2183
3 2183 2067 2181
3 2181 2067 2065
3 1747 1745 1861
3 1863 1747 1861
3 1741 1857 1743
3 1743 1857 1859
3 1627 1625 1743
3 1743 1625 1741
3 1861 1745 1743
3 1743 1859 1861
3 1629 1627 1743
3 1743 1745 1629
3 1629 1511 1627
3 1513 1511 1629
3 2795 2909 2911
3 2793 2909 2795
3 2789 2903 2905
3 2789 2787 2903
3 2777 2779 2663
3 2663 2661 2777
3 2663 2779 2781
3 2781 2665 2663
3 2545 2543 2659
3 2659 2661 2545
3 2545 2661 2663
3 2663 2547 2545
3 2319 2203 2317
3 2203 2201 2317
3 2317 2315 2431
3 2431 2433 2317
3 2553 2555 2439
3 2439 2437 2553
3 2663 2665 2549
3 2549 2547 2663
3 2549 2433 2431
3 2431 2547 2549
3 2667 2783 2785
3 2785 2669 2667
3 2667 2669 2553
3 2553 2551 2667
3 2781 2783 2667
3 2667 2665 2781
3 2549 2665 2667
3 2667 2551 2549
3 2195 2197 2081
3 2081 2079 2195
3 1965 1963 2081
3 2081 1963 2079
3 2203 2087 2085
3 2085 2201 2203
3 1971 1969 2085
3 2085 2087 1971
3 2317 2201 2199
3 2199 2315 2317
3 2199 2201 2085
3 2085 2083 2199
3 2081 2197 2199
3 2199 2083 2081
3 1967 1965 2081
3 2081 2083 1967
3 2085 1969 1967
3 1967 2083 2085
3 2077 2075 2191
3 2191 2193 2077
3 1959 2075 2077
3 2077 1961 1959
3 2195 2079 2077
3 2077 2193 2195
3 2079 1963 2077
3 2077 1963 1961
3 1653 1538 1424
3 1653 1424 1537
3 1653 1535 1651
3 1537 1535 1653
3 1654 1538 1653
3 1653 1769 1654
3 1651 1767 1653
3 1653 1767 1769
3 491 607 609
3 493 491 609
3 609 378 493
3 494 378 609
3 837 835 951
3 953 837 951
3 951 1069 953
3 1067 1069 951
3 835 833 951
3 951 833 949
3 1065 1067 951
3 951 949 1065
3 1061 1177 1063
3 1063 1177 1179
3 1063 1181 1065
3 1179 1181 1063
3 1297 1181 1295
3 1295 1181 1179
3 1173 1289 1291
3 1291 1175 1173
3 1173 1175 1059
3 1173 1059 1057
3 1173 1171 1287
3 1287 1289 1173
3 1173 1055 1171
3 1057 1055 1173
3 821 707 705
3 823 707 821
3 821 705 703
3 703 819 821
3 713 711 827
3 827 829 713
3 595 711 713
3 597 595 713
3 831 715 713
3 713 829 831
3 713 715 599
3 713 599 597
3 2695 2697 2581
3 2695 2581 2579
3 2813 2697 2695
3 2811 2813 2695
3 2695 2577 2693
3 2579 2577 2695
3 2695 2809 2811
3 2693 2809 2695
3 2575 2577 2461
3 2461 2459 2575
3 2579 2463 2461
3 2461 2577 2579
3 2461 2463 2347
3 2461 2347 2345
3 2343 2459 2461
3 2461 2345 2343
3 2345 2229 2343
3 2343 2229 2227
3 2343 2225 2341
3 2227 2225 2343
3 1517 1515 1631
3 1631 1633 1517
3 1631 1745 1747
3 1629 1745 1631
3 1631 1513 1629
3 1515 1513 1631
3 1635 1519 1517
3 1517 1633 1635
3 1749 1633 1631
3 1631 1747 1749
3 1635 1633 1749
3 1749 1751 1635
3 1521 1407 1405
3 1521 1523 1407
3 1521 1403 1519
3 1405 1403 1521
3 1987 1989 1871
3 1871 1989 1873
3 1871 1753 1869
3 1755 1753 1871
3 1871 1985 1987
3 1869 1985 1871
3 1871 1873 1757
3 1757 1755 1871
3 2099 2213 2215
3 2097 2213 2099
3 2099 1981 2097
3 1983 1981 2099
3 2099 2217 2101
3 2215 2217 2099
3 2101 1985 2099
3 2099 1985 1983
3 2111 1993 2109
3 1995 1993 2111
3 2109 2225 2111
3 2111 2225 2227
3 2111 2113 1997
3 1997 1995 2111
3 2229 2113 2111
3 2227 2229 2111
3 2803 2801 2917
3 2803 2917 2919
3 2803 2921 2805
3 2919 2921 2803
3 2457 2459 2343
3 2343 2341 2457
3 2327 2211 2209
3 2209 2325 2327
3 2329 2213 2327
3 2327 2213 2211
3 2443 2445 2327
3 2327 2445 2329
3 551 379 495
3 435 379 551
3 551 495 665
3 551 665 667
3 551 437 435
3 551 553 437
3 669 553 551
3 667 669 551
3 1951 1949 2065
3 2065 2067 1951
3 1951 1833 1949
3 1835 1833 1951
3 1951 2067 2069
3 1951 2069 1953
3 1953 1837 1951
3 1951 1837 1835
3 1721 1719 1835
3 1835 1837 1721
3 1727 1729 1613
3 1613 1611 1727
3 1373 1375 1259
3 1259 1257 1373
3 1491 1375 1373
3 1373 1489 1491
3 1373 1257 1255
3 1255 1371 1373
3 1373 1371 1487
3 1373 1487 1489
3 1377 1375 1493
3 1493 1375 1491
3 1029 1027 1143
3 1145 1029 1143
3 1259 1261 1143
3 1143 1261 1145
3 1025 1141 1143
3 1143 1027 1025
3 1143 1141 1257
3 1143 1257 1259
3 1167 1051 1049
3 1049 1165 1167
3 1163 1161 1277
3 1277 1279 1163
3 1045 1161 1163
3 1047 1045 1163
3 1163 1165 1049
3 1049 1047 1163
3 927 1043 1045
3 927 1045 929
3 927 811 809
3 809 925 927
3 1041 1043 927
3 927 925 1041
3 809 807 923
3 923 925 809
3 923 807 805
3 805 921 923
3 1379 1261 1377
3 1263 1261 1379
3 1621 1505 1503
3 1503 1619 1621
3 1505 1389 1503
3 1503 1389 1387
3 1153 1269 1271
3 1271 1155 1153
3 1273 1157 1271
3 1271 1157 1155
3 1271 1389 1273
3 1387 1389 1271
3 1847 1731 1845
3 1731 1729 1845
3 1961 1963 1845
3 1845 1963 1847
3 1849 1965 1967
3 1967 1851 1849
3 1849 1963 1965
3 1847 1963 1849
3 1507 1625 1509
3 1507 1623 1625
3 1507 1393 1391
3 1509 1393 1507
3 1507 1505 1621
3 1621 1623 1507
3 1391 1389 1507
3 1507 1389 1505
3 471 469 585
3 585 587 471
3 703 587 585
3 585 701 703
3 579 695 697
3 697 581 579
3 817 819 703
3 703 701 817
3 575 459 457
3 575 457 573
3 573 689 575
3 575 689 691
3 461 459 575
3 575 577 461
3 691 693 575
3 575 693 577
3 685 571 569
3 687 571 685
3 683 567 565
3 565 681 683
3 683 797 799
3 683 681 797
3 569 567 683
3 685 569 683
3 805 803 919
3 919 921 805
3 1035 1037 919
3 919 1037 921
3 1145 1147 1031
3 1031 1029 1145
3 1031 913 1029
3 915 913 1031
3 1031 1147 1149
3 1149 1033 1031
3 1515 1399 1397
3 1397 1513 1515
3 1395 1511 1397
3 1397 1511 1513
3 2699 2815 2871
3 2699 2871 2755
3 2699 2639 2583
3 2755 2639 2699
3 2541 2657 2659
3 2659 2543 2541
3 2539 2653 2655
3 2537 2653 2539
3 2539 2657 2541
3 2655 2657 2539
3 2425 2423 2539
3 2541 2425 2539
3 2309 2193 2191
3 2309 2191 2307
3 2307 2423 2309
3 2309 2423 2425
3 2195 2193 2309
3 2311 2195 2309
3 2419 2535 2421
3 2421 2535 2537
3 2421 2537 2539
3 2539 2423 2421
3 2301 2185 2183
3 2183 2299 2301
3 2301 2415 2417
3 2301 2299 2415
3 2187 2185 2301
3 2301 2303 2187
3 2417 2419 2301
3 2301 2419 2303
3 2407 2523 2525
3 2525 2409 2407
3 2407 2293 2291
3 2407 2409 2293
3 2405 2469 2407
3 2407 2469 2523
3 2291 2175 2237
3 2175 2119 2237
3 2407 2291 2237
3 2237 2405 2407
3 2527 2529 2411
3 2411 2529 2413
3 2413 2297 2411
3 2411 2297 2295
3 2525 2527 2411
3 2411 2409 2525
3 2295 2293 2411
3 2293 2409 2411
3 2323 2437 2439
3 2321 2437 2323
3 2327 2325 2441
3 2441 2443 2327
3 2323 2439 2441
3 2441 2325 2323
3 2773 2655 2771
3 2773 2657 2655
3 2771 2887 2773
3 2773 2887 2889
3 1721 1837 1839
3 1839 1723 1721
3 1839 1837 1953
3 1839 1953 1955
3 2069 2185 2071
3 2071 2185 2187
3 1953 2069 2071
3 1955 1953 2071
3 2097 1981 2095
3 1981 1979 2095
3 2095 2213 2097
3 2211 2213 2095
3 2797 2911 2913
3 2795 2911 2797
3 2799 2683 2797
3 2797 2683 2681
3 2797 2915 2799
3 2913 2915 2797
3 2905 2907 2791
3 2789 2905 2791
3 2907 2909 2791
3 2791 2909 2793
3 2791 2677 2675
3 2793 2677 2791
3 2673 2789 2791
3 2791 2675 2673
3 2435 2433 2549
3 2549 2551 2435
3 2435 2319 2317
3 2317 2433 2435
3 2553 2437 2435
3 2435 2551 2553
3 2435 2437 2321
3 2435 2321 2319
3 725 612 494
3 725 494 609
3 725 607 723
3 609 607 725
3 725 726 612
3 841 726 725
3 723 839 725
3 725 839 841
3 829 945 947
3 831 829 947
3 947 945 1061
3 947 1061 1063
3 947 833 831
3 949 833 947
3 1065 949 947
3 1063 1065 947
3 1179 1177 1293
3 1295 1179 1293
3 1293 1177 1175
3 1293 1175 1291
3 1291 1407 1293
3 1293 1407 1409
3 1529 1413 1411
3 1411 1527 1529
3 1411 1413 1297
3 1411 1297 1295
3 1411 1409 1525
3 1525 1527 1411
3 1411 1295 1293
3 1293 1409 1411
3 937 1053 1055
3 937 1055 939
3 939 823 937
3 937 823 821
3 1051 1053 937
3 935 1051 937
3 821 819 937
3 937 819 935
3 1983 1867 1865
3 1865 1981 1983
3 1865 1867 1751
3 1865 1751 1749
3 1865 1979 1981
3 1863 1979 1865
3 1865 1747 1863
3 1749 1747 1865
3 1751 1753 1637
3 1635 1751 1637
3 1637 1519 1635
3 1521 1519 1637
3 1637 1753 1755
3 1637 1755 1639
3 1637 1523 1521
3 1639 1523 1637
3 1873 1875 1759
3 1757 1873 1759
3 1759 1875 1877
3 1877 1761 1759
3 1761 1645 1759
3 1759 1645 1643
3 1643 1527 1641
3 1641 1527 1525
3 1641 1757 1759
3 1759 1643 1641
3 1525 1523 1641
3 1641 1523 1639
3 1641 1755 1757
3 1639 1755 1641
3 2575 2459 2573
3 2573 2459 2457
3 2679 2795 2797
3 2797 2681 2679
3 2679 2793 2795
3 2679 2677 2793
3 2561 2677 2679
3 2563 2561 2679
3 2447 2331 2329
3 2329 2445 2447
3 2447 2445 2561
3 2447 2561 2563
3 2565 2683 2567
3 2681 2683 2565
3 2679 2681 2565
3 2565 2563 2679
3 1491 1489 1605
3 1605 1607 1491
3 1723 1607 1605
3 1721 1723 1605
3 1605 1487 1603
3 1489 1487 1605
3 1603 1719 1605
3 1605 1719 1721
3 1725 1723 1839
3 1839 1841 1725
3 1613 1729 1615
3 1615 1729 1731
3 1039 1037 1153
3 1153 1155 1039
3 923 921 1039
3 921 1037 1039
3 1039 1157 1041
3 1155 1157 1039
3 1041 925 1039
3 1039 925 923
3 1495 1377 1493
3 1379 1377 1495
3 1267 1265 1381
3 1381 1383 1267
3 1381 1265 1263
3 1381 1263 1379
3 1501 1619 1503
3 1617 1619 1501
3 1959 1961 1843
3 1843 1961 1845
3 1843 1729 1727
3 1845 1729 1843
3 1725 1841 1843
3 1843 1727 1725
3 1621 1619 1735
3 1737 1621 1735
3 1967 1969 1853
3 1853 1851 1967
3 1853 1737 1735
3 1735 1851 1853
3 927 929 813
3 813 811 927
3 695 811 813
3 697 695 813
3 929 931 813
3 813 931 815
3 817 701 699
3 699 815 817
3 699 697 813
3 813 815 699
3 1049 1051 933
3 933 1051 935
3 933 819 817
3 935 819 933
3 933 931 1047
3 933 1047 1049
3 815 931 933
3 817 815 933
3 917 915 1031
3 1031 1033 917
3 917 1033 1035
3 917 1035 919
3 1281 1283 1167
3 1167 1165 1281
3 1281 1399 1283
3 1397 1399 1281
3 1163 1279 1281
3 1281 1165 1163
3 1281 1279 1395
3 1281 1395 1397
3 2541 2543 2427
3 2427 2425 2541
3 2309 2425 2427
3 2427 2311 2309
3 2187 2303 2305
3 2305 2189 2187
3 2305 2419 2421
3 2303 2419 2305
3 2307 2191 2305
3 2191 2189 2305
3 2305 2423 2307
3 2421 2423 2305
3 2319 2321 2205
3 2205 2203 2319
3 2889 2891 2775
3 2773 2889 2775
3 2659 2657 2775
3 2775 2657 2773
3 2891 2893 2775
3 2775 2893 2777
3 2777 2661 2775
3 2775 2661 2659
3 2191 2075 2073
3 2073 2189 2191
3 2071 2187 2073
3 2187 2189 2073
3 2209 2211 2093
3 2093 2211 2095
3 2671 2787 2789
3 2671 2789 2673
3 2785 2787 2671
3 2671 2669 2785
3 2671 2555 2553
3 2553 2669 2671
3 2557 2559 2443
3 2557 2443 2441
3 2675 2559 2557
3 2673 2675 2557
3 2439 2555 2557
3 2441 2439 2557
3 2671 2673 2557
3 2557 2555 2671
3 2689 2805 2807
3 2807 2691 2689
3 2689 2691 2575
3 2689 2575 2573
3 2339 2337 2455
3 2455 2337 2453
3 2341 2339 2455
3 2457 2341 2455
3 2449 2335 2333
3 2451 2335 2449
3 2449 2567 2451
3 2565 2567 2449
3 2333 2331 2449
3 2449 2331 2447
3 2447 2563 2449
3 2449 2563 2565
3 1493 1491 1609
3 1491 1607 1609
3 1609 1607 1723
3 1609 1723 1725
3 1495 1493 1609
3 1609 1611 1495
3 1727 1611 1609
3 1725 1727 1609
3 1497 1611 1613
3 1495 1611 1497
3 1497 1379 1495
3 1381 1379 1497
3 1385 1269 1267
3 1267 1383 1385
3 1271 1269 1385
3 1385 1387 1271
3 1503 1387 1385
3 1501 1503 1385
3 1385 1383 1499
3 1499 1501 1385
3 1499 1617 1501
3 1615 1617 1499
3 1499 1383 1381
3 1499 1381 1497
3 1499 1613 1615
3 1497 1613 1499
3 1733 1619 1617
3 1735 1619 1733
3 1849 1851 1733
3 1733 1851 1735
3 1615 1731 1733
3 1733 1617 1615
3 1733 1731 1847
3 1733 1847 1849
3 1971 1973 1855
3 1973 1857 1855
3 1855 1969 1971
3 1853 1969 1855
3 467 465 583
3 465 581 583
3 583 581 697
3 583 697 699
3 583 469 467
3 585 469 583
3 583 701 585
3 699 701 583
3 801 803 687
3 801 687 685
3 919 803 801
3 917 919 801
3 683 799 801
3 801 685 683
3 801 799 915
3 801 915 917
3 2199 2197 2313
3 2313 2315 2199
3 2313 2197 2195
3 2313 2195 2311
3 1971 2087 2089
3 2089 1973 1971
3 2089 2087 2203
3 2089 2203 2205
3 1839 1955 1957
3 1957 1841 1839
3 1957 1955 2071
3 1957 2071 2073
3 1957 1959 1843
3 1843 1841 1957
3 1957 2075 1959
3 2073 2075 1957
3 1859 1857 1975
3 1975 1857 1973
3 2685 2801 2687
3 2687 2801 2803
3 2803 2805 2687
3 2687 2805 2689
3 1741 1625 1739
3 1625 1623 1739
3 1739 1857 1741
3 1855 1857 1739
3 1739 1623 1621
3 1739 1621 1737
3 1739 1737 1853
3 1739 1853 1855
3 2545 2547 2429
3 2429 2547 2431
3 2431 2315 2429
3 2429 2315 2313
3 2429 2543 2545
3 2427 2543 2429
3 2429 2311 2427
3 2313 2311 2429
3 2207 2325 2209
3 2323 2325 2207
3 2207 2321 2323
3 2205 2321 2207
3 1861 1859 1977
3 1977 1859 1975
3 1977 1863 1861
3 1977 1979 1863
3 2095 1979 1977
3 2093 2095 1977
3 2453 2569 2571
3 2455 2453 2571
3 2571 2569 2685
3 2571 2685 2687
3 2573 2457 2571
3 2571 2457 2455
3 2689 2573 2571
3 2687 2689 2571
3 2091 1973 2089
3 1975 1973 2091
3 2089 2205 2091
3 2091 2205 2207
3 1977 1975 2091
3 2091 2093 1977
3 2091 2209 2093
3 2207 2209 2091
3 490 604 488
3 604 490 606
3 604 486 488
3 486 604 602
3 588 470 472
3 470 588 586
3 604 718 602
3 718 604 720
3 836 718 720
3 718 836 834
3 486 600 484
3 600 486 602
3 2574 2692 2690
3 2692 2574 2576
3 2634 2580 2516
3 2580 2634 2696
3 2284 2232 2170
3 2232 2284 2348
3 2116 2232 2114
3 2114 2232 2230
3 1760 1646 1762
3 1646 1760 1644
3 1532 1646 1530
3 1646 1532 1648
3 1646 1764 1762
3 1764 1646 1648
3 2228 2114 2230
3 2228 2112 2114
3 1246 1360 1243
3 1360 1246 1362
3 1125 1246 1243
3 1246 1125 1130
3 1014 1125 1011
3 1125 1014 1130
3 900 1014 898
3 1014 900 1016
3 893 1014 1011
3 1014 893 898
3 893 779 782
3 898 893 782
3 788 906 904
3 906 788 790
3 788 902 786
3 902 788 904
3 450 564 448
3 564 450 566
3 2872 2758 2874
3 2758 2872 2756
3 1480 1478 1362
3 1480 1362 1364
3 1707 1826 1821
3 1826 1707 1710
3 1826 1944 1942
3 1944 1826 1828
3 1712 1826 1710
3 1826 1712 1828
3 1598 1480 1482
3 1480 1598 1596
3 1598 1712 1596
3 1712 1598 1714
3 1830 1948 1946
3 1948 1830 1832
3 1830 1944 1828
3 1944 1830 1946
3 1712 1830 1828
3 1830 1712 1714
3 1650 1764 1648
3 1764 1650 1766
3 1532 1650 1648
3 1650 1532 1534
3 1358 1304 1242
3 1304 1358 1420
3 1304 1126 1242
3 1126 1304 1188
3 1304 1302 1186
3 1188 1304 1186
3 1418 1304 1420
3 1304 1418 1302
3 1532 1418 1534
3 1418 1532 1416
3 1126 1072 1010
3 1072 1126 1188
3 1072 1188 1186
3 1070 1072 1186
3 1072 892 1010
3 892 1072 956
3 956 1072 954
3 1072 1070 954
3 1070 952 954
3 952 1070 1068
3 952 838 954
3 838 952 836
3 1414 1532 1530
3 1532 1414 1416
3 1418 1300 1302
3 1300 1418 1416
3 1414 1300 1416
3 1300 1414 1298
3 1414 1296 1298
3 1296 1414 1412
3 1296 1180 1182
3 1298 1296 1182
3 938 824 940
3 938 822 824
3 598 716 714
3 716 598 600
3 716 718 834
3 716 834 832
3 718 716 602
3 716 600 602
3 716 830 714
3 830 716 832
3 2232 2052 2170
3 2052 2232 2116
3 2052 2000 1936
3 2000 2052 2116
3 2000 2116 2114
3 1998 2000 2114
3 2464 2578 2462
3 2578 2464 2580
3 2346 2232 2348
3 2232 2346 2230
3 2346 2464 2462
3 2464 2346 2348
3 1528 1646 1644
3 1646 1528 1530
3 1528 1414 1530
3 1414 1528 1412
3 1986 2100 1984
3 2100 1986 2102
3 1986 2104 2102
3 2104 1986 1988
3 2222 2104 2106
3 2104 2222 2220
3 1880 1764 1766
3 1880 1766 1882
3 2798 2916 2914
3 2916 2798 2800
3 2222 2338 2220
3 2338 2336 2220
3 2100 2218 2216
3 2218 2100 2102
3 2104 2218 2102
3 2218 2104 2220
3 2336 2218 2220
3 2334 2218 2336
3 2218 2332 2216
3 2332 2218 2334
3 2332 2214 2216
3 2214 2332 2330
3 1594 1707 1589
3 1707 1594 1710
3 1594 1712 1710
3 1712 1594 1596
3 1480 1594 1478
3 1594 1480 1596
3 1476 1594 1589
3 1594 1476 1478
3 1476 1360 1362
3 1478 1476 1362
3 1014 1132 1130
3 1132 1014 1016
3 788 674 790
3 674 788 672
3 784 900 898
3 784 898 782
3 902 784 786
3 784 902 900
3 1028 910 912
3 910 1028 1026
3 796 910 794
3 910 796 912
3 1258 1376 1374
3 1376 1258 1260
3 1250 1136 1252
3 1136 1250 1134
3 1018 1136 1134
3 1136 1018 1020
3 1018 902 904
3 1020 1018 904
3 1018 1132 1016
3 1132 1018 1134
3 900 1018 1016
3 902 1018 900
3 556 438 440
3 438 556 554
3 436 438 552
3 438 554 552
3 670 788 786
3 788 670 672
3 556 670 554
3 670 556 672
3 784 670 786
3 670 784 668
3 670 668 552
3 554 670 552
3 674 792 790
3 792 674 676
3 1044 1158 1042
3 1158 1044 1160
3 1272 1158 1274
3 1158 1272 1156
3 568 452 454
3 568 454 570
3 568 450 452
3 450 568 566
3 1282 1400 1398
3 1400 1282 1284
3 446 562 444
3 444 562 560
3 564 562 448
3 562 446 448
3 2522 2633 2519
3 2633 2522 2638
3 2640 2758 2756
3 2758 2640 2642
3 2182 2068 2184
3 2068 2182 2066
3 2766 2884 2882
3 2884 2766 2768
3 2880 2766 2882
3 2766 2880 2764
3 2884 2770 2886
3 2770 2884 2768
3 2770 2768 2652
3 2654 2770 2652
3 1937 1826 1942
3 1826 1937 1821
3 2060 2174 2058
3 2174 2060 2176
3 1944 2060 1942
3 2060 2058 1942
3 1508 1626 1624
3 1626 1508 1510
3 1536 1418 1420
3 1418 1536 1534
3 1474 1536 1358
3 1358 1536 1420
3 722 604 606
3 604 722 720
3 722 836 720
3 722 838 836
3 892 840 776
3 840 892 956
3 840 956 954
3 838 840 954
3 1184 1300 1298
3 1184 1298 1182
3 1184 1070 1186
3 1070 1184 1068
3 1302 1184 1186
3 1300 1184 1302
3 1058 1060 1174
3 1174 1060 1176
3 1060 942 944
3 942 1060 1058
3 1066 1184 1182
3 1184 1066 1068
3 1180 1064 1182
3 1064 1066 1182
3 1286 1400 1284
3 1400 1286 1402
3 1170 1168 1054
3 1054 1168 1052
3 1168 1286 1284
3 1286 1168 1170
3 1056 938 940
3 938 1056 1054
3 1056 942 1058
3 942 1056 940
3 594 476 478
3 476 594 592
3 476 590 474
3 590 476 592
3 590 704 588
3 704 590 706
3 590 588 472
3 474 590 472
3 708 594 710
3 594 708 592
3 822 708 824
3 708 822 706
3 708 590 592
3 590 708 706
3 600 482 484
3 598 482 600
3 480 596 478
3 596 594 478
3 482 596 480
3 596 482 598
3 826 708 710
3 708 826 824
3 824 826 940
3 826 942 940
3 942 826 944
3 826 828 944
3 1766 1884 1882
3 1768 1884 1766
3 1884 1704 1822
3 1704 1884 1768
3 1884 2000 1998
3 1884 1998 1882
3 1884 1822 1936
3 2000 1884 1936
3 2928 2750 2864
3 2750 2928 2812
3 2634 2750 2696
3 2750 2812 2696
3 2810 2926 2924
3 2810 2924 2808
3 2810 2928 2926
3 2928 2810 2812
3 2806 2922 2920
3 2804 2806 2920
3 2692 2806 2690
3 2806 2692 2808
3 2922 2806 2924
3 2924 2806 2808
3 2798 2684 2800
3 2684 2798 2682
3 2684 2566 2568
3 2566 2684 2682
3 2580 2402 2516
3 2464 2402 2580
3 2284 2402 2348
3 2402 2464 2348
3 2344 2228 2230
3 2346 2344 2230
3 1750 1868 1866
3 1868 1750 1752
3 1518 1516 1402
3 1516 1400 1402
3 1400 1516 1398
3 1516 1514 1398
3 1286 1404 1402
3 1404 1286 1288
3 1290 1404 1288
3 1404 1290 1406
3 1408 1524 1406
3 1406 1524 1522
3 1876 1990 1874
3 1990 1876 1992
3 1990 2104 1988
3 2104 1990 2106
3 1990 1872 1874
3 1872 1990 1988
3 1642 1528 1644
3 1528 1642 1526
3 1868 1982 1866
3 1982 1868 1984
3 2108 1990 1992
3 1990 2108 2106
3 2108 2222 2106
3 2222 2108 2224
3 2112 1996 2114
3 1996 1998 2114
3 1996 1880 1882
3 1998 1996 1882
3 1878 1760 1762
3 1878 1876 1760
3 1876 1878 1992
3 1878 1994 1992
3 1764 1878 1762
3 1880 1878 1764
3 1996 1878 1880
3 1878 1996 1994
3 2340 2338 2222
3 2340 2222 2224
3 2328 2214 2330
3 2214 2328 2212
3 2674 2560 2676
3 2560 2674 2558
3 2442 2560 2558
3 2560 2442 2444
3 2450 2334 2336
3 2452 2450 2336
3 2566 2450 2568
3 2450 2452 2568
3 558 442 444
3 558 444 560
3 674 558 676
3 676 558 560
3 442 558 440
3 558 556 440
3 558 674 672
3 556 558 672
3 666 784 782
3 784 666 668
3 779 666 782
3 664 666 779
3 1598 1716 1714
3 1716 1598 1600
3 1830 1716 1832
3 1716 1830 1714
3 1716 1834 1832
3 1834 1716 1718
3 1486 1484 1370
3 1370 1484 1368
3 1484 1598 1482
3 1598 1484 1600
3 1602 1716 1600
3 1716 1602 1718
3 1602 1484 1486
3 1484 1602 1600
3 1022 1024 1140
3 1022 1140 1138
3 1022 1136 1020
3 1136 1022 1138
3 906 1022 904
3 1022 1020 904
3 1140 1254 1138
3 1256 1254 1140
3 1136 1254 1252
3 1254 1136 1138
3 1254 1370 1368
3 1252 1254 1368
3 1366 1480 1364
3 1480 1366 1482
3 1484 1366 1368
3 1366 1484 1482
3 1366 1250 1252
3 1366 1252 1368
3 1248 1366 1364
3 1366 1248 1250
3 1250 1248 1134
3 1248 1132 1134
3 1246 1248 1362
3 1362 1248 1364
3 1248 1246 1130
3 1132 1248 1130
3 908 910 1026
3 1024 908 1026
3 910 908 794
3 908 792 794
3 1022 908 1024
3 908 1022 906
3 908 906 790
3 792 908 790
3 1046 928 930
3 928 1046 1044
3 808 692 694
3 808 694 810
3 1158 1040 1042
3 1040 1158 1156
3 1144 1262 1260
3 1262 1144 1146
3 1266 1152 1268
3 1152 1266 1150
3 1390 1272 1274
3 1272 1390 1388
3 588 702 586
3 704 702 588
3 456 572 454
3 454 572 570
3 572 686 570
3 686 572 688
3 804 686 688
3 686 804 802
3 808 690 692
3 690 808 806
3 690 804 688
3 804 690 806
3 1148 1262 1146
3 1262 1148 1264
3 1266 1148 1150
3 1148 1266 1264
3 1034 1152 1150
3 1152 1034 1036
3 1148 1034 1150
3 1034 1148 1032
3 796 914 912
3 798 914 796
3 578 460 462
3 460 578 576
3 692 578 694
3 576 578 692
3 464 578 462
3 578 464 580
3 1276 1158 1160
3 1158 1276 1274
3 1276 1390 1274
3 1390 1276 1392
3 1508 1394 1510
3 1394 1508 1392
3 1276 1394 1392
3 1394 1276 1278
3 1282 1166 1284
3 1166 1168 1284
3 1168 1166 1052
3 1166 1050 1052
3 678 796 794
3 796 678 680
3 678 562 564
3 678 564 680
3 678 792 676
3 792 678 794
3 562 678 560
3 678 676 560
3 2764 2762 2648
3 2648 2762 2646
3 2762 2880 2878
3 2880 2762 2764
3 2758 2876 2874
3 2760 2876 2758
3 2876 2762 2878
3 2762 2876 2760
3 2644 2526 2528
3 2526 2644 2642
3 2644 2758 2642
3 2644 2760 2758
3 2762 2644 2646
3 2644 2762 2760
3 2754 2640 2756
3 2640 2754 2638
3 2872 2754 2756
3 2870 2754 2872
3 2532 2416 2534
3 2416 2418 2534
3 2530 2648 2646
3 2530 2532 2648
3 2530 2416 2532
3 2416 2530 2414
3 2530 2644 2528
3 2644 2530 2646
3 2290 2174 2176
3 2292 2290 2176
3 2640 2524 2642
3 2524 2526 2642
3 2522 2524 2638
3 2524 2640 2638
3 2530 2412 2414
3 2412 2530 2528
3 2414 2412 2298
3 2412 2296 2298
3 2294 2292 2176
3 2178 2294 2176
3 2650 2536 2652
3 2536 2650 2534
3 2766 2650 2768
3 2768 2650 2652
3 2650 2532 2534
3 2532 2650 2648
3 2650 2766 2764
3 2650 2764 2648
3 2784 2900 2898
3 2782 2784 2898
3 2900 2784 2902
3 2902 2784 2786
3 2776 2894 2892
3 2894 2776 2778
3 2894 2780 2896
3 2780 2894 2778
3 2896 2780 2898
3 2780 2782 2898
3 2174 2055 2058
3 2055 2174 2169
3 2055 1937 1942
3 2058 2055 1942
3 2062 1944 1946
3 2062 2060 1944
3 2060 2062 2176
3 2062 2178 2176
3 1948 2062 1946
3 2064 2062 1948
3 2180 2294 2178
3 2294 2180 2296
3 2062 2180 2178
3 2180 2062 2064
3 2296 2180 2298
3 2180 2182 2298
3 2182 2180 2066
3 2180 2064 2066
3 1746 1860 1744
3 1862 1860 1746
3 1740 1742 1856
3 1742 1858 1856
3 1626 1742 1624
3 1742 1740 1624
3 1860 1742 1744
3 1742 1860 1858
3 1628 1742 1626
3 1742 1628 1744
3 1628 1626 1510
3 1512 1628 1510
3 2794 2910 2908
3 2792 2794 2908
3 2788 2904 2902
3 2788 2902 2786
3 2776 2662 2778
3 2662 2776 2660
3 2662 2780 2778
3 2780 2662 2664
3 2544 2658 2542
3 2658 2544 2660
3 2544 2662 2660
3 2662 2544 2546
3 2318 2316 2202
3 2202 2316 2200
3 2316 2430 2314
3 2430 2316 2432
3 2552 2438 2554
3 2438 2552 2436
3 2662 2548 2664
3 2548 2662 2546
3 2548 2430 2432
3 2430 2548 2546
3 2666 2784 2782
3 2784 2666 2668
3 2666 2552 2668
3 2552 2666 2550
3 2780 2666 2782
3 2666 2780 2664
3 2548 2666 2664
3 2666 2548 2550
3 2194 2080 2196
3 2080 2194 2078
3 1964 2080 1962
3 2080 2078 1962
3 2202 2084 2086
3 2084 2202 2200
3 1970 2084 1968
3 2084 1970 2086
3 2316 2198 2200
3 2198 2316 2314
3 2198 2084 2200
3 2084 2198 2082
3 2080 2198 2196
3 2198 2080 2082
3 1966 2080 1964
3 2080 1966 2082
3 2084 1966 1968
3 1966 2084 2082
3 2076 2190 2074
3 2190 2076 2192
3 1958 2076 2074
3 2076 1958 1960
3 2194 2076 2078
3 2076 2194 2192
3 2078 2076 1962
3 2076 1960 1962
3 1652 1474 1588
3 1652 1536 1474
3 1652 1650 1534
3 1536 1652 1534
3 1704 1652 1588
3 1652 1704 1768
3 1650 1652 1766
3 1652 1768 1766
3 490 608 606
3 492 608 490
3 608 492 428
3 544 608 428
3 836 950 834
3 952 950 836
3 950 952 1068
3 1066 950 1068
3 834 950 832
3 950 948 832
3 1064 950 1066
3 950 1064 948
3 1060 1062 1176
3 1062 1178 1176
3 1062 1064 1180
3 1178 1062 1180
3 1296 1294 1180
3 1294 1178 1180
3 1172 1290 1288
3 1290 1172 1174
3 1172 1058 1174
3 1172 1056 1058
3 1172 1286 1170
3 1286 1172 1288
3 1172 1170 1054
3 1056 1172 1054
3 820 704 706
3 822 820 706
3 820 702 704
3 702 820 818
3 712 826 710
3 826 712 828
3 594 712 710
3 596 712 594
3 830 712 714
3 712 830 828
3 712 598 714
3 712 596 598
3 2694 2580 2696
3 2694 2578 2580
3 2812 2694 2696
3 2810 2694 2812
3 2694 2692 2576
3 2578 2694 2576
3 2694 2810 2808
3 2692 2694 2808
3 2574 2460 2576
3 2460 2574 2458
3 2578 2460 2462
3 2460 2578 2576
3 2460 2346 2462
3 2460 2344 2346
3 2342 2460 2458
3 2460 2342 2344
3 2344 2342 2228
3 2342 2226 2228
3 2342 2340 2224
3 2226 2342 2224
3 1516 1630 1514
3 1630 1516 1632
3 1630 1746 1744
3 1628 1630 1744
3 1630 1628 1512
3 1514 1630 1512
3 1634 1516 1518
3 1516 1634 1632
3 1748 1630 1632
3 1630 1748 1746
3 1634 1748 1632
3 1748 1634 1750
3 1520 1404 1406
3 1520 1406 1522
3 1520 1518 1402
3 1404 1520 1402
3 1986 1870 1988
3 1870 1872 1988
3 1870 1868 1752
3 1754 1870 1752
3 1870 1986 1984
3 1868 1870 1984
3 1870 1756 1872
3 1756 1870 1754
3 2098 2214 2212
3 2096 2098 2212
3 2098 2096 1980
3 1982 2098 1980
3 2098 2100 2216
3 2214 2098 2216
3 2100 2098 1984
3 2098 1982 1984
3 2110 2108 1992
3 1994 2110 1992
3 2108 2110 2224
3 2110 2226 2224
3 2110 1996 2112
3 1996 2110 1994
3 2228 2110 2112
3 2226 2110 2228
3 2802 2916 2800
3 2802 2918 2916
3 2802 2804 2920
3 2918 2802 2920
3 2456 2342 2458
3 2342 2456 2340
3 2326 2208 2210
3 2208 2326 2324
3 2328 2326 2212
3 2326 2210 2212
3 2442 2326 2444
3 2326 2328 2444
3 550 545 429
3 434 550 429
3 550 664 545
3 550 666 664
3 550 434 436
3 550 436 552
3 668 550 552
3 666 550 668
3 1950 2064 1948
3 2064 1950 2066
3 1950 1948 1832
3 1834 1950 1832
3 1950 2068 2066
3 1950 1952 2068
3 1952 1950 1836
3 1950 1834 1836
3 1720 1834 1718
3 1834 1720 1836
3 1726 1612 1728
3 1612 1726 1610
3 1372 1258 1374
3 1258 1372 1256
3 1490 1372 1374
3 1372 1490 1488
3 1372 1254 1256
3 1254 1372 1370
3 1372 1486 1370
3 1372 1488 1486
3 1376 1492 1374
3 1492 1490 1374
3 1028 1142 1026
3 1144 1142 1028
3 1258 1142 1260
3 1142 1144 1260
3 1024 1142 1140
3 1142 1024 1026
3 1142 1256 1140
3 1142 1258 1256
3 1166 1048 1050
3 1048 1166 1164
3 1162 1276 1160
3 1276 1162 1278
3 1044 1162 1160
3 1046 1162 1044
3 1162 1048 1164
3 1048 1162 1046
3 926 1044 1042
3 926 928 1044
3 926 808 810
3 808 926 924
3 1040 926 1042
3 926 1040 924
3 808 922 806
3 922 808 924
3 922 804 806
3 804 922 920
3 1378 1376 1260
3 1262 1378 1260
3 1620 1502 1504
3 1502 1620 1618
3 1504 1502 1388
3 1502 1386 1388
3 1152 1270 1268
3 1270 1152 1154
3 1272 1270 1156
3 1270 1154 1156
3 1270 1272 1388
3 1386 1270 1388
3 1846 1844 1730
3 1730 1844 1728
3 1960 1844 1962
3 1844 1846 1962
3 1848 1966 1964
3 1966 1848 1850
3 1848 1964 1962
3 1846 1848 1962
3 1506 1508 1624
3 1506 1624 1622
3 1506 1390 1392
3 1508 1506 1392
3 1506 1620 1504
3 1620 1506 1622
3 1390 1506 1388
3 1506 1504 1388
3 470 584 468
3 584 470 586
3 702 584 586
3 584 702 700
3 578 696 694
3 696 578 580
3 816 702 818
3 702 816 700
3 574 456 458
3 574 572 456
3 572 574 688
3 574 690 688
3 460 574 458
3 574 460 576
3 690 574 692
3 574 576 692
3 684 568 570
3 686 684 570
3 682 564 566
3 564 682 680
3 682 798 796
3 682 796 680
3 568 682 566
3 684 682 568
3 804 918 802
3 918 804 920
3 1034 918 1036
3 918 920 1036
3 1144 1030 1146
3 1030 1144 1028
3 1030 1028 912
3 914 1030 912
3 1030 1148 1146
3 1148 1030 1032
3 1514 1396 1398
3 1396 1514 1512
3 1394 1396 1510
3 1396 1512 1510
3 2749 2870 2865
3 2749 2754 2870
3 2749 2633 2638
3 2754 2749 2638
3 2540 2658 2656
3 2658 2540 2542
3 2538 2654 2652
3 2536 2538 2652
3 2538 2540 2656
3 2654 2538 2656
3 2424 2538 2422
3 2540 2538 2424
3 2308 2190 2192
3 2308 2306 2190
3 2306 2308 2422
3 2308 2424 2422
3 2194 2308 2192
3 2310 2308 2194
3 2418 2420 2534
3 2420 2536 2534
3 2420 2538 2536
3 2538 2420 2422
3 2300 2182 2184
3 2182 2300 2298
3 2300 2416 2414
3 2300 2414 2298
3 2186 2300 2184
3 2300 2186 2302
3 2416 2300 2418
3 2300 2302 2418
3 2406 2524 2522
3 2524 2406 2408
3 2406 2290 2292
3 2406 2292 2408
3 2404 2406 2519
3 2406 2522 2519
3 2290 2287 2174
3 2174 2287 2169
3 2406 2287 2290
3 2287 2406 2404
3 2526 2410 2528
3 2410 2412 2528
3 2412 2410 2296
3 2410 2294 2296
3 2524 2410 2526
3 2410 2524 2408
3 2294 2410 2292
3 2292 2410 2408
3 2322 2438 2436
3 2320 2322 2436
3 2326 2440 2324
3 2440 2326 2442
3 2322 2440 2438
3 2440 2322 2324
3 2772 2770 2654
3 2772 2654 2656
3 2770 2772 2886
3 2772 2888 2886
3 1720 1838 1836
3 1838 1720 1722
3 1838 1952 1836
3 1838 1954 1952
3 2068 2070 2184
3 2070 2186 2184
3 1952 2070 2068
3 1954 2070 1952
3 2096 2094 1980
3 1980 2094 1978
3 2094 2096 2212
3 2210 2094 2212
3 2796 2912 2910
3 2794 2796 2910
3 2798 2796 2682
3 2796 2680 2682
3 2796 2798 2914
3 2912 2796 2914
3 2904 2790 2906
3 2788 2790 2904
3 2906 2790 2908
3 2790 2792 2908
3 2790 2674 2676
3 2792 2790 2676
3 2672 2790 2788
3 2790 2672 2674
3 2434 2548 2432
3 2548 2434 2550
3 2434 2316 2318
3 2316 2434 2432
3 2552 2434 2436
3 2434 2552 2550
3 2434 2320 2436
3 2434 2318 2320
3 724 544 662
3 724 608 544
3 724 722 606
3 608 724 606
3 724 662 776
3 840 724 776
3 722 724 838
3 724 840 838
3 828 946 944
3 830 946 828
3 946 1060 944
3 946 1062 1060
3 946 830 832
3 948 946 832
3 1064 946 948
3 1062 946 1064
3 1178 1292 1176
3 1294 1292 1178
3 1292 1174 1176
3 1292 1290 1174
3 1290 1292 1406
3 1292 1408 1406
3 1528 1410 1412
3 1410 1528 1526
3 1410 1296 1412
3 1410 1294 1296
3 1410 1524 1408
3 1524 1410 1526
3 1410 1292 1294
3 1292 1410 1408
3 936 1054 1052
3 936 938 1054
3 938 936 822
3 936 820 822
3 1050 936 1052
3 934 936 1050
3 820 936 818
3 936 934 818
3 1982 1864 1866
3 1864 1982 1980
3 1864 1750 1866
3 1864 1748 1750
3 1864 1980 1978
3 1862 1864 1978
3 1864 1862 1746
3 1748 1864 1746
3 1750 1636 1752
3 1634 1636 1750
3 1636 1634 1518
3 1520 1636 1518
3 1636 1754 1752
3 1636 1638 1754
3 1636 1520 1522
3 1638 1636 1522
3 1872 1758 1874
3 1756 1758 1872
3 1758 1876 1874
3 1876 1758 1760
3 1760 1758 1644
3 1758 1642 1644
3 1642 1640 1526
3 1640 1524 1526
3 1640 1758 1756
3 1758 1640 1642
3 1524 1640 1522
3 1640 1638 1522
3 1640 1756 1754
3 1638 1640 1754
3 2574 2572 2458
3 2572 2456 2458
3 2678 2796 2794
3 2796 2678 2680
3 2678 2794 2792
3 2678 2792 2676
3 2560 2678 2676
3 2562 2678 2560
3 2446 2328 2330
3 2328 2446 2444
3 2446 2560 2444
3 2446 2562 2560
3 2564 2566 2682
3 2680 2564 2682
3 2678 2564 2680
3 2564 2678 2562
3 1490 1604 1488
3 1604 1490 1606
3 1722 1604 1606
3 1720 1604 1722
3 1604 1602 1486
3 1488 1604 1486
3 1602 1604 1718
3 1604 1720 1718
3 1724 1838 1722
3 1838 1724 1840
3 1612 1614 1728
3 1614 1730 1728
3 1038 1152 1036
3 1152 1038 1154
3 922 1038 920
3 920 1038 1036
3 1038 1040 1156
3 1154 1038 1156
3 1040 1038 924
3 1038 922 924
3 1494 1492 1376
3 1378 1494 1376
3 1266 1380 1264
3 1380 1266 1382
3 1380 1262 1264
3 1380 1378 1262
3 1500 1502 1618
3 1616 1500 1618
3 1958 1842 1960
3 1842 1844 1960
3 1842 1726 1728
3 1844 1842 1728
3 1724 1842 1840
3 1842 1724 1726
3 1620 1734 1618
3 1736 1734 1620
3 1966 1852 1968
3 1852 1966 1850
3 1852 1734 1736
3 1734 1852 1850
3 926 812 928
3 812 926 810
3 694 812 810
3 696 812 694
3 928 812 930
3 812 814 930
3 816 698 700
3 698 816 814
3 698 812 696
3 812 698 814
3 1048 932 1050
3 932 934 1050
3 932 816 818
3 934 932 818
3 932 1046 930
3 932 1048 1046
3 814 932 930
3 816 932 814
3 916 1030 914
3 1030 916 1032
3 916 1034 1032
3 916 918 1034
3 1280 1166 1282
3 1166 1280 1164
3 1280 1282 1398
3 1396 1280 1398
3 1162 1280 1278
3 1280 1162 1164
3 1280 1394 1278
3 1280 1396 1394
3 2540 2426 2542
3 2426 2540 2424
3 2308 2426 2424
3 2426 2308 2310
3 2186 2304 2302
3 2304 2186 2188
3 2304 2420 2418
3 2302 2304 2418
3 2306 2304 2190
3 2190 2304 2188
3 2304 2306 2422
3 2420 2304 2422
3 2318 2204 2320
3 2204 2318 2202
3 2888 2774 2890
3 2772 2774 2888
3 2658 2774 2656
3 2774 2772 2656
3 2890 2774 2892
3 2774 2776 2892
3 2776 2774 2660
3 2774 2658 2660
3 2190 2072 2074
3 2072 2190 2188
3 2070 2072 2186
3 2186 2072 2188
3 2208 2092 2210
3 2092 2094 2210
3 2670 2788 2786
3 2670 2672 2788
3 2784 2670 2786
3 2670 2784 2668
3 2670 2552 2554
3 2552 2670 2668
3 2556 2442 2558
3 2556 2440 2442
3 2674 2556 2558
3 2672 2556 2674
3 2438 2556 2554
3 2440 2556 2438
3 2670 2556 2672
3 2556 2670 2554
3 2688 2806 2804
3 2806 2688 2690
3 2688 2574 2690
3 2688 2572 2574
3 2338 2454 2336
3 2454 2452 2336
3 2340 2454 2338
3 2456 2454 2340
3 2448 2332 2334
3 2450 2448 2334
3 2448 2450 2566
3 2564 2448 2566
3 2332 2448 2330
3 2448 2446 2330
3 2446 2448 2562
3 2448 2564 2562
3 1492 1608 1490
3 1490 1608 1606
3 1608 1722 1606
3 1608 1724 1722
3 1494 1608 1492
3 1608 1494 1610
3 1726 1608 1610
3 1724 1608 1726
3 1496 1612 1610
3 1494 1496 1610
3 1496 1494 1378
3 1380 1496 1378
3 1384 1266 1268
3 1266 1384 1382
3 1270 1384 1268
3 1384 1270 1386
3 1502 1384 1386
3 1500 1384 1502
3 1384 1498 1382
3 1498 1384 1500
3 1498 1500 1616
3 1614 1498 1616
3 1498 1380 1382
3 1498 1496 1380
3 1498 1614 1612
3 1496 1498 1612
3 1732 1616 1618
3 1734 1732 1618
3 1848 1732 1850
3 1732 1734 1850
3 1614 1732 1730
3 1732 1614 1616
3 1732 1846 1730
3 1732 1848 1846
3 1970 1854 1972
3 1972 1854 1856
3 1854 1970 1968
3 1852 1854 1968
3 466 582 464
3 464 582 580
3 582 696 580
3 582 698 696
3 582 466 468
3 584 582 468
3 582 584 700
3 698 582 700
3 800 686 802
3 800 684 686
3 918 800 802
3 916 800 918
3 682 800 798
3 800 682 684
3 800 914 798
3 800 916 914
3 2198 2312 2196
3 2312 2198 2314
3 2312 2194 2196
3 2312 2310 2194
3 1970 2088 2086
3 2088 1970 1972
3 2088 2202 2086
3 2088 2204 2202
3 1838 1956 1954
3 1956 1838 1840
3 1956 2070 1954
3 1956 2072 2070
3 1956 1842 1958
3 1842 1956 1840
3 1956 1958 2074
3 2072 1956 2074
3 1858 1974 1856
3 1974 1972 1856
3 2684 2686 2800
3 2686 2802 2800
3 2802 2686 2804
3 2686 2688 2804
3 1740 1738 1624
3 1624 1738 1622
3 1738 1740 1856
3 1854 1738 1856
3 1738 1620 1622
3 1738 1736 1620
3 1738 1852 1736
3 1738 1854 1852
3 2544 2428 2546
3 2428 2430 2546
3 2430 2428 2314
3 2428 2312 2314
3 2428 2544 2542
3 2426 2428 2542
3 2428 2426 2310
3 2312 2428 2310
3 2206 2208 2324
3 2322 2206 2324
3 2206 2322 2320
3 2204 2206 2320
3 1860 1976 1858
3 1976 1974 1858
3 1976 1860 1862
3 1976 1862 1978
3 2094 1976 1978
3 2092 1976 2094
3 2452 2570 2568
3 2454 2570 2452
3 2570 2684 2568
3 2570 2686 2684
3 2572 2570 2456
3 2570 2454 2456
3 2688 2570 2572
3 2686 2570 2688
3 2090 2088 1972
3 1974 2090 1972
3 2088 2090 2204
3 2090 2206 2204
3 1976 2090 1974
3 2090 1976 2092
3 2090 2092 2208
3 2206 2090 2208
3 499 381 383
3 381 499 497
3 499 383 385
3 501 499 385
3 381 495 379
3 495 381 497
3 499 613 497
3 613 499 615
3 961 1075 1013
3 1075 961 1077
3 897 961 1013
3 961 897 845
3 1079 961 963
3 961 1079 1077
3 2819 2817 2703
3 2817 2701 2703
3 1427 1313 1429
3 1313 1427 1311
3 1313 1431 1429
3 1431 1313 1315
3 1128 1011 1014
3 1011 1128 1127
3 1243 1128 1246
3 1128 1243 1127
3 1011 896 1014
3 896 1011 895
3 1125 1011 1127
3 1011 1125 1009
3 1011 893 895
3 893 1011 1009
3 647 533 649
3 533 647 531
3 2171 2058 2172
3 2058 2171 2055
3 2290 2171 2172
3 2171 2290 2287
3 2053 2167 2051
3 2167 2053 2169
3 2171 2053 2055
3 2053 2171 2169
3 2397 2283 2399
3 2283 2397 2281
3 1681 1567 1683
3 1567 1681 1565
3 2033 2147 2031
3 2147 2033 2149
3 2375 2257 2259
3 2257 2375 2373
3 2147 2145 2031
3 2145 2029 2031
3 1543 1427 1429
3 1543 1429 1545
3 1543 1425 1427
3 1425 1543 1541
3 1711 1657 1771
3 1771 1657 1773
3 1657 1711 1539
3 1541 1657 1539
3 1657 1775 1773
3 1657 1659 1775
3 1543 1657 1541
3 1657 1543 1659
3 1427 1309 1311
3 1425 1309 1427
3 665 495 497
3 613 665 497
3 729 897 783
3 897 729 845
3 665 729 783
3 729 665 613
3 729 613 615
3 731 729 615
3 1661 1543 1545
3 1543 1661 1659
3 2639 2467 2469
3 2585 2639 2469
3 2717 2833 2831
3 2717 2831 2715
3 1591 1478 1592
3 1478 1591 1475
3 1475 1591 1473
3 1591 1589 1473
3 1360 1359 1246
3 1359 1243 1246
3 1359 1475 1473
3 1359 1473 1357
3 1478 1359 1360
3 1359 1478 1475
3 541 423 425
3 423 541 539
3 427 541 425
3 541 427 543
3 421 423 539
3 537 421 539
3 891 893 1009
3 1007 891 1009
3 891 773 775
3 773 891 889
3 1005 1003 887
3 1005 887 889
3 1005 1121 1119
3 1003 1005 1119
3 1005 891 1007
3 891 1005 889
3 1001 1003 1119
3 1117 1001 1119
3 1453 1455 1571
3 1569 1453 1571
3 525 409 527
3 409 411 527
3 413 529 527
3 411 413 527
3 413 415 531
3 529 413 531
3 417 533 531
3 415 417 531
3 2745 2863 2861
3 2863 2745 2747
3 2865 2863 2749
3 2863 2747 2749
3 2627 2509 2511
3 2509 2627 2625
3 2623 2509 2625
3 2507 2509 2623
3 2389 2507 2505
3 2507 2389 2391
3 1587 1469 1471
3 1469 1587 1585
3 1587 1703 1701
3 1587 1701 1585
3 1589 1587 1473
3 1587 1471 1473
3 1587 1589 1705
3 1703 1587 1705
3 2165 2283 2281
3 2283 2165 2167
3 2167 2165 2051
3 2165 2049 2051
3 2285 2171 2287
3 2171 2285 2169
3 2285 2167 2169
3 2285 2283 2167
3 2397 2395 2281
3 2395 2279 2281
3 2029 1915 2031
3 1915 2029 1913
3 1915 2033 2031
3 2033 1915 1917
3 2725 2609 2611
3 2727 2725 2611
3 2145 2027 2029
3 2027 2145 2143
3 1797 1915 1913
3 1915 1797 1799
3 1797 1681 1683
3 1799 1797 1683
3 1681 1679 1565
3 1679 1563 1565
3 2019 1905 2021
3 1905 2019 1903
3 1479 1425 1541
3 1479 1541 1539
3 1479 1309 1425
3 1309 1479 1361
3 1075 1193 1245
3 1193 1075 1077
3 1193 1361 1245
3 1193 1309 1361
3 1079 1193 1077
3 1195 1193 1079
3 1309 1193 1311
3 1193 1195 1311
3 1889 1943 1771
3 1889 1771 1773
3 1775 1889 1773
3 1891 1889 1775
3 2405 2353 2467
3 2467 2353 2469
3 1781 1899 1897
3 1899 1781 1783
3 1781 1895 1779
3 1895 1781 1897
3 2701 2587 2703
3 2585 2587 2701
3 2587 2585 2469
3 2471 2587 2469
3 2699 2817 2815
3 2817 2699 2701
3 2699 2639 2585
3 2699 2585 2701
3 1431 1547 1429
3 1429 1547 1545
3 1197 1313 1311
3 1195 1197 1311
3 1197 1195 1079
3 1081 1197 1079
3 847 961 845
3 961 847 963
3 729 847 845
3 847 729 731
3 965 1079 963
3 965 1081 1079
3 2375 2489 2373
3 2489 2375 2491
3 655 653 537
3 655 537 539
3 548 431 432
3 431 548 547
3 548 666 663
3 547 548 663
3 891 777 893
3 777 891 775
3 777 775 659
3 661 777 659
3 431 545 429
3 545 431 547
3 545 547 663
3 661 545 663
3 545 427 429
3 427 545 543
3 545 661 659
3 543 545 659
3 1121 1237 1119
3 1237 1235 1119
3 1359 1241 1243
3 1241 1359 1357
3 1243 1241 1127
3 1241 1125 1127
3 1473 1355 1357
3 1471 1355 1473
3 1355 1241 1357
3 1241 1355 1239
3 1469 1355 1471
3 1355 1469 1353
3 1237 1355 1353
3 1355 1237 1239
3 1005 1123 1121
3 1123 1005 1007
3 1123 1237 1121
3 1237 1123 1239
3 1125 1123 1009
3 1123 1007 1009
3 1241 1123 1125
3 1123 1241 1239
3 651 653 769
3 651 769 767
3 1003 885 887
3 1001 885 1003
3 769 885 767
3 885 883 767
3 883 885 999
3 885 1001 999
3 1451 1453 1569
3 1567 1451 1569
3 1233 1117 1119
3 1235 1233 1119
3 1451 1337 1453
3 1337 1451 1335
3 1453 1337 1455
3 1455 1337 1339
3 1105 991 1107
3 991 1105 989
3 1229 1227 1113
3 1113 1227 1111
3 1227 1345 1343
3 1345 1227 1229
3 1337 1223 1339
3 1223 1337 1221
3 1223 1105 1107
3 1105 1223 1221
3 1341 1455 1339
3 1341 1457 1455
3 1223 1341 1339
3 1341 1223 1225
3 1341 1227 1343
3 1227 1341 1225
3 643 645 759
3 759 645 761
3 529 645 527
3 645 643 527
3 645 763 761
3 763 645 647
3 647 645 531
3 645 529 531
3 2751 2867 2865
3 2751 2865 2749
3 2741 2623 2625
3 2741 2739 2623
3 2741 2857 2855
3 2739 2741 2855
3 2849 2735 2851
3 2735 2849 2733
3 2853 2739 2855
3 2853 2737 2739
3 2735 2853 2851
3 2853 2735 2737
3 2735 2621 2737
3 2621 2735 2619
3 2621 2507 2623
3 2507 2621 2505
3 2739 2621 2623
3 2737 2621 2739
3 2731 2849 2847
3 2849 2731 2733
3 2617 2735 2733
3 2735 2617 2619
3 2731 2617 2733
3 2617 2731 2615
3 2393 2509 2507
3 2393 2507 2391
3 2275 2393 2391
3 2277 2393 2275
3 2509 2393 2511
3 2393 2395 2511
3 2393 2277 2279
3 2395 2393 2279
3 2058 1939 1942
3 1939 2058 2055
3 2053 1939 2055
3 1937 1939 2053
3 2165 2163 2049
3 2049 2163 2047
3 2163 2165 2281
3 2279 2163 2281
3 1935 2053 2051
3 1935 1937 2053
3 2277 2161 2279
3 2161 2163 2279
3 2163 2161 2047
3 2161 2045 2047
3 1341 1459 1457
3 1459 1341 1343
3 1687 1689 1803
3 1803 1689 1805
3 2515 2401 2517
3 2401 2515 2399
3 2283 2401 2399
3 2285 2401 2283
3 2513 2397 2399
3 2515 2513 2399
3 2513 2627 2511
3 2627 2513 2629
3 2513 2395 2397
3 2395 2513 2511
3 2745 2631 2747
3 2631 2745 2629
3 2631 2513 2515
3 2513 2631 2629
3 2747 2631 2749
3 2631 2633 2749
3 2631 2515 2517
3 2633 2631 2517
3 1567 1685 1683
3 1685 1567 1569
3 1685 1569 1571
3 1687 1685 1571
3 2843 2725 2727
3 2725 2843 2841
3 2029 1911 1913
3 2027 1911 2029
3 1919 2033 1917
3 1919 2035 2033
3 2033 2151 2149
3 2035 2151 2033
3 2145 2261 2143
3 2261 2259 2143
3 2261 2375 2259
3 2261 2377 2375
3 2137 2139 2255
3 2253 2137 2255
3 2137 2023 2139
3 2023 2137 2021
3 2137 2019 2021
3 2019 2137 2135
3 1679 1677 1563
3 1677 1561 1563
3 1561 1677 1559
3 1677 1675 1559
3 1677 1793 1791
3 1675 1677 1791
3 1675 1673 1559
3 1673 1557 1559
3 1673 1675 1791
3 1789 1673 1791
3 2017 1899 1901
3 1899 2017 2015
3 2019 2017 1903
3 2017 1901 1903
3 1895 2009 1893
3 2009 1895 2011
3 1891 2009 2007
3 1893 2009 1891
3 1895 1777 1779
3 1777 1895 1893
3 1659 1777 1775
3 1661 1777 1659
3 1777 1891 1775
3 1777 1893 1891
3 2057 2005 2119
3 2005 2121 2119
3 1943 2005 2057
3 1889 2005 1943
3 2005 1889 1891
3 2005 1891 2007
3 1899 2013 1897
3 2013 1899 2015
3 2013 1895 1897
3 1895 2013 2011
3 2127 2009 2011
3 2009 2127 2125
3 2013 2127 2011
3 2127 2013 2129
3 2475 2357 2359
3 2357 2475 2473
3 2131 2013 2015
3 2013 2131 2129
3 2251 2137 2253
3 2137 2251 2135
3 1785 1899 1783
3 1899 1785 1901
3 1551 1435 1437
3 1553 1551 1437
3 2819 2705 2821
3 2705 2819 2703
3 2705 2823 2821
3 2823 2705 2707
3 1777 1663 1779
3 1663 1777 1661
3 1663 1661 1545
3 1547 1663 1545
3 1433 1547 1431
3 1547 1433 1549
3 1551 1433 1435
3 1433 1551 1549
3 1313 1199 1315
3 1197 1199 1313
3 641 643 759
3 641 759 757
3 641 525 527
3 643 641 527
3 409 523 407
3 523 409 525
3 641 523 525
3 523 641 639
3 401 515 399
3 515 401 517
3 515 397 399
3 397 515 513
3 1449 1567 1565
3 1449 1451 1567
3 1451 1333 1335
3 1449 1333 1451
3 387 503 385
3 503 501 385
3 389 503 387
3 503 389 505
3 505 389 507
3 389 391 507
3 621 735 619
3 735 621 737
3 621 503 505
3 503 621 619
3 397 511 395
3 511 397 513
3 511 393 395
3 393 511 509
3 391 393 507
3 393 509 507
3 847 849 963
3 849 965 963
3 617 499 501
3 499 617 615
3 503 617 501
3 617 503 619
3 1085 1203 1201
3 1203 1085 1087
3 1085 971 1087
3 1085 969 971
3 849 851 965
3 965 851 967
3 2725 2607 2609
3 2723 2607 2725
3 2607 2489 2491
3 2489 2607 2605
3 2605 2607 2721
3 2607 2723 2721
3 2839 2725 2841
3 2839 2723 2725
3 2723 2839 2721
3 2839 2837 2721
3 1591 1707 1589
3 1589 1707 1705
3 1707 1591 1592
3 1710 1707 1592
3 541 657 539
3 657 655 539
3 773 657 775
3 775 657 659
3 657 541 543
3 657 543 659
3 885 771 887
3 771 885 769
3 655 771 653
3 653 771 769
3 771 773 889
3 887 771 889
3 657 771 655
3 771 657 773
3 896 779 780
3 779 896 895
3 893 779 895
3 777 779 893
3 779 666 780
3 666 779 663
3 779 777 661
3 779 661 663
3 995 997 1111
3 997 1113 1111
3 997 883 999
3 997 881 883
3 1227 1109 1111
3 1109 1227 1225
3 1109 1223 1107
3 1223 1109 1225
3 879 997 995
3 997 879 881
3 765 647 649
3 765 763 647
3 879 765 881
3 765 879 763
3 765 651 767
3 651 765 649
3 883 765 767
3 881 765 883
3 1701 1583 1585
3 1583 1701 1699
3 1583 1469 1585
3 1583 1467 1469
3 1577 1691 1575
3 1691 1577 1693
3 1351 1233 1235
3 1233 1351 1349
3 1237 1351 1235
3 1351 1237 1353
3 1469 1351 1353
3 1467 1351 1469
3 1351 1465 1349
3 1465 1351 1467
3 1465 1463 1347
3 1349 1465 1347
3 421 535 419
3 535 421 537
3 653 535 537
3 651 535 653
3 535 417 419
3 417 535 533
3 533 535 649
3 535 651 649
3 997 1115 1113
3 1115 997 999
3 1115 1001 1117
3 1001 1115 999
3 2867 2752 2868
3 2751 2752 2867
3 2752 2635 2636
3 2635 2752 2751
3 2635 2751 2749
3 2633 2635 2749
3 2636 2635 2522
3 2522 2635 2519
3 2635 2633 2517
3 2635 2517 2519
3 2857 2743 2859
3 2741 2743 2857
3 2627 2743 2625
3 2743 2741 2625
3 2859 2743 2861
3 2743 2745 2861
3 2743 2627 2629
3 2745 2743 2629
3 2843 2729 2845
3 2729 2843 2727
3 2845 2729 2847
3 2729 2731 2847
3 2495 2381 2497
3 2381 2495 2379
3 2503 2621 2619
3 2621 2503 2505
3 2503 2389 2505
3 2389 2503 2387
3 2049 1933 2051
3 1933 1935 2051
3 1819 1703 1705
3 1819 1705 1821
3 1935 1819 1937
3 1937 1819 1821
3 1703 1819 1701
3 1819 1817 1701
3 1933 1819 1935
3 1819 1933 1817
3 2273 2389 2387
3 2273 2387 2271
3 2389 2273 2391
3 2273 2275 2391
3 2153 2155 2269
3 2269 2155 2271
3 2159 2277 2275
3 2159 2161 2277
3 1455 1573 1571
3 1457 1573 1455
3 1573 1689 1687
3 1573 1687 1571
3 1459 1573 1457
3 1573 1459 1575
3 1691 1573 1575
3 1689 1573 1691
3 2290 2403 2287
3 2404 2403 2290
3 2403 2285 2287
3 2403 2401 2285
3 2403 2404 2522
3 2403 2522 2519
3 2401 2403 2517
3 2517 2403 2519
3 1915 1801 1917
3 1801 1915 1799
3 1801 1799 1683
3 1685 1801 1683
3 1801 1919 1917
3 1919 1801 1803
3 1801 1687 1803
3 1801 1685 1687
3 1797 1795 1681
3 1795 1679 1681
3 1795 1797 1913
3 1911 1795 1913
3 1795 1677 1679
3 1677 1795 1793
3 1793 1795 1909
3 1795 1911 1909
3 2263 2145 2147
3 2263 2261 2145
3 2261 2263 2377
3 2377 2263 2379
3 2263 2147 2149
3 2265 2263 2149
3 2263 2381 2379
3 2381 2263 2265
3 2609 2493 2611
3 2493 2495 2611
3 2495 2493 2379
3 2493 2377 2379
3 2607 2493 2609
3 2493 2607 2491
3 2375 2493 2491
3 2377 2493 2375
3 1793 1907 1791
3 1907 1793 1909
3 1907 1789 1791
3 1907 1905 1789
3 1905 1907 2021
3 1907 2023 2021
3 2025 1911 2027
3 1911 2025 1909
3 2025 1907 1909
3 1907 2025 2023
3 2251 2133 2135
3 2133 2251 2249
3 2133 2019 2135
3 2133 2017 2019
3 2017 2133 2015
3 2133 2131 2015
3 2237 2289 2119
3 2121 2237 2119
3 2237 2405 2289
3 2237 2353 2405
3 2009 2123 2007
3 2123 2009 2125
3 2123 2125 2241
3 2239 2123 2241
3 2005 2123 2121
3 2123 2005 2007
3 2123 2237 2121
3 2237 2123 2239
3 2353 2355 2469
3 2355 2471 2469
3 2237 2355 2353
3 2355 2237 2239
3 2355 2357 2473
3 2471 2355 2473
3 2355 2239 2241
3 2357 2355 2241
3 2357 2243 2359
3 2243 2357 2241
3 2127 2243 2125
3 2125 2243 2241
3 2361 2243 2245
3 2243 2361 2359
3 2243 2127 2129
3 2243 2129 2245
3 2131 2247 2129
3 2129 2247 2245
3 2247 2133 2249
3 2133 2247 2131
3 2367 2251 2253
3 2367 2253 2369
3 1787 1905 1903
3 1905 1787 1789
3 1901 1787 1903
3 1785 1787 1901
3 1667 1785 1783
3 1785 1667 1669
3 1667 1551 1553
3 1669 1667 1553
3 2475 2589 2473
3 2589 2475 2591
3 2705 2589 2707
3 2707 2589 2591
3 2589 2587 2471
3 2589 2471 2473
3 2587 2589 2703
3 2589 2705 2703
3 2829 2713 2831
3 2831 2713 2715
3 2827 2713 2829
3 2713 2827 2711
3 2823 2709 2825
3 2709 2823 2707
3 2709 2827 2825
3 2827 2709 2711
3 1665 1663 1547
3 1665 1547 1549
3 1665 1781 1779
3 1663 1665 1779
3 1551 1665 1549
3 1667 1665 1551
3 1781 1665 1783
3 1665 1667 1783
3 1203 1317 1201
3 1317 1203 1319
3 1433 1317 1435
3 1435 1317 1319
3 1199 1317 1315
3 1317 1199 1201
3 1317 1431 1315
3 1317 1433 1431
3 873 991 989
3 873 875 991
3 759 873 757
3 875 873 759
3 755 641 757
3 641 755 639
3 873 755 757
3 755 873 871
3 755 753 639
3 639 753 637
3 753 755 871
3 753 871 869
3 407 521 405
3 523 521 407
3 521 523 639
3 521 639 637
3 521 403 405
3 403 521 519
3 403 519 517
3 401 403 517
3 753 635 637
3 635 753 751
3 635 521 637
3 521 635 519
3 1563 1447 1565
3 1447 1449 1565
3 1447 1333 1449
3 1333 1447 1331
3 1329 1213 1331
3 1331 1213 1215
3 1439 1553 1437
3 1553 1439 1555
3 623 505 507
3 623 621 505
3 621 623 737
3 623 739 737
3 509 623 507
3 625 623 509
3 623 741 739
3 741 623 625
3 627 741 625
3 741 627 743
3 511 627 509
3 627 625 509
3 733 851 849
3 851 733 735
3 735 733 619
3 733 617 619
3 733 847 731
3 733 849 847
3 733 731 615
3 617 733 615
3 1085 1083 969
3 969 1083 967
3 1083 1085 1201
3 1199 1083 1201
3 965 1083 1081
3 1083 965 967
3 1083 1197 1081
3 1083 1199 1197
3 853 735 737
3 853 851 735
3 851 853 967
3 853 969 967
3 739 853 737
3 853 739 855
3 969 853 971
3 971 853 855
3 2477 2475 2359
3 2361 2477 2359
3 2487 2489 2605
3 2603 2487 2605
3 2719 2837 2835
3 2837 2719 2721
3 2719 2605 2721
3 2719 2603 2605
3 2833 2719 2835
3 2717 2719 2833
3 1707 1823 1705
3 1705 1823 1821
3 1823 1710 1824
3 1823 1707 1710
3 1823 1939 1937
3 1823 1937 1821
3 1823 1824 1942
3 1939 1823 1942
3 877 759 761
3 877 875 759
3 763 877 761
3 879 877 763
3 1463 1461 1347
3 1461 1345 1347
3 1345 1461 1343
3 1461 1459 1343
3 1461 1577 1575
3 1459 1461 1575
3 1231 1345 1229
3 1345 1231 1347
3 1231 1229 1113
3 1115 1231 1113
3 1231 1233 1349
3 1231 1349 1347
3 1233 1231 1117
3 1231 1115 1117
3 1217 1333 1331
3 1217 1331 1215
3 1099 1217 1215
3 1217 1099 1101
3 2613 2495 2497
3 2495 2613 2611
3 2613 2727 2611
3 2613 2729 2727
3 2731 2613 2615
3 2729 2613 2731
3 2267 2153 2269
3 2267 2151 2153
3 2151 2267 2149
3 2267 2265 2149
3 2151 2037 2153
3 2037 2151 2035
3 2273 2157 2275
3 2157 2159 2275
3 2157 2273 2271
3 2155 2157 2271
3 2161 2043 2045
3 2159 2043 2161
3 2157 2043 2159
3 2043 2157 2041
3 1579 1461 1463
3 1461 1579 1577
3 1577 1579 1693
3 1579 1695 1693
3 1931 2049 2047
3 1931 1933 2049
3 2045 1931 2047
3 1929 1931 2045
3 2257 2141 2259
3 2259 2141 2143
3 2141 2027 2143
3 2141 2025 2027
3 2139 2141 2255
3 2141 2257 2255
3 2023 2141 2139
3 2025 2141 2023
3 2363 2477 2361
3 2477 2363 2479
3 2363 2361 2245
3 2247 2363 2245
3 1671 1669 1553
3 1671 1553 1555
3 1671 1787 1785
3 1671 1785 1669
3 1673 1671 1557
3 1557 1671 1555
3 1671 1673 1789
3 1787 1671 1789
3 2597 2713 2711
3 2597 2711 2595
3 2713 2597 2715
3 2597 2599 2715
3 633 635 751
3 633 751 749
3 519 633 517
3 635 633 519
3 633 515 517
3 633 631 515
3 747 865 863
3 865 747 749
3 747 633 749
3 633 747 631
3 1561 1445 1563
3 1445 1447 1563
3 1447 1445 1331
3 1445 1329 1331
3 1445 1561 1559
3 1443 1445 1559
3 1213 1097 1215
3 1097 1099 1215
3 867 753 869
3 753 867 751
3 751 867 749
3 867 865 749
3 741 857 739
3 739 857 855
3 857 971 855
3 857 973 971
3 971 1089 1087
3 973 1089 971
3 1089 1203 1087
3 1089 1205 1203
3 1435 1321 1437
3 1321 1435 1319
3 1203 1321 1319
3 1205 1321 1203
3 2709 2593 2711
3 2711 2593 2595
3 2593 2477 2479
3 2593 2479 2595
3 2593 2707 2591
3 2593 2709 2707
3 2475 2593 2591
3 2477 2593 2475
3 2371 2257 2373
3 2257 2371 2255
3 2489 2371 2373
3 2487 2371 2489
3 2371 2253 2255
3 2253 2371 2369
3 991 993 1107
3 993 1109 1107
3 875 993 991
3 877 993 875
3 993 995 1111
3 1109 993 1111
3 993 879 995
3 993 877 879
3 987 873 989
3 873 987 871
3 1105 987 989
3 1103 987 1105
3 1333 1219 1335
3 1217 1219 1333
3 1219 1217 1101
3 1103 1219 1101
3 1219 1337 1335
3 1337 1219 1221
3 1219 1105 1221
3 1219 1103 1105
3 2383 2381 2265
3 2267 2383 2265
3 1921 1803 1805
3 1921 1919 1803
3 1919 1921 2035
3 1921 2037 2035
3 1583 1581 1467
3 1581 1465 1467
3 1465 1581 1463
3 1581 1579 1463
3 1701 1815 1699
3 1817 1815 1701
3 1933 1815 1817
3 1931 1815 1933
3 1815 1931 1929
3 1815 1929 1813
3 2251 2365 2249
3 2367 2365 2251
3 2365 2247 2249
3 2365 2363 2247
3 2485 2371 2487
3 2371 2485 2369
3 2485 2367 2369
3 2485 2483 2367
3 745 747 863
3 861 745 863
3 1097 983 1099
3 983 1097 981
3 867 983 865
3 865 983 981
3 975 1089 973
3 1089 975 1091
3 975 977 1091
3 977 1093 1091
3 1557 1441 1559
3 1441 1443 1559
3 1439 1441 1555
3 1441 1557 1555
3 1211 1097 1213
3 1097 1211 1095
3 1323 1439 1437
3 1321 1323 1437
3 1323 1441 1439
3 1441 1323 1325
3 2617 2501 2619
3 2501 2503 2619
3 2043 1927 2045
3 1927 1929 2045
3 1929 1927 1813
3 1927 1811 1813
3 1927 2043 2041
3 1925 1927 2041
3 1815 1697 1699
3 1697 1815 1813
3 1697 1583 1699
3 1697 1581 1583
3 1811 1697 1813
3 1697 1811 1695
3 1579 1697 1695
3 1581 1697 1579
3 2481 2597 2595
3 2479 2481 2595
3 2363 2481 2479
3 2365 2481 2363
3 2597 2481 2599
3 2481 2483 2599
3 2481 2365 2367
3 2483 2481 2367
3 2601 2717 2715
3 2599 2601 2715
3 2485 2601 2483
3 2483 2601 2599
3 2719 2601 2603
3 2601 2719 2717
3 2601 2487 2603
3 2601 2485 2487
3 515 629 513
3 631 629 515
3 747 629 631
3 745 629 747
3 629 511 513
3 629 627 511
3 627 629 743
3 629 745 743
3 985 867 869
3 985 983 867
3 1099 985 1101
3 983 985 1099
3 871 985 869
3 987 985 871
3 985 987 1103
3 985 1103 1101
3 859 741 743
3 859 857 741
3 857 859 973
3 859 975 973
3 859 745 861
3 745 859 743
3 859 977 975
3 977 859 861
3 977 979 1093
3 1093 979 1095
3 979 861 863
3 979 977 861
3 1097 979 981
3 979 1097 1095
3 865 979 863
3 979 865 981
3 1211 1209 1095
3 1209 1093 1095
3 1327 1445 1443
3 1445 1327 1329
3 1327 1213 1329
3 1327 1211 1213
3 1441 1327 1443
3 1327 1441 1325
3 1327 1209 1211
3 1209 1327 1325
3 2499 2617 2615
3 2499 2501 2617
3 2499 2613 2497
3 2613 2499 2615
3 2381 2499 2497
3 2383 2499 2381
3 2385 2269 2271
3 2387 2385 2271
3 2503 2385 2387
3 2501 2385 2503
3 2385 2267 2269
3 2385 2383 2267
3 2499 2385 2501
3 2385 2499 2383
3 2039 2157 2155
3 2157 2039 2041
3 1925 2039 1923
3 2039 1925 2041
3 2039 2155 2153
3 2037 2039 2153
3 1921 2039 2037
3 1923 2039 1921
3 1689 1807 1805
3 1807 1689 1691
3 1807 1921 1805
3 1807 1923 1921
3 1695 1809 1693
3 1811 1809 1695
3 1927 1809 1811
3 1809 1927 1925
3 1809 1691 1693
3 1809 1807 1691
3 1809 1925 1923
3 1807 1809 1923
3 1093 1207 1091
3 1209 1207 1093
3 1323 1207 1325
3 1207 1209 1325
3 1089 1207 1205
3 1207 1089 1091
3 1207 1321 1205
3 1207 1323 1321
3 498 382 380
3 380 496 498
3 498 384 382
3 500 384 498
3 380 378 494
3 494 496 380
3 498 496 612
3 612 614 498
3 960 1071 1074
3 1074 1076 960
3 955 1071 960
3 960 844 955
3 1078 962 960
3 960 1076 1078
3 2818 2702 2816
3 2816 2702 2700
3 1426 1428 1312
3 1312 1310 1426
3 1312 1428 1430
3 1430 1314 1312
3 1186 1072 1010
3 1010 1126 1186
3 1242 1304 1186
3 1186 1126 1242
3 1010 1072 954
3 954 894 1010
3 1124 1126 1010
3 1010 1008 1124
3 1010 894 892
3 892 1008 1010
3 646 648 532
3 532 530 646
3 2170 2230 2116
3 2116 2054 2170
3 2348 2230 2170
3 2170 2286 2348
3 2052 2050 2166
3 2166 2168 2052
3 2170 2054 2052
3 2052 2168 2170
3 2396 2398 2282
3 2282 2280 2396
3 1680 1682 1566
3 1566 1564 1680
3 2032 2030 2146
3 2146 2148 2032
3 2374 2258 2256
3 2256 2372 2374
3 2146 2030 2144
3 2144 2030 2028
3 1542 1428 1426
3 1542 1544 1428
3 1542 1426 1424
3 1424 1540 1542
3 1769 1770 1656
3 1770 1772 1656
3 1656 1538 1769
3 1540 1538 1656
3 1656 1772 1774
3 1656 1774 1658
3 1542 1540 1656
3 1656 1658 1542
3 1426 1310 1308
3 1424 1426 1308
3 723 496 494
3 612 496 723
3 728 841 955
3 955 844 728
3 723 841 728
3 728 612 723
3 728 614 612
3 730 614 728
3 1660 1544 1542
3 1542 1658 1660
3 2697 2468 2466
3 2584 2468 2697
3 2716 2830 2832
3 2716 2714 2830
3 1590 1650 1536
3 1536 1474 1590
3 1474 1472 1590
3 1590 1472 1588
3 1418 1304 1358
3 1358 1304 1242
3 1358 1472 1474
3 1358 1356 1472
3 1536 1418 1358
3 1358 1474 1536
3 540 424 422
3 422 538 540
3 426 424 540
3 540 542 426
3 420 538 422
3 536 538 420
3 890 1008 892
3 1006 1008 890
3 890 774 772
3 772 888 890
3 1004 886 1002
3 1004 888 886
3 1004 1118 1120
3 1002 1118 1004
3 1004 1006 890
3 890 888 1004
3 1000 1118 1002
3 1116 1118 1000
3 1452 1570 1454
3 1568 1570 1452
3 524 526 408
3 408 526 410
3 412 526 528
3 410 526 412
3 412 530 414
3 528 530 412
3 416 530 532
3 414 530 416
3 2744 2860 2862
3 2862 2746 2744
3 2864 2748 2862
3 2862 2748 2746
3 2626 2510 2508
3 2508 2624 2626
3 2622 2624 2508
3 2506 2622 2508
3 2388 2504 2506
3 2506 2390 2388
3 1586 1470 1468
3 1468 1584 1586
3 1586 1700 1702
3 1586 1584 1700
3 1588 1472 1586
3 1586 1472 1470
3 1586 1704 1588
3 1702 1704 1586
3 2164 2280 2282
3 2282 2166 2164
3 2166 2050 2164
3 2164 2050 2048
3 2284 2286 2170
3 2170 2168 2284
3 2284 2168 2166
3 2284 2166 2282
3 2396 2280 2394
3 2394 2280 2278
3 2028 2030 1914
3 1914 1912 2028
3 1914 2030 2032
3 2032 1916 1914
3 2724 2610 2608
3 2726 2610 2724
3 2144 2028 2026
3 2026 2142 2144
3 1796 1912 1914
3 1914 1798 1796
3 1796 1682 1680
3 1798 1682 1796
3 1680 1564 1678
3 1678 1564 1562
3 2018 2020 1904
3 1904 1902 2018
3 1537 1540 1424
3 1537 1538 1540
3 1537 1424 1308
3 1308 1419 1537
3 1074 1303 1192
3 1192 1076 1074
3 1192 1303 1419
3 1192 1419 1308
3 1078 1076 1192
3 1194 1078 1192
3 1308 1310 1192
3 1192 1310 1194
3 1888 1770 2001
3 1888 1772 1770
3 1774 1772 1888
3 1890 1774 1888
3 2463 2466 2352
3 2466 2468 2352
3 1780 1896 1898
3 1898 1782 1780
3 1780 1778 1894
3 1894 1896 1780
3 2700 2702 2586
3 2584 2700 2586
3 2586 2468 2584
3 2470 2468 2586
3 2698 2814 2816
3 2816 2700 2698
3 2698 2584 2697
3 2698 2700 2584
3 1430 1428 1546
3 1428 1544 1546
3 1196 1310 1312
3 1194 1310 1196
3 1196 1078 1194
3 1080 1078 1196
3 846 844 960
3 960 962 846
3 728 844 846
3 846 730 728
3 964 962 1078
3 964 1078 1080
3 2374 2372 2488
3 2488 2490 2374
3 654 536 652
3 654 538 536
3 606 490 430
3 430 546 606
3 606 662 724
3 546 662 606
3 890 892 776
3 776 774 890
3 776 658 774
3 660 658 776
3 430 428 544
3 544 546 430
3 544 662 546
3 660 662 544
3 544 428 426
3 426 542 544
3 544 658 660
3 542 658 544
3 1120 1118 1236
3 1236 1118 1234
3 1358 1242 1240
3 1240 1356 1358
3 1242 1126 1240
3 1240 1126 1124
3 1472 1356 1354
3 1470 1472 1354
3 1354 1356 1240
3 1240 1238 1354
3 1468 1470 1354
3 1354 1352 1468
3 1236 1352 1354
3 1354 1238 1236
3 1004 1120 1122
3 1122 1006 1004
3 1122 1120 1236
3 1236 1238 1122
3 1124 1008 1122
3 1122 1008 1006
3 1240 1124 1122
3 1122 1238 1240
3 650 768 652
3 650 766 768
3 1002 886 884
3 1000 1002 884
3 768 766 884
3 884 766 882
3 882 998 884
3 884 998 1000
3 1450 1568 1452
3 1566 1568 1450
3 1232 1118 1116
3 1234 1118 1232
3 1450 1452 1336
3 1336 1334 1450
3 1452 1454 1336
3 1454 1338 1336
3 1104 1106 990
3 990 988 1104
3 1228 1112 1226
3 1112 1110 1226
3 1226 1342 1344
3 1344 1228 1226
3 1336 1338 1222
3 1222 1220 1336
3 1222 1106 1104
3 1104 1220 1222
3 1340 1338 1454
3 1340 1454 1456
3 1222 1338 1340
3 1340 1224 1222
3 1340 1342 1226
3 1226 1224 1340
3 642 758 644
3 758 760 644
3 528 526 644
3 644 526 642
3 644 760 762
3 762 646 644
3 646 530 644
3 644 530 528
3 2750 2864 2866
3 2750 2748 2864
3 2740 2624 2622
3 2740 2622 2738
3 2740 2854 2856
3 2738 2854 2740
3 2848 2850 2734
3 2734 2732 2848
3 2852 2854 2738
3 2852 2738 2736
3 2734 2850 2852
3 2852 2736 2734
3 2734 2736 2620
3 2620 2618 2734
3 2620 2622 2506
3 2506 2504 2620
3 2738 2622 2620
3 2736 2738 2620
3 2730 2846 2848
3 2848 2732 2730
3 2616 2732 2734
3 2734 2618 2616
3 2730 2732 2616
3 2616 2614 2730
3 2392 2506 2508
3 2392 2390 2506
3 2274 2390 2392
3 2276 2274 2392
3 2508 2510 2392
3 2392 2510 2394
3 2392 2278 2276
3 2394 2278 2392
3 2116 2000 1938
3 1938 2054 2116
3 2052 2054 1938
3 1936 2052 1938
3 2164 2048 2162
3 2048 2046 2162
3 2162 2280 2164
3 2278 2280 2162
3 1934 2050 2052
3 1934 2052 1936
3 2276 2278 2160
3 2160 2278 2162
3 2162 2046 2160
3 2160 2046 2044
3 1340 1456 1458
3 1458 1342 1340
3 1686 1802 1688
3 1802 1804 1688
3 2514 2516 2400
3 2400 2398 2514
3 2282 2398 2400
3 2284 2282 2400
3 2512 2398 2396
3 2514 2398 2512
3 2512 2510 2626
3 2626 2628 2512
3 2512 2396 2394
3 2394 2510 2512
3 2744 2746 2630
3 2630 2628 2744
3 2630 2514 2512
3 2512 2628 2630
3 2746 2748 2630
3 2630 2748 2632
3 2630 2516 2514
3 2632 2516 2630
3 1566 1682 1684
3 1684 1568 1566
3 1684 1570 1568
3 1686 1570 1684
3 2842 2726 2724
3 2724 2840 2842
3 2028 1912 1910
3 2026 2028 1910
3 1918 1916 2032
3 1918 2032 2034
3 2032 2148 2150
3 2034 2032 2150
3 2144 2142 2260
3 2260 2142 2258
3 2260 2258 2374
3 2260 2374 2376
3 2136 2254 2138
3 2252 2254 2136
3 2136 2138 2022
3 2022 2020 2136
3 2136 2020 2018
3 2018 2134 2136
3 1678 1562 1676
3 1676 1562 1560
3 1560 1558 1676
3 1676 1558 1674
3 1676 1790 1792
3 1674 1790 1676
3 1674 1558 1672
3 1672 1558 1556
3 1672 1790 1674
3 1788 1790 1672
3 2016 1900 1898
3 1898 2014 2016
3 2018 1902 2016
3 2016 1902 1900
3 1894 1892 2008
3 2008 2010 1894
3 1890 2006 2008
3 1892 1890 2008
3 1894 1778 1776
3 1776 1892 1894
3 1658 1774 1776
3 1660 1658 1776
3 1776 1774 1890
3 1776 1890 1892
3 2115 2118 2004
3 2004 2118 2120
3 2001 2115 2004
3 1888 2001 2004
3 2004 1890 1888
3 2004 2006 1890
3 1898 1896 2012
3 2012 2014 1898
3 2012 1896 1894
3 1894 2010 2012
3 2126 2010 2008
3 2008 2124 2126
3 2012 2010 2126
3 2126 2128 2012
3 2474 2358 2356
3 2356 2472 2474
3 2130 2014 2012
3 2012 2128 2130
3 2250 2252 2136
3 2136 2134 2250
3 1784 1782 1898
3 1898 1900 1784
3 1550 1436 1434
3 1552 1436 1550
3 2818 2820 2704
3 2704 2702 2818
3 2704 2820 2822
3 2822 2706 2704
3 1776 1778 1662
3 1662 1660 1776
3 1662 1544 1660
3 1546 1544 1662
3 1432 1430 1546
3 1546 1548 1432
3 1550 1434 1432
3 1432 1548 1550
3 1312 1314 1198
3 1196 1312 1198
3 640 758 642
3 640 756 758
3 640 526 524
3 642 526 640
3 408 406 522
3 522 524 408
3 640 524 522
3 522 638 640
3 400 398 514
3 514 516 400
3 514 398 396
3 396 512 514
3 1448 1564 1566
3 1448 1566 1450
3 1450 1334 1332
3 1448 1450 1332
3 386 384 502
3 502 384 500
3 388 386 502
3 502 504 388
3 504 506 388
3 388 506 390
3 620 618 734
3 734 736 620
3 620 504 502
3 502 618 620
3 396 394 510
3 510 512 396
3 510 394 392
3 392 508 510
3 390 506 392
3 392 506 508
3 846 962 848
3 848 962 964
3 616 500 498
3 498 614 616
3 502 500 616
3 616 618 502
3 1084 1200 1202
3 1202 1086 1084
3 1084 1086 970
3 1084 970 968
3 848 964 850
3 964 966 850
3 2724 2608 2606
3 2722 2724 2606
3 2606 2490 2488
3 2488 2604 2606
3 2604 2720 2606
3 2606 2720 2722
3 2838 2840 2724
3 2838 2724 2722
3 2722 2720 2838
3 2838 2720 2836
3 1590 1588 1706
3 1588 1704 1706
3 1706 1650 1590
3 1768 1650 1706
3 540 538 656
3 656 538 654
3 772 774 656
3 774 658 656
3 656 542 540
3 656 658 542
3 884 886 770
3 770 768 884
3 654 652 770
3 652 768 770
3 770 888 772
3 886 888 770
3 656 654 770
3 770 772 656
3 954 838 778
3 778 894 954
3 892 894 778
3 776 892 778
3 778 838 724
3 724 662 778
3 778 660 776
3 778 662 660
3 994 1110 996
3 996 1110 1112
3 996 998 882
3 996 882 880
3 1226 1110 1108
3 1108 1224 1226
3 1108 1106 1222
3 1222 1224 1108
3 878 994 996
3 996 880 878
3 764 648 646
3 764 646 762
3 878 880 764
3 764 762 878
3 764 766 650
3 650 648 764
3 882 766 764
3 880 882 764
3 1700 1584 1582
3 1582 1698 1700
3 1582 1584 1468
3 1582 1468 1466
3 1576 1574 1690
3 1690 1692 1576
3 1350 1234 1232
3 1232 1348 1350
3 1236 1234 1350
3 1350 1352 1236
3 1468 1352 1350
3 1466 1468 1350
3 1350 1348 1464
3 1464 1466 1350
3 1464 1346 1462
3 1348 1346 1464
3 420 418 534
3 534 536 420
3 652 536 534
3 650 652 534
3 534 418 416
3 416 532 534
3 532 648 534
3 534 648 650
3 996 1112 1114
3 1114 998 996
3 1114 1116 1000
3 1000 998 1114
3 2866 2926 2810
3 2750 2866 2810
3 2810 2694 2634
3 2634 2750 2810
3 2634 2748 2750
3 2632 2748 2634
3 2694 2580 2634
3 2580 2518 2634
3 2634 2516 2632
3 2634 2518 2516
3 2856 2858 2742
3 2740 2856 2742
3 2626 2624 2742
3 2742 2624 2740
3 2858 2860 2742
3 2742 2860 2744
3 2742 2628 2626
3 2744 2628 2742
3 2842 2844 2728
3 2728 2726 2842
3 2844 2846 2728
3 2728 2846 2730
3 2494 2496 2380
3 2380 2378 2494
3 2502 2618 2620
3 2620 2504 2502
3 2502 2504 2388
3 2388 2386 2502
3 2048 2050 1932
3 1932 2050 1934
3 1818 1704 1702
3 1818 1820 1704
3 1934 1936 1818
3 1936 1820 1818
3 1702 1700 1818
3 1818 1700 1816
3 1932 1934 1818
3 1818 1816 1932
3 2272 2386 2388
3 2272 2270 2386
3 2388 2390 2272
3 2272 2390 2274
3 2152 2268 2154
3 2268 2270 2154
3 2158 2274 2276
3 2158 2276 2160
3 1454 1570 1572
3 1456 1454 1572
3 1572 1686 1688
3 1572 1570 1686
3 1458 1456 1572
3 1572 1574 1458
3 1690 1574 1572
3 1688 1690 1572
3 2348 2286 2402
3 2462 2348 2402
3 2402 2286 2284
3 2402 2284 2400
3 2402 2580 2462
3 2402 2518 2580
3 2400 2516 2402
3 2516 2518 2402
3 1914 1916 1800
3 1800 1798 1914
3 1800 1682 1798
3 1684 1682 1800
3 1800 1916 1918
3 1918 1802 1800
3 1800 1802 1686
3 1800 1686 1684
3 1796 1680 1794
3 1794 1680 1678
3 1794 1912 1796
3 1910 1912 1794
3 1794 1678 1676
3 1676 1792 1794
3 1792 1908 1794
3 1794 1908 1910
3 2262 2146 2144
3 2262 2144 2260
3 2260 2376 2262
3 2376 2378 2262
3 2262 2148 2146
3 2264 2148 2262
3 2262 2378 2380
3 2380 2264 2262
3 2608 2610 2492
3 2492 2610 2494
3 2494 2378 2492
3 2492 2378 2376
3 2606 2608 2492
3 2492 2490 2606
3 2374 2490 2492
3 2376 2374 2492
3 1792 1790 1906
3 1906 1908 1792
3 1906 1790 1788
3 1906 1788 1904
3 1904 2020 1906
3 1906 2020 2022
3 2024 2026 1910
3 1910 1908 2024
3 2024 1908 1906
3 1906 2022 2024
3 2250 2134 2132
3 2132 2248 2250
3 2132 2134 2018
3 2132 2018 2016
3 2016 2014 2132
3 2132 2014 2130
3 2236 2118 2347
3 2120 2118 2236
3 2236 2347 2463
3 2236 2463 2352
3 2008 2006 2122
3 2122 2124 2008
3 2122 2240 2124
3 2238 2240 2122
3 2004 2120 2122
3 2122 2006 2004
3 2122 2120 2236
3 2236 2238 2122
3 2352 2468 2354
3 2354 2468 2470
3 2236 2352 2354
3 2354 2238 2236
3 2354 2472 2356
3 2470 2472 2354
3 2354 2240 2238
3 2356 2240 2354
3 2356 2358 2242
3 2242 2240 2356
3 2126 2124 2242
3 2124 2240 2242
3 2360 2244 2242
3 2242 2358 2360
3 2242 2128 2126
3 2242 2244 2128
3 2130 2128 2246
3 2128 2244 2246
3 2246 2248 2132
3 2132 2130 2246
3 2366 2252 2250
3 2366 2368 2252
3 1786 1902 1904
3 1904 1788 1786
3 1900 1902 1786
3 1784 1900 1786
3 1666 1782 1784
3 1784 1668 1666
3 1666 1552 1550
3 1668 1552 1666
3 2474 2472 2588
3 2588 2590 2474
3 2704 2706 2588
3 2706 2590 2588
3 2588 2470 2586
3 2588 2472 2470
3 2586 2702 2588
3 2588 2702 2704
3 2828 2830 2712
3 2830 2714 2712
3 2826 2828 2712
3 2712 2710 2826
3 2822 2824 2708
3 2708 2706 2822
3 2708 2824 2826
3 2826 2710 2708
3 1664 1546 1662
3 1664 1548 1546
3 1664 1778 1780
3 1662 1778 1664
3 1550 1548 1664
3 1666 1550 1664
3 1780 1782 1664
3 1664 1782 1666
3 1202 1200 1316
3 1316 1318 1202
3 1432 1434 1316
3 1434 1318 1316
3 1198 1314 1316
3 1316 1200 1198
3 1316 1314 1430
3 1316 1430 1432
3 872 988 990
3 872 990 874
3 758 756 872
3 874 758 872
3 754 756 640
3 640 638 754
3 872 756 754
3 754 870 872
3 754 638 752
3 638 636 752
3 752 870 754
3 752 868 870
3 406 404 520
3 522 406 520
3 520 638 522
3 520 636 638
3 520 404 402
3 402 518 520
3 402 516 518
3 400 516 402
3 752 636 634
3 634 750 752
3 634 636 520
3 520 518 634
3 1562 1564 1446
3 1446 1564 1448
3 1446 1448 1332
3 1332 1330 1446
3 1328 1330 1212
3 1330 1214 1212
3 1438 1436 1552
3 1552 1554 1438
3 622 506 504
3 622 504 620
3 620 736 622
3 622 736 738
3 508 506 622
3 624 508 622
3 622 738 740
3 740 624 622
3 626 624 740
3 740 742 626
3 510 508 626
3 626 508 624
3 732 848 850
3 850 734 732
3 734 618 732
3 732 618 616
3 732 730 846
3 732 846 848
3 732 614 730
3 616 614 732
3 1084 968 1082
3 968 966 1082
3 1082 1200 1084
3 1198 1200 1082
3 964 1080 1082
3 1082 966 964
3 1082 1080 1196
3 1082 1196 1198
3 852 736 734
3 852 734 850
3 850 966 852
3 852 966 968
3 738 736 852
3 852 854 738
3 968 970 852
3 970 854 852
3 2476 2358 2474
3 2360 2358 2476
3 2486 2604 2488
3 2602 2604 2486
3 2718 2834 2836
3 2836 2720 2718
3 2718 2720 2604
3 2718 2604 2602
3 2832 2834 2718
3 2716 2832 2718
3 1706 1704 1822
3 1704 1820 1822
3 1822 1882 1768
3 1822 1768 1706
3 1822 1936 1938
3 1822 1820 1936
3 1822 2000 1882
3 1938 2000 1822
3 876 760 758
3 876 758 874
3 762 760 876
3 878 762 876
3 1462 1346 1460
3 1460 1346 1344
3 1344 1342 1460
3 1460 1342 1458
3 1460 1574 1576
3 1458 1574 1460
3 1230 1228 1344
3 1344 1346 1230
3 1230 1112 1228
3 1114 1112 1230
3 1230 1348 1232
3 1230 1346 1348
3 1232 1116 1230
3 1230 1116 1114
3 1216 1330 1332
3 1216 1214 1330
3 1098 1214 1216
3 1216 1100 1098
3 2612 2496 2494
3 2494 2610 2612
3 2612 2610 2726
3 2612 2726 2728
3 2730 2614 2612
3 2728 2730 2612
3 2266 2268 2152
3 2266 2152 2150
3 2150 2148 2266
3 2266 2148 2264
3 2150 2152 2036
3 2036 2034 2150
3 2272 2274 2156
3 2156 2274 2158
3 2156 2270 2272
3 2154 2270 2156
3 2160 2044 2042
3 2158 2160 2042
3 2156 2158 2042
3 2042 2040 2156
3 1578 1462 1460
3 1460 1576 1578
3 1576 1692 1578
3 1578 1692 1694
3 1930 2046 2048
3 1930 2048 1932
3 2044 2046 1930
3 1928 2044 1930
3 2256 2258 2140
3 2258 2142 2140
3 2140 2142 2026
3 2140 2026 2024
3 2138 2254 2140
3 2140 2254 2256
3 2022 2138 2140
3 2024 2022 2140
3 2362 2360 2476
3 2476 2478 2362
3 2362 2244 2360
3 2246 2244 2362
3 1670 1552 1668
3 1670 1554 1552
3 1670 1784 1786
3 1670 1668 1784
3 1672 1556 1670
3 1556 1554 1670
3 1670 1788 1672
3 1786 1788 1670
3 2596 2710 2712
3 2596 2594 2710
3 2712 2714 2596
3 2596 2714 2598
3 632 750 634
3 632 748 750
3 518 516 632
3 634 518 632
3 632 516 514
3 632 514 630
3 746 862 864
3 864 748 746
3 746 748 632
3 632 630 746
3 1560 1562 1444
3 1444 1562 1446
3 1446 1330 1444
3 1444 1330 1328
3 1444 1558 1560
3 1442 1558 1444
3 1212 1214 1096
3 1096 1214 1098
3 866 868 752
3 752 750 866
3 750 748 866
3 866 748 864
3 740 738 856
3 738 854 856
3 856 854 970
3 856 970 972
3 970 1086 1088
3 972 970 1088
3 1088 1086 1202
3 1088 1202 1204
3 1434 1436 1320
3 1320 1318 1434
3 1202 1318 1320
3 1204 1202 1320
3 2708 2710 2592
3 2710 2594 2592
3 2592 2478 2476
3 2592 2594 2478
3 2592 2590 2706
3 2592 2706 2708
3 2474 2590 2592
3 2476 2474 2592
3 2370 2372 2256
3 2256 2254 2370
3 2488 2372 2370
3 2486 2488 2370
3 2370 2254 2252
3 2252 2368 2370
3 990 1106 992
3 992 1106 1108
3 874 990 992
3 876 874 992
3 992 1110 994
3 1108 1110 992
3 992 994 878
3 992 878 876
3 986 988 872
3 872 870 986
3 1104 988 986
3 1102 1104 986
3 1332 1334 1218
3 1216 1332 1218
3 1218 1100 1216
3 1102 1100 1218
3 1218 1334 1336
3 1336 1220 1218
3 1218 1220 1104
3 1218 1104 1102
3 2382 2264 2380
3 2266 2264 2382
3 1920 1804 1802
3 1920 1802 1918
3 1918 2034 1920
3 1920 2034 2036
3 1582 1466 1580
3 1580 1466 1464
3 1464 1462 1580
3 1580 1462 1578
3 1700 1698 1814
3 1816 1700 1814
3 1932 1816 1814
3 1930 1932 1814
3 1814 1928 1930
3 1814 1812 1928
3 2250 2248 2364
3 2366 2250 2364
3 2364 2248 2246
3 2364 2246 2362
3 2484 2486 2370
3 2370 2368 2484
3 2484 2368 2366
3 2484 2366 2482
3 744 862 746
3 860 862 744
3 1096 1098 982
3 982 980 1096
3 866 864 982
3 864 980 982
3 974 972 1088
3 1088 1090 974
3 974 1090 976
3 976 1090 1092
3 1556 1558 1440
3 1440 1558 1442
3 1438 1554 1440
3 1440 1554 1556
3 1210 1212 1096
3 1096 1094 1210
3 1322 1436 1438
3 1320 1436 1322
3 1322 1438 1440
3 1440 1324 1322
3 2616 2618 2500
3 2500 2618 2502
3 2042 2044 1926
3 1926 2044 1928
3 1928 1812 1926
3 1926 1812 1810
3 1926 2040 2042
3 1924 2040 1926
3 1814 1698 1696
3 1696 1812 1814
3 1696 1698 1582
3 1696 1582 1580
3 1810 1812 1696
3 1696 1694 1810
3 1578 1694 1696
3 1580 1578 1696
3 2480 2594 2596
3 2478 2594 2480
3 2362 2478 2480
3 2364 2362 2480
3 2596 2598 2480
3 2480 2598 2482
3 2480 2366 2364
3 2482 2366 2480
3 2600 2714 2716
3 2598 2714 2600
3 2484 2482 2600
3 2482 2598 2600
3 2718 2602 2600
3 2600 2716 2718
3 2600 2602 2486
3 2600 2486 2484
3 514 512 628
3 630 514 628
3 746 630 628
3 744 746 628
3 628 512 510
3 628 510 626
3 626 742 628
3 628 742 744
3 984 868 866
3 984 866 982
3 1098 1100 984
3 982 1098 984
3 870 868 984
3 986 870 984
3 984 1102 986
3 984 1100 1102
3 858 742 740
3 858 740 856
3 856 972 858
3 858 972 974
3 858 860 744
3 744 742 858
3 858 974 976
3 976 860 858
3 976 1092 978
3 1092 1094 978
3 978 862 860
3 978 860 976
3 1096 980 978
3 978 1094 1096
3 864 862 978
3 978 980 864
3 1210 1094 1208
3 1208 1094 1092
3 1326 1442 1444
3 1444 1328 1326
3 1326 1328 1212
3 1326 1212 1210
3 1440 1442 1326
3 1326 1324 1440
3 1326 1210 1208
3 1208 1324 1326
3 2498 2614 2616
3 2498 2616 2500
3 2498 2496 2612
3 2612 2614 2498
3 2380 2496 2498
3 2382 2380 2498
3 2384 2270 2268
3 2386 2270 2384
3 2502 2386 2384
3 2500 2502 2384
3 2384 2268 2266
3 2384 2266 2382
3 2498 2500 2384
3 2384 2382 2498
3 2038 2154 2156
3 2156 2040 2038
3 1924 1922 2038
3 2038 2040 1924
3 2038 2152 2154
3 2036 2152 2038
3 1920 2036 2038
3 1922 1920 2038
3 1688 1804 1806
3 1806 1690 1688
3 1806 1804 1920
3 1806 1920 1922
3 1694 1692 1808
3 1810 1694 1808
3 1926 1810 1808
3 1808 1924 1926
3 1808 1692 1690
3 1808 1690 1806
3 1808 1922 1924
3 1806 1922 1808
3 1092 1090 1206
3 1208 1092 1206
3 1322 1324 1206
3 1206 1324 1208
3 1088 1204 1206
3 1206 1090 1088
3 1206 1204 1320
3 1206 1320 1322
